source_file,page_num,text,avg_font_size,is_bold,is_upper,text_length,label
A2013-18.pdf,1,"THE COMPANIES ACT, 2013",12.0,0,1,23,HEADING
A2013-18.pdf,1,__________________,9.96,0,0,18,BODY
A2013-18.pdf,1,ARRANGEMENT OF SECTIONS,12.0,0,1,23,HEADING
A2013-18.pdf,1,___________,9.96,0,0,11,BODY
A2013-18.pdf,1,CHAPTER I,11.04,0,1,9,CHAPTER
A2013-18.pdf,1,P RELIMINARY,10.02,0,1,12,HEADING
A2013-18.pdf,1,S,11.04,0,1,1,HEADING
A2013-18.pdf,1,ECTIONS,9.0,0,1,7,HEADING
A2013-18.pdf,1,"1. Short title, extent, commencement and application.",11.04,0,0,53,SECTION
A2013-18.pdf,1,2. Definitions.,11.04,0,0,15,SECTION
A2013-18.pdf,1,CHAPTER II,11.04,0,1,10,CHAPTER
A2013-18.pdf,1,I,11.04,0,1,1,HEADING
A2013-18.pdf,1,NCORPORATION OF COMPANY AND MATTERS INCIDENTAL THERETO,9.0,0,1,54,SECTION
A2013-18.pdf,1,3. Formation of company.,11.04,0,0,24,SECTION
A2013-18.pdf,1,3A. Members severally liable in certain cases.,11.04,0,0,46,SECTION
A2013-18.pdf,1,4. Memorandum.,11.04,0,0,14,SECTION
A2013-18.pdf,1,5. Articles.,11.04,0,0,12,SECTION
A2013-18.pdf,1,"6. Act to override memorandum, articles, etc.",11.04,0,0,45,SECTION
A2013-18.pdf,1,7. Incorporation of company.,11.04,0,0,28,SECTION
A2013-18.pdf,1,"8. Formation of companies with charitable objects, etc.",11.04,0,0,55,SECTION
A2013-18.pdf,1,9. Effect of registration.,11.04,0,0,26,SECTION
A2013-18.pdf,1,10. Effect of memorandum and articles.,11.04,0,0,38,SECTION
A2013-18.pdf,1,"10A. Commencement of business, etc.",11.04,0,0,35,SECTION
A2013-18.pdf,1,11. [ Omitted. ].,11.04,0,0,17,SECTION
A2013-18.pdf,1,12. Registered office of company.,11.04,0,0,33,SECTION
A2013-18.pdf,1,13. Alteration of memorandum.,11.04,0,0,29,SECTION
A2013-18.pdf,1,14. Alteration of articles.,11.04,0,0,27,SECTION
A2013-18.pdf,1,15. Alteration of memorandum or articles to be noted in every copy.,11.04,0,0,67,SECTION
A2013-18.pdf,1,16. Rectification of name of company.,11.04,0,0,37,SECTION
A2013-18.pdf,1,"17. Copies of memorandum, articles, etc., to be given to members.",11.04,0,0,65,SECTION
A2013-18.pdf,1,18. Conversion of companies already registered.,11.04,0,0,47,SECTION
A2013-18.pdf,1,19. Subsidiary company not to hold shares in its holding company.,11.04,0,0,65,SECTION
A2013-18.pdf,1,20. Service of documents.,11.04,0,0,25,SECTION
A2013-18.pdf,1,"21. Authentication of documents, proceedings and contracts.",11.04,0,0,59,SECTION
A2013-18.pdf,1,"22. Execution of bills of exchange, etc.",11.04,0,0,40,SECTION
A2013-18.pdf,1,CHAPTER III,11.04,0,1,11,CHAPTER
A2013-18.pdf,1,P,11.04,0,1,1,HEADING
A2013-18.pdf,1,ROSPECTUS AND ALLOTMENT OF SECURITIES,9.0,0,1,37,HEADING
A2013-18.pdf,1,P I.— Public offer,11.04,0,0,18,BODY
A2013-18.pdf,1,ART,9.0,0,1,3,HEADING
A2013-18.pdf,1,23. Public offer and private placement.,11.04,0,0,39,SECTION
A2013-18.pdf,1,"24. Power of Securities and Exchange Board to regulate issue and transfer of securities, etc.",11.04,0,0,93,BODY
A2013-18.pdf,1,25. Document containing offer of securities for sale to be deemed prospectus.,11.04,0,0,77,SECTION
A2013-18.pdf,1,26. Matters to be stated in prospectus.,11.04,0,0,39,SECTION
A2013-18.pdf,1,27. Variation in terms of contract or objects in prospectus.,11.04,0,0,60,SECTION
A2013-18.pdf,1,28. Offer of sale of shares by certain members of company.,11.04,0,0,58,SECTION
A2013-18.pdf,1,29. Public offer of securities to be in dematerialised form.,11.04,0,0,60,SECTION
A2013-18.pdf,1,30. Advertisement of prospectus.,11.04,0,0,32,SECTION
A2013-18.pdf,1,31. Shelf prospectus.,11.04,0,0,21,SECTION
A2013-18.pdf,1,32. Red herring prospectus.,11.04,0,0,27,SECTION
A2013-18.pdf,1,33. Issue of application forms for securities.,11.04,0,0,46,SECTION
A2013-18.pdf,1,34. Criminal liability for mis-statements in prospectus.,11.04,0,0,56,SECTION
A2013-18.pdf,1,35. Civil liability for mis-statements in prospectus.,11.04,0,0,53,SECTION
A2013-18.pdf,1,1,9.96,0,0,1,BODY
A2013-18.pdf,2,S ECTIONS,10.02,0,1,9,HEADING
A2013-18.pdf,2,36. Punishment for fraudulently inducing persons to invest money.,11.04,0,0,65,SECTION
A2013-18.pdf,2,37. Action by affected persons.,11.04,0,0,31,SECTION
A2013-18.pdf,2,"38. Punishment for personation for acquisition, etc., of securities.",11.04,0,0,68,SECTION
A2013-18.pdf,2,39. Allotment of securities by company.,11.04,0,0,39,SECTION
A2013-18.pdf,2,40. Securities to be dealt with in stock exchanges.,11.04,0,0,51,SECTION
A2013-18.pdf,2,41. Global depository receipt.,11.04,0,0,30,SECTION
A2013-18.pdf,2,P ART II.— Private placement,10.63,0,0,28,BODY
A2013-18.pdf,2,42. Issue of shares on private placement basis.,11.04,0,0,47,SECTION
A2013-18.pdf,2,CHAPTER IV,11.04,0,1,10,CHAPTER
A2013-18.pdf,2,S,11.04,0,1,1,HEADING
A2013-18.pdf,2,HARE CAPITAL AND DEBENTURES,9.0,0,1,27,HEADING
A2013-18.pdf,2,43. Kinds of share capital.,11.04,0,0,27,SECTION
A2013-18.pdf,2,44. Nature of shares or debentures.,11.04,0,0,35,SECTION
A2013-18.pdf,2,45. Numbering of shares.,11.04,0,0,24,SECTION
A2013-18.pdf,2,46. Certificate of shares.,11.04,0,0,26,SECTION
A2013-18.pdf,2,47. Voting rights.,11.04,0,0,18,SECTION
A2013-18.pdf,2,48. Variation of shareholders’ rights.,11.04,0,0,38,SECTION
A2013-18.pdf,2,49. Calls on shares of same class to be made on uniform basis.,11.04,0,0,62,SECTION
A2013-18.pdf,2,"50. Company to accept unpaid share capital, although not called up.",11.04,0,0,67,SECTION
A2013-18.pdf,2,51. Payment of dividend in proportion to amount paid-up.,11.04,0,0,56,SECTION
A2013-18.pdf,2,52. Application of premiums received on issue of shares.,11.04,0,0,56,SECTION
A2013-18.pdf,2,53. Prohibition on issue of shares at discount.,11.04,0,0,47,SECTION
A2013-18.pdf,2,54. Issues of sweat equity shares.,11.04,0,0,34,SECTION
A2013-18.pdf,2,55. Issue and redemption of preference shares.,11.04,0,0,46,SECTION
A2013-18.pdf,2,56. Transfer and transmission of securities.,11.04,0,0,44,SECTION
A2013-18.pdf,2,57. Punishment for personation of shareholder.,11.04,0,0,46,SECTION
A2013-18.pdf,2,58. Refusal of registration and appeal against refusal.,11.04,0,0,55,SECTION
A2013-18.pdf,2,59. Rectification of register of members.,11.04,0,0,41,SECTION
A2013-18.pdf,2,"60. Publication of authorised, subscribed and paid-up capital.",11.04,0,0,62,SECTION
A2013-18.pdf,2,61. Power of limited company to alter its share capital.,11.04,0,0,56,SECTION
A2013-18.pdf,2,62. Further issue of share capital.,11.04,0,0,35,SECTION
A2013-18.pdf,2,63. Issue of bonus shares.,11.04,0,0,26,SECTION
A2013-18.pdf,2,64. Notice to be given to Registrar for alteration of share capital.,11.04,0,0,68,SECTION
A2013-18.pdf,2,65. Unlimited company to provide for reserve share capital on conversion into limited company.,11.04,0,0,94,BODY
A2013-18.pdf,2,66. Reduction of share capital.,11.04,0,0,31,SECTION
A2013-18.pdf,2,67. Restrictions on purchase by company or giving of loans by it for purchase of its shares.,11.04,0,0,92,BODY
A2013-18.pdf,2,68. Power of company to purchase its own securities.,11.04,0,0,52,SECTION
A2013-18.pdf,2,69. Transfer of certain sums to capital redemption reserve account.,11.04,0,0,67,SECTION
A2013-18.pdf,2,70. Prohibition for buy-back in certain circumstances.,11.04,0,0,54,SECTION
A2013-18.pdf,2,71. Debentures.,11.04,0,0,15,SECTION
A2013-18.pdf,2,72. Power to nominate.,11.04,0,0,22,SECTION
A2013-18.pdf,2,CHAPTERV,11.04,0,1,8,HEADING
A2013-18.pdf,2,A,11.04,0,1,1,HEADING
A2013-18.pdf,2,CCEPTANCE OF DEPOSITS BY COMPANIES,9.0,0,1,34,HEADING
A2013-18.pdf,2,73. Prohibition on acceptance of deposits from public.,11.04,0,0,54,SECTION
A2013-18.pdf,2,"74. Repayment of deposits, etc., accepted before commencement of this Act.",11.04,0,0,74,SECTION
A2013-18.pdf,2,75. Damages for fraud.,11.04,0,0,22,SECTION
A2013-18.pdf,2,2,9.96,0,0,1,BODY
A2013-18.pdf,3,S,11.04,0,1,1,HEADING
A2013-18.pdf,3,ECTIONS,9.0,0,1,7,HEADING
A2013-18.pdf,3,76. Acceptance of deposits from public by certain companies.,11.04,0,0,60,SECTION
A2013-18.pdf,3,76A. Punishment for contravention of section 73 or section 76.,11.04,0,0,62,SECTION
A2013-18.pdf,3,CHAPTER VI,11.04,0,1,10,CHAPTER
A2013-18.pdf,3,R EGISTRATION OF CHARGES,9.51,0,1,24,HEADING
A2013-18.pdf,3,"77. Duty to register charges, etc.",11.04,0,0,34,SECTION
A2013-18.pdf,3,78. Application for registration of charge.,11.04,0,0,43,SECTION
A2013-18.pdf,3,79. Section 77 to apply in certain matters.,11.04,0,0,43,SECTION
A2013-18.pdf,3,80. Date of notice of charge.,11.04,0,0,29,SECTION
A2013-18.pdf,3,81. Register of charges to be kept by Registrar.,11.04,0,0,48,SECTION
A2013-18.pdf,3,82. Company to report satisfaction of charge.,11.04,0,0,45,SECTION
A2013-18.pdf,3,83. Power of Registrar to make entries of satisfaction and release in absence of intimation from,11.04,0,0,96,BODY
A2013-18.pdf,3,company.,11.04,0,0,8,BODY
A2013-18.pdf,3,84. Intimation of appointment of receiver or manager.,11.04,0,0,53,SECTION
A2013-18.pdf,3,85. Company’s register of charges.,11.04,0,0,34,SECTION
A2013-18.pdf,3,86. Punishment for contravention.,11.04,0,0,33,SECTION
A2013-18.pdf,3,87. Rectification by Central Government in Register of charges.,11.04,0,0,63,SECTION
A2013-18.pdf,3,CHAPTER VII,11.04,0,1,11,CHAPTER
A2013-18.pdf,3,M,11.04,0,1,1,HEADING
A2013-18.pdf,3,ANAGEMENT AND ADMINISTRATION,9.0,0,1,28,HEADING
A2013-18.pdf,3,"88. Register of members, etc.",11.04,0,0,29,SECTION
A2013-18.pdf,3,89. Declaration in respect of beneficial interest in any share.,11.04,0,0,63,SECTION
A2013-18.pdf,3,90. Register of significant beneficial owners in a Company.,11.04,0,0,59,SECTION
A2013-18.pdf,3,91. Power to close register of members or debenture holders or other security holders.,11.04,0,0,86,BODY
A2013-18.pdf,3,92. Annual return.,11.04,0,0,18,SECTION
A2013-18.pdf,3,93. [ Omitted .].,11.04,0,0,17,SECTION
A2013-18.pdf,3,"94. Place of keeping and inspection of registers, returns, etc.",11.04,0,0,63,SECTION
A2013-18.pdf,3,"95. Registers, etc., to be evidence.",11.04,0,0,36,SECTION
A2013-18.pdf,3,96. Annual general meeting.,11.04,0,0,27,SECTION
A2013-18.pdf,3,97. Power of Tribunal to call annual general meeting.,11.04,0,0,53,SECTION
A2013-18.pdf,3,"98. Power of Tribunal to call meetings of members, etc.",11.04,0,0,55,SECTION
A2013-18.pdf,3,99. Punishment for default in complying with provisions of sections 96 to 98.,11.04,0,0,77,SECTION
A2013-18.pdf,3,100. Calling of extraordinary general meeting.,11.04,0,0,46,SECTION
A2013-18.pdf,3,101. Notice of meeting.,11.04,0,0,23,SECTION
A2013-18.pdf,3,102. Statement to be annexed to notice.,11.04,0,0,39,SECTION
A2013-18.pdf,3,103. Quorum for meetings.,11.04,0,0,25,SECTION
A2013-18.pdf,3,104. Chairman of meetings.,11.04,0,0,26,SECTION
A2013-18.pdf,3,105. Proxies.,11.04,0,0,13,SECTION
A2013-18.pdf,3,106. Restriction on voting rights.,11.04,0,0,34,SECTION
A2013-18.pdf,3,107. Voting by show of hands.,11.04,0,0,29,SECTION
A2013-18.pdf,3,108. Voting through electronic means.,11.04,0,0,37,SECTION
A2013-18.pdf,3,109. Demand for poll.,11.04,0,0,21,SECTION
A2013-18.pdf,3,110. Postal ballot.,11.04,0,0,19,SECTION
A2013-18.pdf,3,111. Circulation of members’ resolution.,11.04,0,0,40,SECTION
A2013-18.pdf,3,112. Representation of President and Governors in meetings.,11.04,0,0,59,SECTION
A2013-18.pdf,3,113. Representation of corporations at meeting of companies and of creditors.,11.04,0,0,77,SECTION
A2013-18.pdf,3,114. Ordinary and special resolutions.,11.04,0,0,38,SECTION
A2013-18.pdf,3,115. Resolutions requiring special notice.,11.04,0,0,42,SECTION
A2013-18.pdf,3,116. Resolutions passed at adjourned meeting.,11.04,0,0,45,SECTION
A2013-18.pdf,3,117. Resolutions and agreements to be filed.,11.04,0,0,44,SECTION
A2013-18.pdf,3,3,9.96,0,0,1,BODY
A2013-18.pdf,4,S ECTIONS,10.5,0,1,9,HEADING
A2013-18.pdf,4,"118. Minutes of proceedings of general meeting, meeting of Board of Directors and other meeting and",11.04,0,0,99,BODY
A2013-18.pdf,4,resolutions passed by postal ballot.,11.04,0,0,36,BODY
A2013-18.pdf,4,119. Inspection of minute-books of general meeting.,11.04,0,0,51,SECTION
A2013-18.pdf,4,120. Maintenance and inspection of documents in electronic form.,11.04,0,0,64,SECTION
A2013-18.pdf,4,121. Report on annual general meeting.,11.04,0,0,38,SECTION
A2013-18.pdf,4,122. Applicability of this Chapter to One Person Company.,11.04,0,0,57,SECTION
A2013-18.pdf,4,CHAPTER VIII,11.04,0,1,12,CHAPTER
A2013-18.pdf,4,D ECLARATION AND PAYMENT OF DIVIDEND,9.34,0,1,36,HEADING
A2013-18.pdf,4,123. Declaration of dividend.,11.04,0,0,29,SECTION
A2013-18.pdf,4,124. Unpaid Dividend Account.,11.04,0,0,29,SECTION
A2013-18.pdf,4,125. Investor Education and Protection Fund.,11.04,0,0,44,SECTION
A2013-18.pdf,4,"126. Right to dividend, rights shares and bonus shares to be held in abeyance pending registration of",11.04,0,0,101,BODY
A2013-18.pdf,4,transfer of shares.,11.04,0,0,19,BODY
A2013-18.pdf,4,127. Punishment for failure to distribute dividends.,11.04,0,0,52,SECTION
A2013-18.pdf,4,CHAPTER IX,11.04,0,1,10,CHAPTER
A2013-18.pdf,4,A CCOUNTS OF COMPANIES,9.51,0,1,22,HEADING
A2013-18.pdf,4,"128. Books of account, etc., to be kept by company.",11.04,0,0,51,SECTION
A2013-18.pdf,4,129. Financial statement.,11.04,0,0,25,SECTION
A2013-18.pdf,4,129A. Periodical financial results.,11.04,0,0,35,SECTION
A2013-18.pdf,4,130. Re-opening of accounts on court’s or Tribunal’s orders.,11.04,0,0,60,SECTION
A2013-18.pdf,4,131. Voluntary revision of financial statements or Board’s report.,11.04,0,0,66,SECTION
A2013-18.pdf,4,132. Constitution of National Financial Reporting Authority.,11.04,0,0,60,SECTION
A2013-18.pdf,4,133. Central Government to prescribe accounting standards,11.04,0,0,57,SECTION
A2013-18.pdf,4,"134. Financial statement, Board’s report, etc.",11.04,0,0,46,SECTION
A2013-18.pdf,4,135. Corporate Social Responsibility.,11.04,0,0,37,SECTION
A2013-18.pdf,4,136. Right of member to copies of audited financial statement.,11.04,0,0,62,SECTION
A2013-18.pdf,4,137. Copy of financial statement to be filed with Registrar.,11.04,0,0,60,SECTION
A2013-18.pdf,4,138. Internal Audit.,11.04,0,0,20,SECTION
A2013-18.pdf,4,CHAPTER X,11.04,0,1,9,CHAPTER
A2013-18.pdf,4,A,11.04,0,1,1,HEADING
A2013-18.pdf,4,UDIT AND AUDITORS,9.0,0,1,17,HEADING
A2013-18.pdf,4,139. Appointment of auditors.,11.04,0,0,29,SECTION
A2013-18.pdf,4,"140. Removal, resignation of auditor and giving of special notice.",11.04,0,0,66,SECTION
A2013-18.pdf,4,"141. Eligibility, qualifications and disqualifications of auditors.",11.04,0,0,67,SECTION
A2013-18.pdf,4,142. Remuneration of auditors.,11.04,0,0,30,SECTION
A2013-18.pdf,4,143. Powers and duties of auditors and auditing standards.,11.04,0,0,58,SECTION
A2013-18.pdf,4,144. Auditor not to render certain services.,11.04,0,0,44,SECTION
A2013-18.pdf,4,"145. Auditor to sign audit reports, etc.",11.04,0,0,40,SECTION
A2013-18.pdf,4,146. Auditors to attend general meeting.,11.04,0,0,40,SECTION
A2013-18.pdf,4,147. Punishment for contravention.,11.04,0,0,34,SECTION
A2013-18.pdf,4,148. Central Government to specify audit of items of cost in respect of certain companies.,11.04,0,0,90,BODY
A2013-18.pdf,4,CHAPTER XI,11.04,0,1,10,CHAPTER
A2013-18.pdf,4,A PPOINTMENT AND QUALIFICATIONS OF DIRECTORS,9.34,0,1,44,SECTION
A2013-18.pdf,4,149. Company to have Board of Directors.,11.04,0,0,40,SECTION
A2013-18.pdf,4,4,9.96,0,0,1,BODY
A2013-18.pdf,5,S ECTIONS,10.02,0,1,9,HEADING
A2013-18.pdf,5,150. Manner of selection of independent directors and maintenance of data bank of independent,11.04,0,0,93,BODY
A2013-18.pdf,5,directors.,11.04,0,0,10,BODY
A2013-18.pdf,5,151. Appointment of director elected by small shareholders.,11.04,0,0,59,SECTION
A2013-18.pdf,5,152. Appointment of directors.,11.04,0,0,30,SECTION
A2013-18.pdf,5,153. Application for allotment of Director Identification Number.,11.04,0,0,65,SECTION
A2013-18.pdf,5,154. Allotment of Director Identification Number.,11.04,0,0,49,SECTION
A2013-18.pdf,5,155. Prohibition to obtain more than one Director Identification Number.,11.04,0,0,72,SECTION
A2013-18.pdf,5,156. Director to intimate Director Identification Number.,11.04,0,0,57,SECTION
A2013-18.pdf,5,157. Company to inform Director Identification Number to Registrar.,11.04,0,0,67,SECTION
A2013-18.pdf,5,158. Obligation to indicate Director Identification Number.,11.04,0,0,59,SECTION
A2013-18.pdf,5,159. Penalty for default of certain provisions.,11.04,0,0,47,SECTION
A2013-18.pdf,5,160. Right of persons other than retiring directors to stand for directorship.,11.04,0,0,78,SECTION
A2013-18.pdf,5,"161. Appointment of additional director, alternate director and nominee director.",11.04,0,0,81,BODY
A2013-18.pdf,5,162. Appointment of directors to be voted individually.,11.04,0,0,55,SECTION
A2013-18.pdf,5,163. Option to adopt principle of proportional representation for appointment of directors.,11.04,0,0,91,BODY
A2013-18.pdf,5,164. Disqualifications for appointment of director.,11.04,0,0,51,SECTION
A2013-18.pdf,5,165. Number of directorships.,11.04,0,0,29,SECTION
A2013-18.pdf,5,166. Duties of directors.,11.04,0,0,25,SECTION
A2013-18.pdf,5,167. Vacation of office of director.,11.04,0,0,36,SECTION
A2013-18.pdf,5,168. Resignation of director.,11.04,0,0,29,SECTION
A2013-18.pdf,5,169. Removal of directors.,11.04,0,0,26,SECTION
A2013-18.pdf,5,170. Register of directors and key managerial personnel and their shareholding.,11.04,0,0,79,SECTION
A2013-18.pdf,5,171. Members’ right to inspect.,11.04,0,0,31,SECTION
A2013-18.pdf,5,172. Penalty.,11.04,0,0,13,SECTION
A2013-18.pdf,5,CHAPTER XII,11.04,0,1,11,CHAPTER
A2013-18.pdf,5,M,11.04,0,1,1,HEADING
A2013-18.pdf,5,EETINGS OF BOARD AND ITS POWERS,9.0,0,1,31,HEADING
A2013-18.pdf,5,173. Meetings of Board.,11.04,0,0,23,SECTION
A2013-18.pdf,5,174. Quorum for meetings of Board.,11.04,0,0,34,SECTION
A2013-18.pdf,5,175. Passing of resolution by circulation.,11.04,0,0,42,SECTION
A2013-18.pdf,5,176. Defects in appointment of directors not to invalidate actions taken.,11.04,0,0,73,SECTION
A2013-18.pdf,5,177. Audit committee.,11.04,0,0,21,SECTION
A2013-18.pdf,5,178. Nomination and Remuneration Committee and Stakeholders Relationship Committee.,11.04,0,0,83,BODY
A2013-18.pdf,5,179. Powers of Board.,11.04,0,0,21,SECTION
A2013-18.pdf,5,180. Restrictions on powers of Board.,11.04,0,0,37,SECTION
A2013-18.pdf,5,"181. Company to contribute to bona fide and charitable funds, etc.",11.04,0,0,66,SECTION
A2013-18.pdf,5,182. Prohibitions and restrictions regarding political contributions.,11.04,0,0,69,SECTION
A2013-18.pdf,5,"183. Power of Board and other persons to make contributions to national defence fund, etc.",11.04,0,0,90,BODY
A2013-18.pdf,5,184. Disclosure of interest by director.,11.04,0,0,40,SECTION
A2013-18.pdf,5,"185. Loan to directors, etc.",11.04,0,0,28,SECTION
A2013-18.pdf,5,186. Loan and investment by company.,11.04,0,0,36,SECTION
A2013-18.pdf,5,187. Investments of company to be held in its own name.,11.04,0,0,55,SECTION
A2013-18.pdf,5,188. Related party transactions.,11.04,0,0,32,SECTION
A2013-18.pdf,5,189. Register of contracts or arrangements in which directors are interested.,11.04,0,0,77,SECTION
A2013-18.pdf,5,190. Contract of employment with managing or whole-time directors.,11.04,0,0,66,SECTION
A2013-18.pdf,5,"191. Payment to director for loss of office, etc., in connection with transfer of undertaking, property or shares.",10.02,0,0,114,BODY
A2013-18.pdf,5,192. Restriction on non-cash transactions involving directors.,11.04,0,0,62,SECTION
A2013-18.pdf,5,193. Contract by One Person Company.,11.04,0,0,36,SECTION
A2013-18.pdf,5,194. [ Omitted .].,11.04,0,0,18,SECTION
A2013-18.pdf,5,195. [ Omitted .].,11.04,0,0,18,SECTION
A2013-18.pdf,5,5,9.96,0,0,1,BODY
A2013-18.pdf,6,CHAPTER XIII,11.04,0,1,12,CHAPTER
A2013-18.pdf,6,A PPOINTMENT AND REMUNERATION OF MANAGERIAL PERSONNEL,9.29,0,1,53,SECTION
A2013-18.pdf,6,S ECTIONS,10.02,0,1,9,HEADING
A2013-18.pdf,6,"196. Appointment of managing director, whole-time director or manager.",11.04,0,0,70,SECTION
A2013-18.pdf,6,197. Overall maximum managerial remuneration and managerial remuneration in case of absence or,11.04,0,0,94,BODY
A2013-18.pdf,6,inadequacy of profits.,11.04,0,0,22,BODY
A2013-18.pdf,6,198. Calculation of profits.,11.04,0,0,28,SECTION
A2013-18.pdf,6,199. Recovery of remuneration in certain cases.,11.04,0,0,47,SECTION
A2013-18.pdf,6,200. Central Government or company to fix limit with regard to remuneration.,11.04,0,0,76,SECTION
A2013-18.pdf,6,"201. Forms of, and procedure in relation to, certain applications.",11.04,0,0,66,SECTION
A2013-18.pdf,6,202. Compensation for loss of office of managing or whole-time director or manager.,11.04,0,0,83,BODY
A2013-18.pdf,6,203. Appointment of key managerial personnel.,11.04,0,0,45,SECTION
A2013-18.pdf,6,204. Secretarial audit for bigger companies.,11.04,0,0,44,SECTION
A2013-18.pdf,6,205. Functions of company secretary.,11.04,0,0,36,SECTION
A2013-18.pdf,6,CHAPTER XIV,11.04,0,1,11,CHAPTER
A2013-18.pdf,6,I,11.04,0,1,1,HEADING
A2013-18.pdf,6,"NSPECTION, INQUIRY AND INVESTIGATION",9.0,0,1,36,HEADING
A2013-18.pdf,6,"206. Power to call for information, inspect books and conduct inquiries.",11.04,0,0,72,SECTION
A2013-18.pdf,6,207. Conduct of inspection and inquiry.,11.04,0,0,39,SECTION
A2013-18.pdf,6,208. Report on inspection made.,11.04,0,0,31,SECTION
A2013-18.pdf,6,209. Search and seizure.,11.04,0,0,24,SECTION
A2013-18.pdf,6,210. Investigation into affairs of company.,11.04,0,0,43,SECTION
A2013-18.pdf,6,211. Establishment of Serious Fraud Investigation Office.,11.04,0,0,57,SECTION
A2013-18.pdf,6,212. Investigation into affairs of company by Serious Fraud Investigation Office.,11.04,0,0,81,BODY
A2013-18.pdf,6,213. Investigation into company’s affairs in other cases.,11.04,0,0,57,SECTION
A2013-18.pdf,6,214. Security for payment of costs and expenses of investigation.,11.04,0,0,65,SECTION
A2013-18.pdf,6,"215. Firm, body corporate or association not to be appointed as inspector.",11.04,0,0,74,SECTION
A2013-18.pdf,6,216. Investigation of ownership of company.,11.04,0,0,43,SECTION
A2013-18.pdf,6,"217. Procedure, powers, etc., of inspectors.",11.04,0,0,44,SECTION
A2013-18.pdf,6,218. Protection of employees during investigation.,11.04,0,0,50,SECTION
A2013-18.pdf,6,"219. Power of inspector to conduct investigation into affairs of related companies, etc.",11.04,0,0,88,BODY
A2013-18.pdf,6,220. Seizure of documents by inspector.,11.04,0,0,39,SECTION
A2013-18.pdf,6,221. Freezing of assets of company on inquiry and investigation.,11.04,0,0,64,SECTION
A2013-18.pdf,6,222. Imposition of restrictions upon securities.,11.04,0,0,48,SECTION
A2013-18.pdf,6,223. Inspector’s report.,11.04,0,0,24,SECTION
A2013-18.pdf,6,224. Actions to be taken in pursuance of inspector’s report.,11.04,0,0,60,SECTION
A2013-18.pdf,6,225. Expenses of investigation.,11.04,0,0,31,SECTION
A2013-18.pdf,6,"226. Voluntary winding up of company, etc., not to stop investigation proceedings.",11.04,0,0,82,BODY
A2013-18.pdf,6,227. Legal advisers and bankers not to disclose certain information.,11.04,0,0,68,SECTION
A2013-18.pdf,6,"228. Investigation, etc., of foreign companies.",11.04,0,0,47,SECTION
A2013-18.pdf,6,"229. Penalty for furnishing false statement, mutilation, destruction of documents.",11.04,0,0,82,BODY
A2013-18.pdf,6,CHAPTER XV,11.04,0,1,10,CHAPTER
A2013-18.pdf,6,"C OMPROMISES, ARRANGEMENTS AND AMALGAMATIONS",9.41,0,1,44,SECTION
A2013-18.pdf,6,230. Power to compromise or make arrangements with creditors and members.,11.04,0,0,73,SECTION
A2013-18.pdf,6,231. Power to Tribunal to enforce compromise or arrangement.,11.04,0,0,60,SECTION
A2013-18.pdf,6,232. Merger and amalgamation of companies.,11.04,0,0,42,SECTION
A2013-18.pdf,6,233. Merger or amalgamation of certain companies.,11.04,0,0,49,SECTION
A2013-18.pdf,6,234. Merger or amalgamation of company with foreign company.,11.04,0,0,60,SECTION
A2013-18.pdf,6,6,9.96,0,0,1,BODY
A2013-18.pdf,7,S ECTIONS,10.02,0,1,9,HEADING
A2013-18.pdf,7,235. Power to acquire shares of shareholders dissenting from scheme or contract approved by,11.04,0,0,91,BODY
A2013-18.pdf,7,majority.,11.04,0,0,9,BODY
A2013-18.pdf,7,236. Purchase of minority shareholding.,11.04,0,0,39,SECTION
A2013-18.pdf,7,237. Power of Central Government to provide for amalgamation of companies in public interest.,11.04,0,0,93,BODY
A2013-18.pdf,7,238. Registration of offer of schemes involving transfer of shares.,11.04,0,0,67,SECTION
A2013-18.pdf,7,239. Preservation of books and papers of amalgamated companies.,11.04,0,0,63,SECTION
A2013-18.pdf,7,"240. Liability of officers in respect of offences committed prior to merger, amalgamation, etc.",11.04,0,0,95,BODY
A2013-18.pdf,7,CHAPTER XVI,11.04,0,1,11,CHAPTER
A2013-18.pdf,7,P REVENTION OF OPPRESSION AND MISMANAGEMENT,9.34,0,1,43,SECTION
A2013-18.pdf,7,"241. Application to Tribunal for relief in cases of oppression, etc.",11.04,0,0,68,SECTION
A2013-18.pdf,7,242. Powers of Tribunal.,11.04,0,0,24,SECTION
A2013-18.pdf,7,243. Consequence of termination or modification of certain agreements.,11.04,0,0,70,SECTION
A2013-18.pdf,7,244. Right to apply under section 241.,11.04,0,0,38,SECTION
A2013-18.pdf,7,245. Class action.,11.04,0,0,18,SECTION
A2013-18.pdf,7,246. Application of certain provisions to proceedings under section 241 or section 245.,11.04,0,0,87,BODY
A2013-18.pdf,7,CHAPTER XVII,11.04,0,1,12,CHAPTER
A2013-18.pdf,7,R EGISTERED VALUERS,9.68,0,1,19,HEADING
A2013-18.pdf,7,247. Valuation by registered valuers.,11.04,0,0,37,SECTION
A2013-18.pdf,7,CHAPTER XVIII,11.04,0,1,13,CHAPTER
A2013-18.pdf,7,R,11.04,0,1,1,HEADING
A2013-18.pdf,7,EMOVAL OF NAMES OF COMPANIES FROM THE REGISTER OF COMPANIES,9.0,0,1,59,SECTION
A2013-18.pdf,7,248. Power of Registrar to remove name of company from register of companies.,11.04,0,0,77,SECTION
A2013-18.pdf,7,249. Restrictions on making application under section 248 in certain situations.,11.04,0,0,80,SECTION
A2013-18.pdf,7,250. Effect of company notified as dissolved.,11.04,0,0,45,SECTION
A2013-18.pdf,7,251. Fraudulent application for removal of name.,11.04,0,0,48,SECTION
A2013-18.pdf,7,252. Appeal to Tribunal.,11.04,0,0,24,SECTION
A2013-18.pdf,7,CHAPTER XIX,11.04,0,1,11,CHAPTER
A2013-18.pdf,7,R,11.04,0,1,1,HEADING
A2013-18.pdf,7,EVIVAL AND REHABILITATION OF SICK COMPANIES,9.0,0,1,43,SECTION
A2013-18.pdf,7,253. [ Omitted .].,11.04,0,0,18,SECTION
A2013-18.pdf,7,254. [ Omitted .].,11.04,0,0,18,SECTION
A2013-18.pdf,7,255. [ Omitted .].,11.04,0,0,18,SECTION
A2013-18.pdf,7,256. [ Omitted .].,11.04,0,0,18,SECTION
A2013-18.pdf,7,257. [ Omitted .].,11.04,0,0,18,SECTION
A2013-18.pdf,7,258. [ Omitted .].,11.04,0,0,18,SECTION
A2013-18.pdf,7,259. [ Omitted .].,11.04,0,0,18,SECTION
A2013-18.pdf,7,260. [ Omitted .].,11.04,0,0,18,SECTION
A2013-18.pdf,7,261. [ Omitted .].,11.04,0,0,18,SECTION
A2013-18.pdf,7,262. [ Omitted .].,11.04,0,0,18,SECTION
A2013-18.pdf,7,263. [ Omitted .].,11.04,0,0,18,SECTION
A2013-18.pdf,7,264. [ Omitted .].,11.04,0,0,18,SECTION
A2013-18.pdf,7,265. [ Omitted .].,11.04,0,0,18,SECTION
A2013-18.pdf,7,266. [ Omitted .].,11.04,0,0,18,SECTION
A2013-18.pdf,7,267. [ Omitted .].,11.04,0,0,18,SECTION
A2013-18.pdf,7,268. [ Omitted .].,11.04,0,0,18,SECTION
A2013-18.pdf,7,269. [ Omitted .].,11.04,0,0,18,SECTION
A2013-18.pdf,7,7,9.96,0,0,1,BODY
A2013-18.pdf,8,CHAPTER XX,11.04,0,1,10,CHAPTER
A2013-18.pdf,8,W INDING UP,9.68,0,1,11,HEADING
A2013-18.pdf,8,S ECTIONS,10.02,0,1,9,HEADING
A2013-18.pdf,8,270. Winding up by Tribunal.,11.04,0,0,28,SECTION
A2013-18.pdf,8,P ART I.— Winding up by the Tribunal,10.78,0,0,36,BODY
A2013-18.pdf,8,271. Circumstances in which company may be wound up by Tribunal.,11.04,0,0,64,SECTION
A2013-18.pdf,8,272. Petition for winding up.,11.04,0,0,29,SECTION
A2013-18.pdf,8,273. Powers of Tribunal.,11.04,0,0,24,SECTION
A2013-18.pdf,8,274. Directions for filing statement of affairs.,11.04,0,0,48,SECTION
A2013-18.pdf,8,275. Company Liquidators and their appointments.,11.04,0,0,48,SECTION
A2013-18.pdf,8,276. Removal and replacement of liquidator.,11.04,0,0,43,SECTION
A2013-18.pdf,8,"277. Intimation to Company Liquidator, provisional liquidator and Registrar.",11.04,0,0,76,SECTION
A2013-18.pdf,8,278. Effect of winding up order.,11.04,0,0,32,SECTION
A2013-18.pdf,8,"279. Stay of suits, etc., on winding up order.",11.04,0,0,46,SECTION
A2013-18.pdf,8,280. Jurisdiction of Tribunal.,11.04,0,0,30,SECTION
A2013-18.pdf,8,281. Submission of report by Company Liquidator.,11.04,0,0,48,SECTION
A2013-18.pdf,8,282. Directions of Tribunal on report of Company Liquidator.,11.04,0,0,60,SECTION
A2013-18.pdf,8,283. Custody of company’s properties.,11.04,0,0,37,SECTION
A2013-18.pdf,8,"284. Promoters, directors, etc., to cooperate with Company Liquidator.",11.04,0,0,70,SECTION
A2013-18.pdf,8,285. Settlement of list of contributories and application of assets.,11.04,0,0,68,SECTION
A2013-18.pdf,8,286. Obligations of directors and managers.,11.04,0,0,43,SECTION
A2013-18.pdf,8,287. Advisory Committee.,11.04,0,0,24,SECTION
A2013-18.pdf,8,288. Submission of periodical reports to Tribunal.,11.04,0,0,50,SECTION
A2013-18.pdf,8,289. [ Omitted .],11.04,0,0,17,SECTION
A2013-18.pdf,8,290. Powers and duties of Company Liquidator.,11.04,0,0,45,SECTION
A2013-18.pdf,8,291. Provision for professional assistance to Company Liquidator.,11.04,0,0,65,SECTION
A2013-18.pdf,8,292. Exercise and control of Company Liquidator’s powers.,11.04,0,0,57,SECTION
A2013-18.pdf,8,293. Books to be kept by Company Liquidator.,11.04,0,0,44,SECTION
A2013-18.pdf,8,294. Audit of Company Liquidator’s accounts.,11.04,0,0,44,SECTION
A2013-18.pdf,8,295. Payment of debts by contributory and extent of set-off.,11.04,0,0,60,SECTION
A2013-18.pdf,8,296. Power of Tribunal to make calls.,11.04,0,0,37,SECTION
A2013-18.pdf,8,297. Adjustment of rights of contributories.,11.04,0,0,44,SECTION
A2013-18.pdf,8,298. Power to order costs.,11.04,0,0,26,SECTION
A2013-18.pdf,8,"299. Power to summon persons suspected of having property of company, etc.",11.04,0,0,74,SECTION
A2013-18.pdf,8,"300. Power to order examination of promoters, directors, etc.",11.04,0,0,61,SECTION
A2013-18.pdf,8,301. Arrest of person trying to leave India or abscond.,11.04,0,0,55,SECTION
A2013-18.pdf,8,302. Dissolution of company by Tribunal.,11.04,0,0,40,SECTION
A2013-18.pdf,8,303. Appeals from orders made before commencement of Act.,11.04,0,0,57,SECTION
A2013-18.pdf,8,[ Omitted .].,11.04,0,0,13,BODY
A2013-18.pdf,8,304. [ Omitted .].,11.04,0,0,18,SECTION
A2013-18.pdf,8,305. [ Omitted .].,11.04,0,0,18,SECTION
A2013-18.pdf,8,306. [ Omitted .].,11.04,0,0,18,SECTION
A2013-18.pdf,8,307. [ Omitted .].,11.04,0,0,18,SECTION
A2013-18.pdf,8,308. [ Omitted .].,11.04,0,0,18,SECTION
A2013-18.pdf,8,309. [ Omitted .].,11.04,0,0,18,SECTION
A2013-18.pdf,8,310. [ Omitted .].,11.04,0,0,18,SECTION
A2013-18.pdf,8,311. [ Omitted .].,11.04,0,0,18,SECTION
A2013-18.pdf,8,312. [ Omitted .].,11.04,0,0,18,SECTION
A2013-18.pdf,8,313. [ Omitted .].,11.04,0,0,18,SECTION
A2013-18.pdf,8,8,9.96,0,0,1,BODY
A2013-18.pdf,9,S ECTIONS,10.02,0,1,9,HEADING
A2013-18.pdf,9,314. [ Omitted .].,11.04,0,0,18,SECTION
A2013-18.pdf,9,315. [ Omitted .].,11.04,0,0,18,SECTION
A2013-18.pdf,9,316. [ Omitted. ].,11.04,0,0,18,SECTION
A2013-18.pdf,9,317. [ Omitted .].,11.04,0,0,18,SECTION
A2013-18.pdf,9,318. [ Omitted .].,11.04,0,0,18,SECTION
A2013-18.pdf,9,319. [ Omitted .].,11.04,0,0,18,SECTION
A2013-18.pdf,9,320. [ Omitted .].,11.04,0,0,18,SECTION
A2013-18.pdf,9,321. [ Omitted. ].,11.04,0,0,18,SECTION
A2013-18.pdf,9,322. [ Omitted .].,11.04,0,0,18,SECTION
A2013-18.pdf,9,323. [ Omitted. ].,11.04,0,0,18,SECTION
A2013-18.pdf,9,P ART III .—Provisions applicable to every mode of winding up,10.85,0,0,61,BODY
A2013-18.pdf,9,324. Debts of all descriptions to be admitted to proof.,11.04,0,0,55,SECTION
A2013-18.pdf,9,325. [ Omitted .],11.04,0,0,17,SECTION
A2013-18.pdf,9,326. Overriding preferential payments.,11.04,0,0,38,SECTION
A2013-18.pdf,9,327. Preferential payments.,11.04,0,0,27,SECTION
A2013-18.pdf,9,328. Fraudulent preference.,11.04,0,0,27,SECTION
A2013-18.pdf,9,329. Transfers not in good faith to be void.,11.04,0,0,44,SECTION
A2013-18.pdf,9,330. Certain transfers to be void.,11.04,0,0,34,SECTION
A2013-18.pdf,9,331. Liabilities and rights of certain persons fraudulently preferred.,11.04,0,0,70,SECTION
A2013-18.pdf,9,332. Effect of floating charge.,11.04,0,0,31,SECTION
A2013-18.pdf,9,333. Disclaimer of onerous property.,11.04,0,0,36,SECTION
A2013-18.pdf,9,"334. Transfers, etc., after commencement of winding up to be void.",11.04,0,0,66,SECTION
A2013-18.pdf,9,"335. Certain attachments, executions, etc., in winding up by Tribunal to be void.",11.04,0,0,81,BODY
A2013-18.pdf,9,336. Offences by officers of companies in liquidation.,11.04,0,0,54,SECTION
A2013-18.pdf,9,337. Penalty for frauds by officers.,11.04,0,0,36,SECTION
A2013-18.pdf,9,338. Liability where proper accounts not kept.,11.04,0,0,46,SECTION
A2013-18.pdf,9,339. Liability for fraudulent conduct of business.,11.04,0,0,50,SECTION
A2013-18.pdf,9,"340. Power of Tribunal to assess damages against delinquent directors, etc.",11.04,0,0,75,SECTION
A2013-18.pdf,9,341. Liability under sections 339 and 340 to extend to partners or directors in firms or companies.,11.04,0,0,99,BODY
A2013-18.pdf,9,342. Prosecution of delinquent officers and members of company.,11.04,0,0,63,SECTION
A2013-18.pdf,9,343. Company Liquidator to exercise certain powers subject to sanction.,11.04,0,0,71,SECTION
A2013-18.pdf,9,344. Statement that company is in liquidation.,11.04,0,0,46,SECTION
A2013-18.pdf,9,345. Books and papers of company to be evidence.,11.04,0,0,48,SECTION
A2013-18.pdf,9,346. Inspection of books and papers by creditors and contributories.,11.04,0,0,68,SECTION
A2013-18.pdf,9,347. Disposal of books and papers of company.,11.04,0,0,45,SECTION
A2013-18.pdf,9,348. Information as to pending liquidations.,11.04,0,0,44,SECTION
A2013-18.pdf,9,349. Official Liquidator to make payments into public account of India.,11.04,0,0,71,SECTION
A2013-18.pdf,9,350. Company Liquidator to deposit monies into scheduled bank.,11.04,0,0,62,SECTION
A2013-18.pdf,9,351. Liquidator not to deposit monies into private banking account.,11.04,0,0,67,SECTION
A2013-18.pdf,9,352. Company Liquidation Dividend and Undistributed Assets Account.,11.04,0,0,67,SECTION
A2013-18.pdf,9,"353. Liquidator to make returns, etc.",11.04,0,0,37,SECTION
A2013-18.pdf,9,354. Meetings to ascertain wishes of creditors or contributories.,11.04,0,0,65,SECTION
A2013-18.pdf,9,"355. Court, tribunal or person, etc., before whom affidavit may be sworn.",11.04,0,0,73,SECTION
A2013-18.pdf,9,356. Power of Tribunal to declare dissolution of company void.,11.04,0,0,62,SECTION
A2013-18.pdf,9,357. Commencement of winding up by Tribunal.,11.04,0,0,44,SECTION
A2013-18.pdf,9,358. Exclusion of certain time in computing period of limitation.,11.04,0,0,65,SECTION
A2013-18.pdf,9,9,9.96,0,0,1,BODY
A2013-18.pdf,10,P ART IV.— Official Liquidators,10.63,0,0,31,BODY
A2013-18.pdf,10,S ECTIONS,10.02,0,1,9,HEADING
A2013-18.pdf,10,359. Appointment of Official Liquidator.,11.04,0,0,40,SECTION
A2013-18.pdf,10,360. Powers and functions of Official Liquidator.,11.04,0,0,49,SECTION
A2013-18.pdf,10,361. Summary procedure for liquidation.,11.04,0,0,39,SECTION
A2013-18.pdf,10,362. Sale of assets and recovery of debts due to company.,11.04,0,0,57,SECTION
A2013-18.pdf,10,363. Settlement of claims of creditors by Official Liquidator.,11.04,0,0,62,SECTION
A2013-18.pdf,10,364. Appeal by creditor.,11.04,0,0,24,SECTION
A2013-18.pdf,10,365. Order of dissolution of company.,11.04,0,0,37,SECTION
A2013-18.pdf,10,CHAPTER XXI,11.04,0,1,11,CHAPTER
A2013-18.pdf,10,P ART I.— Companies authorised to Register under this Act,10.84,0,0,57,BODY
A2013-18.pdf,10,366. Companies capable of being registered.,11.04,0,0,43,SECTION
A2013-18.pdf,10,367. Certificate of registration of existing companies.,11.04,0,0,55,SECTION
A2013-18.pdf,10,368. Vesting of property on registration.,11.04,0,0,41,SECTION
A2013-18.pdf,10,369. Saving of existing liabilities.,11.04,0,0,36,SECTION
A2013-18.pdf,10,370. Continuation of pending legal proceedings.,11.04,0,0,47,SECTION
A2013-18.pdf,10,371. Effect of registration under this Part.,11.04,0,0,44,SECTION
A2013-18.pdf,10,372. Power of Court to stay or restrain proceedings.,11.04,0,0,52,SECTION
A2013-18.pdf,10,373. Suits stayed on winding up order.,11.04,0,0,38,SECTION
A2013-18.pdf,10,374. Obligations of companies registering under this Part.,11.04,0,0,58,SECTION
A2013-18.pdf,10,P II.— Winding up of unregistered companies,11.04,0,0,43,BODY
A2013-18.pdf,10,ART,9.0,0,1,3,HEADING
A2013-18.pdf,10,375. Winding up of unregistered companies.,11.04,0,0,42,SECTION
A2013-18.pdf,10,376. Power to wind up foreign companies although dissolved.,11.04,0,0,59,SECTION
A2013-18.pdf,10,377. Provisions of Chapter cumulative.,11.04,0,0,38,SECTION
A2013-18.pdf,10,"378. Saving and construction of enactments conferring power to wind up partnership firm, association",11.04,0,0,100,BODY
A2013-18.pdf,10,"or company, etc., in certain cases.",11.04,0,0,35,BODY
A2013-18.pdf,10,CHAPTER XXIA,11.04,0,1,12,CHAPTER
A2013-18.pdf,10,P RODUCER COMPANIES,9.68,0,1,19,HEADING
A2013-18.pdf,10,PART I,11.04,0,1,6,HEADING
A2013-18.pdf,10,P,11.04,0,1,1,HEADING
A2013-18.pdf,10,RELIMINARY,9.0,0,1,10,HEADING
A2013-18.pdf,10,378A. Definitions.,11.04,0,0,18,SECTION
A2013-18.pdf,10,PART II,11.04,0,1,7,HEADING
A2013-18.pdf,10,I,11.04,0,1,1,HEADING
A2013-18.pdf,10,NCORPORATION OF PRODUCER COMPANIES AND OTHER MATTERS,9.0,0,1,52,SECTION
A2013-18.pdf,10,378B. Objects of producer company.,11.04,0,0,34,SECTION
A2013-18.pdf,10,378C. Formation of Producer Company and its registration.,11.04,0,0,57,SECTION
A2013-18.pdf,10,378D. Membership and voting rights of Members of Producer Company.,11.04,0,0,66,SECTION
A2013-18.pdf,10,378E. Benefits to Members.,11.04,0,0,26,SECTION
A2013-18.pdf,10,378F. Memorandum of Producer Company.,11.04,0,0,37,SECTION
A2013-18.pdf,10,378G.Articles of association.,11.04,0,0,29,BODY
A2013-18.pdf,10,378H. Amendment of memorandum.,11.04,0,0,30,SECTION
A2013-18.pdf,10,378-I. Amendment of articles.,11.04,0,0,29,BODY
A2013-18.pdf,10,378J. Option to inter-State co-operative societies to become Producer Companies.,11.04,0,0,80,SECTION
A2013-18.pdf,10,10,9.96,0,0,2,BODY
A2013-18.pdf,11,S ECTIONS,10.02,0,1,9,HEADING
A2013-18.pdf,11,378K. Effect of incorporation of Producer Company.,11.04,0,0,50,SECTION
A2013-18.pdf,11,378L.Vesting of undertaking in Producer Company.,11.04,0,0,48,BODY
A2013-18.pdf,11,"378M. Concession, etc., to be deemed to have been granted to Producer Company.",11.04,0,0,78,SECTION
A2013-18.pdf,11,378N. Provisions in respect of officers and other employees of inter-State co-operative society.,11.04,0,0,96,BODY
A2013-18.pdf,11,PART III,11.04,0,1,8,HEADING
A2013-18.pdf,11,M ANAGEMENT OF PRODUCER COMPANY,9.41,0,1,31,HEADING
A2013-18.pdf,11,378-O. Number of directors.,11.04,0,0,27,BODY
A2013-18.pdf,11,378P. Appointment of directors.,11.04,0,0,31,SECTION
A2013-18.pdf,11,378Q. Vacation of office by directors.,11.04,0,0,38,SECTION
A2013-18.pdf,11,378R. Powers and functions of Board.,11.04,0,0,36,SECTION
A2013-18.pdf,11,378S. Matters to be transacted at general meeting.,11.04,0,0,50,SECTION
A2013-18.pdf,11,378T. Liability of directors.,11.04,0,0,29,SECTION
A2013-18.pdf,11,378U. Committee of directors.,11.04,0,0,29,SECTION
A2013-18.pdf,11,378V. Meetings of Board and quorum.,11.04,0,0,35,SECTION
A2013-18.pdf,11,378W. Chief Executive and his functions.,11.04,0,0,40,SECTION
A2013-18.pdf,11,378X. Secretary of Producer Company.,11.04,0,0,36,SECTION
A2013-18.pdf,11,378Y. Quorum.,11.04,0,0,13,SECTION
A2013-18.pdf,11,378Z. Voting rights.,11.04,0,0,20,SECTION
A2013-18.pdf,11,PART IV,11.04,0,1,7,HEADING
A2013-18.pdf,11,G ENERAL MEETINGS,9.68,0,1,17,HEADING
A2013-18.pdf,11,378ZA. Annual general meetings.,11.04,0,0,31,BODY
A2013-18.pdf,11,PART V,11.04,0,1,6,HEADING
A2013-18.pdf,11,S,11.04,0,1,1,HEADING
A2013-18.pdf,11,HARE CAPITAL AND MEMBERS RIGHTS,9.0,0,1,31,HEADING
A2013-18.pdf,11,378ZB. Share capital.,11.04,0,0,21,BODY
A2013-18.pdf,11,378ZC. Special user rights.,11.04,0,0,27,BODY
A2013-18.pdf,11,378ZD. Transferability of shares and attendant rights.,11.04,0,0,54,BODY
A2013-18.pdf,11,PART VI,11.04,0,1,7,HEADING
A2013-18.pdf,11,"F INANCE, ACCOUNTS AND AUDIT",9.41,0,1,28,HEADING
A2013-18.pdf,11,378ZE. Books of account.,11.04,0,0,24,BODY
A2013-18.pdf,11,378ZF. Internal audit.,11.04,0,0,22,BODY
A2013-18.pdf,11,378ZG. Duties of auditor under this Chapter.,11.04,0,0,44,BODY
A2013-18.pdf,11,378ZH.Donation or subscription by Producer Company.,11.04,0,0,51,BODY
A2013-18.pdf,11,378Z-I. General and other reserves.,11.04,0,0,35,BODY
A2013-18.pdf,11,378ZJ. Issue of bonus shares.,11.04,0,0,29,BODY
A2013-18.pdf,11,11,9.96,0,0,2,BODY
A2013-18.pdf,12,S ECTIONS,10.02,0,1,9,HEADING
A2013-18.pdf,12,PART VII,11.04,0,1,8,HEADING
A2013-18.pdf,12,L OANS TO MEMBERS AND INVESTMENTS,9.34,0,1,33,HEADING
A2013-18.pdf,12,"378ZK. Loan, etc., to Members.",11.04,0,0,30,BODY
A2013-18.pdf,12,"378ZL. Investment in other companies, formation of subsidiaries, etc.",11.04,0,0,69,BODY
A2013-18.pdf,12,PART VIII,11.04,0,1,9,HEADING
A2013-18.pdf,12,P ENALTIES,10.02,0,1,10,HEADING
A2013-18.pdf,12,378ZM. Penalty for contravention.,11.04,0,0,33,BODY
A2013-18.pdf,12,PART IX,11.04,0,1,7,HEADING
A2013-18.pdf,12,A,11.04,0,1,1,HEADING
A2013-18.pdf,12,"MALGAMATION, MERGER OR DIVISION",9.0,0,1,31,HEADING
A2013-18.pdf,12,"378ZN. Amalgamation, merger or division, etc., to form new Producer Companies.",11.04,0,0,78,BODY
A2013-18.pdf,12,PART X,11.04,0,1,6,HEADING
A2013-18.pdf,12,R,11.04,0,1,1,HEADING
A2013-18.pdf,12,ESOLUTION OF DISPUTES,9.0,0,1,21,HEADING
A2013-18.pdf,12,378Z-O. Disputes.,11.04,0,0,17,BODY
A2013-18.pdf,12,PART XI,11.04,0,1,7,HEADING
A2013-18.pdf,12,M ISCELLANEOUS PROVISIONS,9.68,0,1,25,HEADING
A2013-18.pdf,12,378ZP. Strike off name of Producer Company.,11.04,0,0,43,BODY
A2013-18.pdf,12,378ZQ. Provisions of this Chapter to override other laws.,11.04,0,0,57,BODY
A2013-18.pdf,12,378ZR. Application of provisions relating to private companies.,11.04,0,0,63,BODY
A2013-18.pdf,12,PART XII,11.04,0,1,8,HEADING
A2013-18.pdf,12,R E-CONVERSION OF PRODUCER COMPANY TO INTER-STATE CO-OPERATIVE SOCIETY,9.23,0,1,70,SECTION
A2013-18.pdf,12,378ZS.Re-conversion of Producer Company to inter-State co-operative society.,11.04,0,0,76,BODY
A2013-18.pdf,12,378ZT. Power to modify Act in its application to Producer Companies.,11.04,0,0,68,BODY
A2013-18.pdf,12,378ZU. Power to make rules.,11.04,0,0,27,BODY
A2013-18.pdf,12,CHAPTER XXII,11.04,0,1,12,CHAPTER
A2013-18.pdf,12,C OMPANIES INCORPORATED OUTSIDE I NDIA,9.68,0,1,38,HEADING
A2013-18.pdf,12,379. Application of Act to foreign companies.,11.04,0,0,45,SECTION
A2013-18.pdf,12,"380. Documents, etc., to be delivered to Registrar by foreign companies.",11.04,0,0,72,SECTION
A2013-18.pdf,12,381. Accounts of foreign company.,11.04,0,0,33,SECTION
A2013-18.pdf,12,"382. Display of name, etc., of foreign company.",11.04,0,0,47,SECTION
A2013-18.pdf,12,383. Service on foreign company.,11.04,0,0,32,SECTION
A2013-18.pdf,12,"384. Debentures, annual return, registration of charges, books of account and their inspection.",11.04,0,0,95,BODY
A2013-18.pdf,12,385. Fee for registration of documents.,11.04,0,0,39,SECTION
A2013-18.pdf,12,386. Interpretation.,11.04,0,0,20,SECTION
A2013-18.pdf,12,387. Dating of prospectus and particulars to be contained therein.,11.04,0,0,66,SECTION
A2013-18.pdf,12,388. Provisions as to expert’s consent and allotment.,11.04,0,0,53,SECTION
A2013-18.pdf,12,389. Registration of prospectus.,11.04,0,0,32,SECTION
A2013-18.pdf,12,390. Offer of Indian Depository Receipts.,11.04,0,0,41,SECTION
A2013-18.pdf,12,391. Application of sections 34 to 36 and Chapter XX.,11.04,0,0,53,SECTION
A2013-18.pdf,12,392. Punishment for contravention.,11.04,0,0,34,SECTION
A2013-18.pdf,12,"393. Company’s failure to comply with provisions of this Chapter not to affect validity of contracts,",11.04,0,0,101,BODY
A2013-18.pdf,12,etc.,11.04,0,0,4,BODY
A2013-18.pdf,12,12,9.96,0,0,2,BODY
A2013-18.pdf,13,CHAPTER XXIII,11.04,0,1,13,CHAPTER
A2013-18.pdf,13,G,11.04,0,1,1,HEADING
A2013-18.pdf,13,OVERNMENT COMPANIES,9.0,0,1,19,HEADING
A2013-18.pdf,13,S ECTIONS,10.02,0,1,9,HEADING
A2013-18.pdf,13,394. Annual reports on Government companies.,11.04,0,0,44,SECTION
A2013-18.pdf,13,395. Annual reports where one or more State Governments are members of companies.,11.04,0,0,81,BODY
A2013-18.pdf,13,CHAPTER XXIV,11.04,0,1,12,CHAPTER
A2013-18.pdf,13,R,11.04,0,1,1,HEADING
A2013-18.pdf,13,EGISTRATION OFFICES AND FEES,9.0,0,1,28,HEADING
A2013-18.pdf,13,396. Registration offices.,11.04,0,0,26,SECTION
A2013-18.pdf,13,397. Admissibility of certain documents as evidence.,11.04,0,0,52,SECTION
A2013-18.pdf,13,"398. Provisions relating to filing of applications, documents, inspection, etc., in electronic form.",11.04,0,0,100,BODY
A2013-18.pdf,13,"399. Inspection, production and evidence of documents kept by Registrar.",11.04,0,0,72,SECTION
A2013-18.pdf,13,"400. Electronic form to be exclusive, alternative or in addition to physical form.",11.04,0,0,82,BODY
A2013-18.pdf,13,401. Provision of value added services through electronic form.,11.04,0,0,63,SECTION
A2013-18.pdf,13,"402. Application of provisions of Information Technology Act, 2000.",11.04,0,0,67,SECTION
A2013-18.pdf,13,"403. Fee for filing, etc.",11.04,0,0,25,SECTION
A2013-18.pdf,13,"404. Fees, etc., to be credited into public account.",11.04,0,0,52,SECTION
A2013-18.pdf,13,CHAPTER XXV,11.04,0,1,11,CHAPTER
A2013-18.pdf,13,C,11.04,0,1,1,HEADING
A2013-18.pdf,13,OMPANIES TO FURNISH INFORMATION OR STATISTICS,9.0,0,1,45,SECTION
A2013-18.pdf,13,405. Power of Central Government to direct companies to furnish information or statistics.,11.04,0,0,90,BODY
A2013-18.pdf,13,CHAPTER XXVI,11.04,0,1,12,CHAPTER
A2013-18.pdf,13,N IDHIS,10.02,0,1,7,HEADING
A2013-18.pdf,13,"406. Provision relating to Nidhis and its application, etc.",11.04,0,0,59,SECTION
A2013-18.pdf,13,CHAPTER XXVII,11.04,0,1,13,CHAPTER
A2013-18.pdf,13,N ATIONAL C OMPANY L AW T RIBUNAL AND A PPELLATE T RIBUNAL,9.94,0,1,58,SECTION
A2013-18.pdf,13,407. Definitions.,11.04,0,0,17,SECTION
A2013-18.pdf,13,408. Constitution of National Company Law Tribunal.,11.04,0,0,51,SECTION
A2013-18.pdf,13,409. Qualification of President and Members of Tribunal.,11.04,0,0,56,SECTION
A2013-18.pdf,13,410. Constitution of Appellate Tribunal.,11.04,0,0,40,SECTION
A2013-18.pdf,13,411. Qualifications of Chairperson and members of Appellate Tribunal.,11.04,0,0,69,SECTION
A2013-18.pdf,13,412. Selection of Members of Tribunal and Appellate Tribunal.,11.04,0,0,61,SECTION
A2013-18.pdf,13,"413. Term of office of President, Chairperson and other Members.",11.04,0,0,64,SECTION
A2013-18.pdf,13,"414. Salary, allowances and other terms and conditions of service of Members.",11.04,0,0,77,SECTION
A2013-18.pdf,13,415. Acting President and Chairperson of Tribunal or Appellate Tribunal.,11.04,0,0,72,SECTION
A2013-18.pdf,13,416. Resignation of Members.,11.04,0,0,28,SECTION
A2013-18.pdf,13,417. Removal of Members.,11.04,0,0,24,SECTION
A2013-18.pdf,13,"417A. Qualifications, terms and conditions of service of Chairperson and Member.",11.04,0,0,80,SECTION
A2013-18.pdf,13,418. Staff of Tribunal and Appellate Tribunal.,11.04,0,0,46,SECTION
A2013-18.pdf,13,419. Benches of Tribunal.,11.04,0,0,25,SECTION
A2013-18.pdf,13,420. Orders of Tribunal.,11.04,0,0,24,SECTION
A2013-18.pdf,13,421. Appeal from orders of Tribunal.,11.04,0,0,36,SECTION
A2013-18.pdf,13,422. Expeditious disposal by Tribunal and Appellate Tribunal.,11.04,0,0,61,SECTION
A2013-18.pdf,13,423. Appeal to Supreme Court.,11.04,0,0,29,SECTION
A2013-18.pdf,13,424. Procedure before Tribunal and Appellate Tribunal.,11.04,0,0,54,SECTION
A2013-18.pdf,13,425. Power to punish for contempt.,11.04,0,0,34,SECTION
A2013-18.pdf,13,13,9.96,0,0,2,BODY
A2013-18.pdf,14,S ECTIONS,10.02,0,1,9,HEADING
A2013-18.pdf,14,426. Delegation of powers.,11.04,0,0,26,SECTION
A2013-18.pdf,14,"427. President, Members, officers, etc., to be public servants.",11.04,0,0,63,SECTION
A2013-18.pdf,14,428. Protection of action taken in good faith.,11.04,0,0,46,SECTION
A2013-18.pdf,14,"429. Power to seek assistance of Chief Metropolitan Magistrate, etc.",11.04,0,0,68,SECTION
A2013-18.pdf,14,430. Civil court not to have jurisdiction.,11.04,0,0,42,SECTION
A2013-18.pdf,14,431. Vacancy in Tribunal or Appellate Tribunal not to invalidate acts or proceedings.,11.04,0,0,85,BODY
A2013-18.pdf,14,432. Right to legal representation.,11.04,0,0,35,SECTION
A2013-18.pdf,14,433. Limitation.,11.04,0,0,16,SECTION
A2013-18.pdf,14,434. Transfer of certain pending proceedings.,11.04,0,0,45,SECTION
A2013-18.pdf,14,CHAPTER XXVIII,11.04,0,1,14,CHAPTER
A2013-18.pdf,14,S C,11.04,0,1,3,HEADING
A2013-18.pdf,14,PECIAL OURTS,9.0,0,1,12,HEADING
A2013-18.pdf,14,435. Establishment of Special Courts.,11.04,0,0,37,SECTION
A2013-18.pdf,14,436. Offences triable by Special Courts.,11.04,0,0,40,SECTION
A2013-18.pdf,14,437. Appeal and revision.,11.04,0,0,25,SECTION
A2013-18.pdf,14,438. Application of Code to proceedings before Special Court.,11.04,0,0,61,SECTION
A2013-18.pdf,14,439. Offences to be non-cognizable.,11.04,0,0,35,SECTION
A2013-18.pdf,14,440. Transitional provisions.,11.04,0,0,29,SECTION
A2013-18.pdf,14,441. Compounding of certain offences.,11.04,0,0,37,SECTION
A2013-18.pdf,14,442. Mediation and Conciliation Panel.,11.04,0,0,38,SECTION
A2013-18.pdf,14,443. Power of Central Government to appoint company prosecutors.,11.04,0,0,64,SECTION
A2013-18.pdf,14,444. Appeal against acquittal.,11.04,0,0,30,SECTION
A2013-18.pdf,14,445. Compensation for accusation without reasonable cause.,11.04,0,0,58,SECTION
A2013-18.pdf,14,446. Application of fines.,11.04,0,0,26,SECTION
A2013-18.pdf,14,446A. Factors for determining level of punishment.,11.04,0,0,50,SECTION
A2013-18.pdf,14,446B. Lesser penalties for certain companies.,11.04,0,0,45,SECTION
A2013-18.pdf,14,CHAPTER XXIX,11.04,0,1,12,CHAPTER
A2013-18.pdf,14,M ISCELLANEOUS,10.02,0,1,14,HEADING
A2013-18.pdf,14,447. Punishment for fraud.,11.04,0,0,26,SECTION
A2013-18.pdf,14,448. Punishment for false statement.,11.04,0,0,36,SECTION
A2013-18.pdf,14,449. Punishment for false evidence.,11.04,0,0,35,SECTION
A2013-18.pdf,14,450. Punishment where no specific penalty or punishment is provided.,11.04,0,0,68,SECTION
A2013-18.pdf,14,451. Punishment in case of repeated default.,11.04,0,0,44,SECTION
A2013-18.pdf,14,452. Punishment for wrongful withholding of property.,11.04,0,0,53,SECTION
A2013-18.pdf,14,453. Punishment for improper use of “Limited” or “Private Limited”.,11.04,0,0,67,SECTION
A2013-18.pdf,14,454. Adjudication of penalties.,11.04,0,0,31,SECTION
A2013-18.pdf,14,454A. Penalty for repeated default.,11.04,0,0,35,SECTION
A2013-18.pdf,14,455. Dormant company.,11.04,0,0,21,SECTION
A2013-18.pdf,14,456. Protection of action taken in good faith.,11.04,0,0,46,SECTION
A2013-18.pdf,14,457. Non-disclosure of information in certain cases.,11.04,0,0,52,SECTION
A2013-18.pdf,14,458. Delegation by Central Government of its powers and functions.,11.04,0,0,66,SECTION
A2013-18.pdf,14,"459. Powers of Central Government of Tribunal to accord approval, etc., subject to conditions and to",11.04,0,0,100,BODY
A2013-18.pdf,14,prescribe fees on applications.,11.04,0,0,31,BODY
A2013-18.pdf,14,460. Condonation of delay in certain cases.,11.04,0,0,43,SECTION
A2013-18.pdf,14,461. Annual report by Central Government.,11.04,0,0,41,SECTION
A2013-18.pdf,14,462. Power to exempt class or classes of companies from provisions of this Act.,11.04,0,0,79,SECTION
A2013-18.pdf,14,463. Power of court to grant relief in certain cases.,11.04,0,0,53,SECTION
A2013-18.pdf,14,464. Prohibition of association or partnership of persons exceeding certain number.,11.04,0,0,83,BODY
A2013-18.pdf,14,465. Repeal of certain enactments and savings.,11.04,0,0,46,SECTION
A2013-18.pdf,14,466. Dissolution of Company Law Board and consequential provisions.,11.04,0,0,67,SECTION
A2013-18.pdf,14,467. Power of Central Government to amend Schedules.,11.04,0,0,52,SECTION
A2013-18.pdf,14,468. Power of Central Government to make rules relating to winding up.,11.04,0,0,70,SECTION
A2013-18.pdf,14,14,9.96,0,0,2,BODY
A2013-18.pdf,15,S ECTIONS,10.02,0,1,9,HEADING
A2013-18.pdf,15,469. Power of Central Government to make rules.,11.04,0,0,47,SECTION
A2013-18.pdf,15,470. Power to remove difficulties.,11.04,0,0,34,SECTION
A2013-18.pdf,15,SCHEDULE I.,11.04,0,1,11,HEADING
A2013-18.pdf,15,SCHEDULE II.,11.04,0,1,12,HEADING
A2013-18.pdf,15,SCHEDULE III.,11.04,0,1,13,HEADING
A2013-18.pdf,15,SCHEDULE IV.,11.04,0,1,12,HEADING
A2013-18.pdf,15,SCHEDULE V.,11.04,0,1,11,HEADING
A2013-18.pdf,15,SCHEDULE VI.,11.04,0,1,12,HEADING
A2013-18.pdf,15,SCHEDULE VII.,11.04,0,1,13,HEADING
A2013-18.pdf,15,15,9.96,0,0,2,BODY
A2013-18.pdf,16,"THE COMPANIES ACT, 2013",9.96,0,1,23,HEADING
A2013-18.pdf,16,ACT NO. 18 OF 2013,9.96,0,1,18,META
A2013-18.pdf,16,"[29 th August, 2013.]",9.96,0,0,21,BODY
A2013-18.pdf,16,An Act to consolidate and amend the law relating to companies.,9.96,0,0,62,BODY
A2013-18.pdf,16,BE it enacted by Parliament in the Sixty-fourth Year of the Republic of India as follows:—,9.96,0,0,90,BODY
A2013-18.pdf,16,CHAPTER I,9.96,0,1,9,CHAPTER
A2013-18.pdf,16,PRELIMINARY,9.96,0,1,11,HEADING
A2013-18.pdf,16,"1. Short title, extent, commencement and application.— ( 1 ) This Act may be called the Companies Act, 2013.",9.96,1,0,108,SECTION
A2013-18.pdf,16,( 2 ) It extends to the whole of India.,9.96,0,0,39,BODY
A2013-18.pdf,16,( 3 ) This section shall come into force at once and the remaining provisions of this Act shall come into force on such date 1 as,8.89,0,0,129,BODY
A2013-18.pdf,16,"the Central Government may, by notification in the Official Gazette, appoint and *different dates may",9.0,0,0,101,BODY
A2013-18.pdf,16,"*1. 12th September, 2013 – S. 2( 1 ),( 3 ), ( 4 ), ( 5 ), ( 6 ), ( 8 ), ( 9 ), ( 10 ), ( 11 ), ( 12 ), ( 14 ), ( 15 ), ( 16 ), ( 17 ), ( 18 ), ( 19 ), ( 20 ), ( 21 ), ( 22 ), ( 24 ), ( 25 ), ( 26 ), ( 27 ), ( 28 ), ( 29 ) [except",6.96,1,0,229,BODY
A2013-18.pdf,16,"sub-clause (iv)], ( 30 ), ( 32 ), ( 33 ), ( 34 ), ( 35 ), ( 36 ), ( 37 ), ( 38 ), ( 39 ), ( 40 ), ( 43 ), ( 44 ), ( 45 ), ( 46) , ( 49 ), ( 50 ), ( 51 ), ( 52 ), ( 53 ), ( 54 ), ( 55 ), ( 56 ), ( 57 ), ( 58 ), ( 59 ), ( 60 ), ( 61 ), ( 63 ),",6.96,0,0,241,BODY
A2013-18.pdf,16,"( 64 ), ( 65 ), ( 66 ), ( 67 ) [except sub-clause ( ix )], ( 84 ), ( 86 ),( 87 ) [except the proviso and Explanation ( d )], ( 88 ), ( 89 ), ( 90 ), ( 91 ), ( 92 ), ( 93 ), ( 94 ), ( 95 ); s. 19, 21, 22, 23",6.96,0,0,206,BODY
A2013-18.pdf,16,"[except clause ( b ) of sub-section ( 1 ) and sub-section ( 2 )], 24, 25 [except sub-section ( 3 )], 29, 30, 31, 32, 33 [except sub-section ( 3 )], 34, 35 [except clause ( e ) of sub-",6.96,0,0,183,BODY
A2013-18.pdf,16,"section (1 )], 36, 37, 38 39 [except sub-section ( 4 )], 40 [except sub-section ( 6 )], 44, 45, 49, 50, 51, 57, 58, 59, 60, 65, 69, 70 [except sub-section ( 2 )], 86, 91, 100 [except",6.96,0,0,182,BODY
A2013-18.pdf,16,"sub-section ( 6 )], 102, 103, 104, 105 [except the third and fourth provisos of sub-section ( 1 ) and sub-section ( 7 )], 106, 107, 111, 112, 113 [except clause ( b ) of sub-",6.96,0,0,174,BODY
A2013-18.pdf,16,"section ( 1) ], 114, 116, 127, 133, 161 [except sub-section ( 2 )], 162, 163, 176, 180, 181, 182, 183, 185, 192, 194,195, 202, 379, 382, 383, 386 [except clause ( a) ], 394,",6.96,0,0,173,BODY
A2013-18.pdf,16,"405, 407, 408, 409, 410, 411, 412, 413, 414, 439, 443, 444, 445, 446, 447, 448, 449, 450, 451, 452, 453, 456, 457, 458, 459, 460, 461, 462, 463, 467, 468, 469, 470,",6.96,0,0,164,BODY
A2013-18.pdf,16,"vide notification No. S.O. 2754(E), dated 12th September, 2013, see Gazette of India, Extraordinary, Part II, sec. 3( ii ).",6.96,0,0,123,META
A2013-18.pdf,16,"1st April 2014 – S. 2( 2 ), ( 7 ), ( 13 ), ( 31 ), ( 41 ), ( 42 ), ( 47 ), ( 48 ), ( 62 ), ( 83 ), ( 85 ) and Explanation ( d ) of clause ( 87 ); ss. 3, 4, 5, 6; s. 7 [except sub-section ( 7 )]; s. 8 [except",6.96,1,0,207,BODY
A2013-18.pdf,16,"sub-section ( 9 )]; ss. 9, 10, 11, 12 and 13; s. 14 [except second proviso to sub-section ( 1 ) and sub-section ( 2 )]; ss. 15, 16, 17 and 18; section 20; clause ( b ) of sub-section",6.96,0,0,182,BODY
A2013-18.pdf,16,"( 1 ) and sub-section ( 2 ) of section 23; sub-section ( 3 ) of section 25; ss. 26, 27 and 28; sub-section ( 3 ) of s. 33; clause ( e ) of sub-section ( 1 ) of s. 35; sub-section ( 4 ) of s.",6.96,0,0,190,BODY
A2013-18.pdf,16,"39; sub-section ( 6 ) of s. 40; ss. 41, 42 and 43; ss. 46 and 47; ss. 52, 53 and 54; s. 55 [except sub-section ( 3 )]; s. 56; s. 61 [except proviso to clause ( b ) of sub-section ( 1 )];",6.96,0,0,186,BODY
A2013-18.pdf,16,s. 62 [except sub-sections ( 4 ) to ( 6 )]; ss. 63 and 64; ss. 67 and 68; sub-section ( 2 ) of section 70; s. 71 [except sub-sections ( 9 ) to ( 11 )]; ss. 72 and 73; sub-section ( 1 ) of,6.96,0,0,187,BODY
A2013-18.pdf,16,"s. 74; ss. 76, 77, 78, 79, 80, 81, 82, 83, 84 and 85; ss. 87, 88, 89 and 90; ss. 92, 93, 94, 95 and 96; sub-section ( 6 ) of s.100; s. 101; third and fourth provisos to sub-",6.96,0,0,173,BODY
A2013-18.pdf,16,"section ( 1 ) and sub-section ( 7 ) of s. 105; ss. 108, 109 and 110; clause ( b ) of sub-section ( 1 ) of s. 113; s. 115; ss. 117and 118; s. 119 [except sub-section ( 4 )]; ss. 120,",6.96,0,0,181,BODY
A2013-18.pdf,16,"121, 122 and 123; s. 126; ss. 128 and 129; s.134; ss. 136, 137, 138 and 139; s. 140 [except second proviso to sub-section ( 4 ) and sub-section ( 5 )]; ss. 141, 142, 143, 144,",6.96,0,0,175,BODY
A2013-18.pdf,16,"145, 146, 147, 148, 149, 150, 151, 152, 153, 154, 155, 156, 157, 158, 159 and 160; sub-section ( 2 ) of s. 161; ss. 164, 165, 166, 167 and 168; s. 169 [except sub-section",6.96,0,0,170,BODY
A2013-18.pdf,16,"( 4 )]; ss. 170, 171, 172, 173, 174 and 175; ss. 177, 178 and 179; s. 184; ss. 186, 187, 188, 189, 190 and 191; s. 193; ss. 196, 197, 198, 199, 200 and 201; ss. 203, 204,",6.96,0,0,170,BODY
A2013-18.pdf,16,"205, 206, 207, 208, 209, 210 and 211; s. 212 [except references of sub-section ( 10 ) of s. 66, sub-section ( 5 ) of s. 140], s. 213, sub-section ( 1 ) of s. 251 and sub-section",6.96,0,0,177,BODY
A2013-18.pdf,16,"( 3 ) of s. 339 made in sub-section ( 6 ) and also sub-sections ( 8 ) to ( 10 )]; ss. 214, 215; s. 216 [except sub-section ( 2 )]; s. 217; ss. 219 and 220; s. 223; s. 224 [except sub-",6.96,0,0,183,BODY
A2013-18.pdf,16,"sections ( 2 ) and ( 5 )]; s. 225; ss. 228 and 229; ss. 366, 367, 368and 369; s. 370 (except the proviso); s. 371; s. 374; ss. 380and 381; ss. 384and 385; clause ( a ) of s. 386;",6.96,0,0,178,BODY
A2013-18.pdf,16,"ss. 387, 388, 389and 390; sub-section ( 1 ) of s. 391; ss. 392 and 393; ss. 395, 396, 397and 398; s. 399 [except reference of word Tribunal in sub-section ( 2 )]; ss. 400,",6.96,0,0,171,BODY
A2013-18.pdf,16,"401, 402, 403and 404; s. 406; s. 442; ss. 454and 455; s. 464; Schs. I, II, III, IV, V and VI, vide notification No. S.O. 902(E), dated 26th March, 2014, see Gazette of",6.96,0,0,167,META
A2013-18.pdf,16,"India, Extraordinary, Part II, sec.3( ii ).",6.96,0,0,43,BODY
A2013-18.pdf,16,"1st April, 2014 – S. 135 and Sch. VII, vide notification No. S.O. 582(E), dated 27th February, 2014, see Gazette of India, Extraordinary, Part II, sec. 3 (ii).",6.96,1,0,159,META
A2013-18.pdf,16,"6th June, 2014 –Sub-sections ( 2 ) and ( 3 ) of s. 74, vide notification No. S.O. 1459(E), dated 6th June, 2014, see Gazette of India, Extraordinary, Part II, sec. 3( ii ).",6.96,1,0,172,META
A2013-18.pdf,16,"13th January, 2016 –S. 125( 5 ), (6) [except with respect to the manner of administration of the Investor Education and Protection Fund] and (7), vide notification No.",6.96,1,0,167,BODY
A2013-18.pdf,16,"S.O. 125(E), see Gazette of India, Extraordinary, Part II, sec. 3(ii).",6.96,0,0,70,BODY
A2013-18.pdf,16,th,4.56,0,0,2,BODY
A2013-18.pdf,16,"18th May, 2016 -S. 2( 29 ) ( iv ), ss. 435 to 438 and s. 440, vide notification No. S.O. 1795(E), dated 18 May, 2016, see Gazette of India, Extraordinary, Part II, sec. 3(ii).",6.96,1,0,175,META
A2013-18.pdf,16,"1st June, 2016 -S. 7( 7 ) [except clause ( c ) and ( d )], s. 14( 2 ), second proviso to sub-section ( 1 ) of s. 14, s. 55 ( 3 ), proviso to clause ( b ) of sub-section ( 1 ) of s. 61; s. 62 ( 4 )",6.96,1,0,196,BODY
A2013-18.pdf,16,"to ( 6 ), s. 71 ( 9 ), ( 10 ) and ( 11 ), s. 75; s. 97; s. 98 and s. 99; S. 119 ( 4 ), s. 130 and 131; second proviso to sub-section ( 4 ) and ( 5 ) of s. 140, s. 169( 4 ), s. 213, s. 216 ( 2 ), s.",6.96,0,0,197,BODY
A2013-18.pdf,16,"218, s. 221, s. 222, s. 224 ( 5 ), ss. 241, 242 [except clause ( b ) of sub-section ( 1 ), cls. ( c ) and ( g ) of sub-section ( 2 )], 243, 244 and 245; Reference of word “Tribunal” s.",6.96,0,0,184,BODY
A2013-18.pdf,16,"399 ( 2 ),ss. 415 to 433, s. 434 ( 1 ) ( a ) and ( b ) & (2), s. 441and 466, vide notification No. S.O. 1934(E), dated 1 st June, 2016, see Gazette of India, Extraordinary Part II,",6.9,0,0,180,META
A2013-18.pdf,16,sec. 3(ii).,6.96,0,0,11,SECTION
A2013-18.pdf,16,"7th September, 2016 -S. 124, s. 125 (1) to (4), (6) [with respect to the manner of administration of the Investor Education and Protection Fund] and (8) to (11) vide",6.96,1,0,165,BODY
A2013-18.pdf,16,"Notification No. S.O. 2866(E), dated 5 th September, 2016, see Gazette of India, Extraordinary, Part II, sec. 3(ii).",6.83,0,0,116,META
A2013-18.pdf,16,"9th September, 2016 - S. 227, 242 (1) (b), (2) (c) & (g), s. 246, Ss. 337 to 341 (to the extent of their applicability for s. 246), vide notification No. S.O. 2912(E), dated",6.96,1,0,173,META
A2013-18.pdf,16,"9 th September, 2016, see Gazette of India, Extraordinary, Part II, sec. 3(ii).",6.78,0,0,79,BODY
A2013-18.pdf,16,"15th December, 2016 -S. 2 (23), s.7 ( 7 ) ( c ) and ( d ), s. 8 (9), s. 48, s. 66, s. 224 (2), s. 226, s. 230 [except sub-section ( 11 ) and ( 12 )], and ss. 231 to 233, ss. 235 to 240,",6.96,1,0,185,BODY
A2013-18.pdf,16,"ss. 270 to 288, ss. 290 to 303, ss. 324, ss. 326 to 365, proviso to s. 370, ss. 372 to 373, ss. 375 to 378, s. 391 ( 2 ), s. 434 ( 1 ) cl. (c) vide notification No. S.O. 3677(E),",6.96,0,0,178,BODY
A2013-18.pdf,16,"dated 7 th December, 2016, see Gazette of India, Extraordinary Part II, sec. 3 (ii).",6.8,0,0,84,META
A2013-18.pdf,16,"26th December, 2016 -Ss. 248 to 252, vide notification No. S.Ó. 4167(E), dated 26 th December, 2016, see Gazette of India, Extraordinary Part II, sec. 3 (ii).",6.87,1,0,158,META
A2013-18.pdf,16,"13th April, 2017 - S. 234, vide notification No. S.O. 1182(E), dated 13 th April, 2017, see Gazette of India, Extraordinary Part II, sec. 3 (ii).",6.87,1,0,145,META
A2013-18.pdf,16,"24th August, 2017 -S. 212 ( 8 ), ( 9 ) and ( 10 ), vide notification No. S.O. 2751(E), dated 24 th August, 2017, see Gazette of India, Extraordinary Part II, sec. 3 (ii).",6.89,1,0,170,META
A2013-18.pdf,16,"20th September, 2017 -Proviso to clause (87) of s. 2, vide notification No. S.O. 3086(E), dated 20 th September, 2017, see Gazette of India, Extraordinary Part II, sec. 3 (ii).",6.4,1,0,176,META
A2013-18.pdf,16,"18 th October, 2017 -S. 247, vide notification No. S.O. 3393(E), dated 18 th October, 2017, see Gazette of India, Extraordinary Part II, sec. 3(ii).",6.77,1,0,148,META
A2013-18.pdf,16,"21st March, 2018 - S. 132 ( 3 ) and (11), vide notification No. S.O. 1316(E), dated 21 st March, 2018, see Gazette of India, Extraordinary Part II, sec. 3(ii).",6.88,1,0,159,META
A2013-18.pdf,16,"1st October, 2018 - S.132 (1) and (12), vide notification No. S.O. 5098(E), dated 1 st October, 2018, see Gazette of India, Extraordinary Part II, sec. 3(ii).",6.87,1,0,158,META
A2013-18.pdf,16,"24th October, 2018 - S. 132 (2), (4), (5), (10), (13), (14) and (15) vide notification No. S.O. 5385(E), dated 24 th October, 2018, see Gazette of India, Extraordinary Part",6.85,1,0,172,META
A2013-18.pdf,16,"II, sec. 3(ii).",6.0,0,0,15,BODY
A2013-18.pdf,16,"30th January, 2019- S.465 in so far as they relate to the repeal of the Companies Act, 1956 (1 of 1956) [that in except in so far as they relate to the repeal of the Registration of Companies (Sikkim)",6.0,1,0,200,BODY
A2013-18.pdf,16,"Act, 1961 (Sikkim Act 8 of 1961)] vide notification No. S.O. 560(E), dated 30th January 2019, see Gazette of India, Extraordinary Part II, sec. 3(ii).",6.0,0,0,150,META
A2013-18.pdf,16,"1st July, 2019- S. 81, vide notification No. S.O. 2269(E), dated 15th August, 2019, see Gazette of India, Extraordinary Part II, sec. 3(ii).",6.0,1,0,140,META
A2013-18.pdf,16,"3rd February, 2020 -S. 230 (11) and (12), vide notification No. S.O. 525(E), dated 3rd February, 2020, see Gazette of India, Extraordinary, Part II, sec. 3(ii).",6.0,1,0,160,META
A2013-18.pdf,16,"21 st December, 2020 -S. 1, 3,6 to 10 (both inclusive), s. 12 to 17 (both inclusive), clauses (a) and (b) of s. 18, s. 19 to 21 (both inclusive), clause (i) of s. 22, 24,26, 28 to 31 (both inclusive), s. 33",5.95,1,0,206,BODY
A2013-18.pdf,16,st,3.96,0,0,2,BODY
A2013-18.pdf,16,"to 39 (both inclusive), s. 41 to 44 (both inclusive), s. 46 to 51 (both inclusive), s. 54, 57, 61 and 63, vide notification No. S.O. 4646(E), dated 21 December, 2020, see Gazette of India, Extraordinary,",6.0,0,0,203,META
A2013-18.pdf,16,"Part II, sec. 3 (ii).",6.0,0,0,21,BODY
A2013-18.pdf,16,"*. Vide Notification No. S.O. 3912 (E), dated 30th October, 2019, this Act is made applicable to the Union territory of Jammu and Kashmir and the Union territory of Ladakh.",6.0,0,0,172,META
A2013-18.pdf,16,"22 nd January, 2021 - Sections. 2, 11, clause ( c ) of sec. 18, Clause ( ii ) Sec. 22, Sections. 25, 27, 53, 55, 58, 60, 59, 62, 64, 65, vide notification No. S.O. 325(E), dated 21 st January, 2021, see Gazette",5.91,1,0,210,META
A2013-18.pdf,16,"of India, Extraordinary, Part II, sec. 3 ( ii ).",6.0,0,0,48,BODY
A2013-18.pdf,16,"11 th February, 2021 - Sections. 52 & 66, vide notification No. S.O. 644(E), dated 11 th February, 2021, see Gazette of India, Extraordinary, Part II, sec. 3 ( ii ).",5.87,1,0,165,META
A2013-18.pdf,16,"18 th March, 2021- Sections. 32 & 40, vide notification No. S.O. 1255(E), dated 18 th March, 2021, see Gazette of India, Extraordinary, Part II, sec. 3 ( ii ).",5.86,1,0,159,META
A2013-18.pdf,16,st,4.56,1,0,2,BODY
A2013-18.pdf,16,"1 September, 2021 - Section. 4, vide notification No. S.O. 2904(E), dated 22 nd July, 2021, see Gazette of India, Extraordinary, Part II, sec. 3 ( ii ).",6.06,1,0,152,META
A2013-18.pdf,16,"1 st July, 2022 - th",6.06,1,0,20,BODY
A2013-18.pdf,16,"Section. 56, vide notification No. S.O. 148(E), dated 11 January, 2022, see Gazette of India, Extraordinary, Part II, sec. 3 ( ii ).",6.0,0,0,132,META
A2013-18.pdf,16,"30 th October, 2023- Section. 5, vide notification No. S.O. 4744(E), dated 30 th October, 2023, see Gazette of India, Extraordinary, Part II, sec. 3 ( ii ).",5.85,1,0,156,META
A2013-18.pdf,16,16,9.96,0,0,2,BODY
A2013-18.pdf,17,be appointed for different provisions of this Act and any reference in any provision to the commencement,11.04,0,0,104,BODY
A2013-18.pdf,17,of this Act shall be construed as a reference to the coming into force of that provision.,11.04,0,0,89,BODY
A2013-18.pdf,17,( 4 ) The provisions of this Act shall apply to—,11.04,0,0,48,BODY
A2013-18.pdf,17,( a ) companies incorporated under this Act or under any previous company law;,11.04,0,0,78,BODY
A2013-18.pdf,17,"( b ) insurance companies, except in so far as the said provisions are inconsistent with the provisions",11.04,0,0,103,BODY
A2013-18.pdf,17,"of the Insurance Act, 1938 (4 of 1938) or the Insurance Regulatory and Development Authority Act,",11.04,0,0,97,BODY
A2013-18.pdf,17,1999 (41 of 1999);,11.04,0,0,18,BODY
A2013-18.pdf,17,"( c ) banking companies, except in so far as the said provisions are inconsistent with the provisions",11.04,0,0,101,BODY
A2013-18.pdf,17,"of the Banking Regulation Act, 1949 (10 of 1949);",11.04,0,0,49,BODY
A2013-18.pdf,17,"( d ) companies engaged in the generation or supply of electricity, except in so far as the said",11.04,0,0,96,BODY
A2013-18.pdf,17,"provisions are inconsistent with the provisions of the Electricity Act, 2003 (36 of 2003);",11.04,0,0,90,BODY
A2013-18.pdf,17,"( f ) such body corporate, incorporated by any Act for the time being in force, as the Central",11.04,0,0,94,BODY
A2013-18.pdf,17,"Government may, by notification, specify in this behalf, subject to such exceptions, modifications or",11.04,0,0,101,BODY
A2013-18.pdf,17,"adaptation, as may be specified in the notification.",11.04,0,0,52,BODY
A2013-18.pdf,17,"2. Definitions.— In this Act, unless the context otherwise requires,—",11.04,1,0,69,SECTION
A2013-18.pdf,17,( 1 ) “abridged prospectus” means a memorandum containing such salient features of a prospectus as,11.04,0,0,98,BODY
A2013-18.pdf,17,may be specified by the Securities and Exchange Board by making regulations in this behalf;,11.04,0,0,91,BODY
A2013-18.pdf,17,( 2 ) “accounting standards” means the standards of accounting or any addendum thereto for,11.04,0,0,90,BODY
A2013-18.pdf,17,companies or class of companies referred to in section 133;,11.04,0,0,59,BODY
A2013-18.pdf,17,"( 3 ) “alter” or “alteration” includes the making of additions, omissions and substitutions;",11.04,0,0,92,BODY
A2013-18.pdf,17,( 4 ) “Appellate Tribunal” means the National Company Law Appellate Tribunal constituted under,11.04,0,0,94,BODY
A2013-18.pdf,17,section 410;,11.04,0,0,12,SECTION
A2013-18.pdf,17,( 5 ) “articles” means the articles of association of a company as originally framed or as altered from,11.04,0,0,103,BODY
A2013-18.pdf,17,time to time or applied in pursuance of any previous company law or of this Act;,11.04,0,0,80,BODY
A2013-18.pdf,17,"( 6 ) “associate company”, in relation to another company, means a company in which that other",11.04,0,0,94,BODY
A2013-18.pdf,17,"company has a significant influence, but which is not a subsidiary company of the company having such",11.04,0,0,101,BODY
A2013-18.pdf,17,influence and includes a joint venture company.,11.04,0,0,47,BODY
A2013-18.pdf,17,"1 [ Explanation .—For the purpose of this clause,—",10.41,0,0,50,BODY
A2013-18.pdf,17,( a ) the expression “significant influence” means control of at least twenty per cent. of total voting,11.04,0,0,103,BODY
A2013-18.pdf,17,"power, or control of or participation in business decisions under an agreement;",11.04,0,0,79,BODY
A2013-18.pdf,17,( b ) the expression “joint venture” means a joint arrangement whereby the parties that have joint,11.04,0,0,98,BODY
A2013-18.pdf,17,control of the arrangement have rights to the net assets of the arrangement;],11.04,0,0,77,BODY
A2013-18.pdf,17,( 7 ) “auditing standards” means the standards of auditing or any addendum thereto for companies or,11.04,0,0,99,BODY
A2013-18.pdf,17,class of companies referred to in sub-section ( 10 ) of section 143;,11.04,0,0,68,BODY
A2013-18.pdf,17,( 8 ) “authorised capital” or “nominal capital” means such capital as is authorised by the,11.04,0,0,90,BODY
A2013-18.pdf,17,memorandum of a company to be the maximum amount of share capital of the company;,11.04,0,0,81,BODY
A2013-18.pdf,17,( 9 ) “banking company” means a banking company as defined in clause ( c ) of section 5 of the Banking,11.04,0,0,102,BODY
A2013-18.pdf,17,"Regulation Act, 1949 (10 of 1949);",11.04,0,0,34,BODY
A2013-18.pdf,17,"( 10 ) “Board of Directors” or “Board”, in relation to a company, means the collective body of the",11.04,0,0,98,BODY
A2013-18.pdf,17,directors of the company;,11.04,0,0,25,BODY
A2013-18.pdf,17,"( 11 ) “body corporate” or “corporation” includes a company incorporated outside India, but does not",11.04,0,0,100,BODY
A2013-18.pdf,17,include—,11.04,0,0,8,BODY
A2013-18.pdf,17,( i ) a co-operative society registered under any law relating to co-operative societies; and,11.04,0,0,93,BODY
A2013-18.pdf,17,"( ii ) any other body corporate (not being a company as defined in this Act), which the Central",11.04,0,0,95,BODY
A2013-18.pdf,17,"Government may, by notification, specify in this behalf;",11.04,0,0,56,BODY
A2013-18.pdf,17,"( 12 ) “book and paper” and “book or paper” include books of account, deeds, vouchers, writings,",11.04,0,0,96,BODY
A2013-18.pdf,17,"documents, minutes and registers maintained on paper or in electronic form;",11.04,0,0,75,BODY
A2013-18.pdf,17,( 13 ) “books of account” includes records maintained in respect of—,11.04,0,0,68,BODY
A2013-18.pdf,17,"1. The Explanation subs. by Act 1 of 2018, s. 2 (w.e.f. 7-5-2018).",9.0,0,0,66,SECTION
A2013-18.pdf,17,17,9.96,0,0,2,BODY
A2013-18.pdf,18,( i ) all sums of money received and expended by a company and matters in relation to which the,11.04,0,0,95,BODY
A2013-18.pdf,18,receipts and expenditure take place;,11.04,0,0,36,BODY
A2013-18.pdf,18,( ii ) all sales and purchases of goods and services by the company;,11.04,0,0,68,BODY
A2013-18.pdf,18,( iii ) the assets and liabilities of the company; and,11.04,0,0,54,BODY
A2013-18.pdf,18,( iv ) the items of cost as may be prescribed under section 148 in the case of a company which,11.04,0,0,94,BODY
A2013-18.pdf,18,belongs to any class of companies specified under that section;,11.04,0,0,63,BODY
A2013-18.pdf,18,"( 14 ) “branch office”, in relation to a company, means any establishment described as such by the",11.04,0,0,98,BODY
A2013-18.pdf,18,company;,11.04,0,0,8,BODY
A2013-18.pdf,18,"( 15 ) “called-up capital” means such part of the capital, which has been called for payment;",11.04,0,0,93,BODY
A2013-18.pdf,18,( 16 ) “charge” means an interest or lien created on the property or assets of a company or any of its,11.04,0,0,102,BODY
A2013-18.pdf,18,undertakings or both as security and includes a mortgage;,11.04,0,0,57,BODY
A2013-18.pdf,18,( 17 ) “chartered accountant” means a chartered accountant as defined in clause ( b ) of sub-section ( 1 ),11.04,0,0,106,BODY
A2013-18.pdf,18,"of section 2 of the Chartered Accountants Act, 1949 (38 of 1949) who holds a valid certificate of practice",11.04,0,0,106,BODY
A2013-18.pdf,18,under sub-section ( 1 ) of section 6 of that Act;,11.04,0,0,49,BODY
A2013-18.pdf,18,"( 18 ) “Chief Executive Officer” means an officer of a company, who has been designated as such by",11.04,0,0,98,BODY
A2013-18.pdf,18,it;,11.04,0,0,3,BODY
A2013-18.pdf,18,( 19 ) “Chief Financial Officer” means a person appointed as the Chief Financial Officer of a company;,11.04,0,0,102,BODY
A2013-18.pdf,18,( 20 ) “company” means a company incorporated under this Act or under any previous company law;,11.04,0,0,95,BODY
A2013-18.pdf,18,( 21 ) “company limited by guarantee” means a company having the liability of its members limited,11.04,0,0,97,BODY
A2013-18.pdf,18,by the memorandum to such amount as the members may respectively undertake to contribute to the,11.04,0,0,95,BODY
A2013-18.pdf,18,assets of the company in the event of its being wound up;,11.04,0,0,57,BODY
A2013-18.pdf,18,( 22 ) “company limited by shares” means a company having the liability of its members limited by,11.04,0,0,97,BODY
A2013-18.pdf,18,"the memorandum to the amount, if any, unpaid on the shares respectively held by them;",11.04,0,0,85,BODY
A2013-18.pdf,18,1 [( 23 ) “Company Liquidator” means a person appointed by the Tribunal as the Company Liquidator,10.8,0,0,97,BODY
A2013-18.pdf,18,in accordance with the provisions of section 275 for the winding up of a company under this Ac ],11.04,0,0,96,BODY
A2013-18.pdf,18,t;,9.96,0,0,2,BODY
A2013-18.pdf,18,( 24 ) “company secretary” or “secretary” means a company secretary as defined in clause ( c ) of sub-,11.04,0,0,102,BODY
A2013-18.pdf,18,"section ( 1 ) of section 2 of the Company Secretaries Act, 1980 (56 of 1980) who is appointed by a",11.04,0,0,98,BODY
A2013-18.pdf,18,company to perform the functions of a company secretary under this Act;,11.04,0,0,71,BODY
A2013-18.pdf,18,( 25 ) “company secretary in practice” means a company secretary who is deemed to be in practice,11.04,0,0,96,BODY
A2013-18.pdf,18,"under sub-section ( 2 ) of section 2 of the Company Secretaries Act, 1980 (56 of 1980);",11.04,0,0,87,BODY
A2013-18.pdf,18,( 26 ) “contributory” means a person liable to contribute towards the assets of the company in the,11.04,0,0,98,BODY
A2013-18.pdf,18,event of its being wound up.,11.04,0,0,28,BODY
A2013-18.pdf,18,"Explanation. —For the purposes of this clause, it is hereby clarified that a person holding fully paid-",11.04,0,0,103,BODY
A2013-18.pdf,18,up shares in a company shall be considered as a contributory but shall have no liabilities of a contributory,11.04,0,0,108,BODY
A2013-18.pdf,18,under the Act whilst retaining rights of such a contributory;,11.04,0,0,61,BODY
A2013-18.pdf,18,( 27 ) “control” shall include the right to appoint majority of the directors or to control the management,11.04,0,0,106,BODY
A2013-18.pdf,18,"or policy decisions exercisable by a person or persons acting individually or in concert, directly or",11.04,0,0,101,BODY
A2013-18.pdf,18,"indirectly, including by virtue of their shareholding or management rights or shareholders agreements",11.04,0,0,101,BODY
A2013-18.pdf,18,or voting agreements or in any other manner;,11.04,0,0,44,BODY
A2013-18.pdf,18,).,9.96,0,0,2,BODY
A2013-18.pdf,18,"1. Subs. by Act 31 of 2016, s. 255 and the Eleventh Schedule, for clause ( 23 ) (w.e.f. 15-11-2016",9.0,0,0,98,BODY
A2013-18.pdf,18,18,9.96,0,0,2,BODY
A2013-18.pdf,19,1,6.96,0,0,1,BODY
A2013-18.pdf,19,[( 28 ) “ Cost Accountant” means a cost accountant as defined in clause ( b ) of sub-section ( 1 ) of section 2 of,10.79,0,0,114,BODY
A2013-18.pdf,19,"the Cost and Works Accountants Act, 1959 (23 of 1959) and who holds a valid certificate of practice under",10.53,0,0,105,BODY
A2013-18.pdf,19,sub-section ( 1 ) of section 6 of that Act ;],10.06,0,0,45,BODY
A2013-18.pdf,19,( 29 ) “court” means—,11.04,0,0,21,BODY
A2013-18.pdf,19,( i ) the High Court having jurisdiction in relation to the place at which the registered office of the,11.04,0,0,103,BODY
A2013-18.pdf,19,"company concerned is situate, except to the extent to which jurisdiction has been conferred on any",11.04,0,0,98,BODY
A2013-18.pdf,19,district court or district courts subordinate to that High Court under sub-clause ( ii );,11.04,0,0,89,BODY
A2013-18.pdf,19,"( ii ) the district court, in cases where the Central Government has, by notification, empowered any",11.04,0,0,100,BODY
A2013-18.pdf,19,"district court to exercise all or any of the jurisdictions conferred upon the High Court, within the scope",11.04,0,0,106,BODY
A2013-18.pdf,19,of its jurisdiction in respect of a company whose registered office is situate in the district;,11.04,0,0,95,BODY
A2013-18.pdf,19,( iii ) the Court of Session having jurisdiction to try any offence under this Act or under any,11.04,0,0,95,BODY
A2013-18.pdf,19,previous company law;,11.04,0,0,21,BODY
A2013-18.pdf,19,( iv ) the Special Court established under section 435;,11.04,0,0,55,BODY
A2013-18.pdf,19,( v ) any Metropolitan Magistrate or a Judicial Magistrate of the First Class having jurisdiction to,11.04,0,0,100,BODY
A2013-18.pdf,19,try any offence under this Act or under any previous company law;,11.04,0,0,65,BODY
A2013-18.pdf,19,"( 30 ) “ debenture” includes debenture stock, bonds or any other instrument of a company evidencing a",10.8,0,0,101,BODY
A2013-18.pdf,19,"debt, whether constituting a charge on the assets of the company or not:",11.04,0,0,72,BODY
A2013-18.pdf,19,2 [Provided that—,9.68,0,0,17,BODY
A2013-18.pdf,19,"( a ) the instruments referred to in Chapter III-D of the Reserve Bank of India Act, 1934 (2 of 1934);",11.04,0,0,102,BODY
A2013-18.pdf,19,and,11.04,0,0,3,BODY
A2013-18.pdf,19,"( b ) such other instrument, as may be prescribed by the Central Government in consultation with the",11.04,0,0,100,BODY
A2013-18.pdf,19,"Reserve Bank of India, issued by a company,",11.04,0,0,43,BODY
A2013-18.pdf,19,shall not be treated as debenture;],11.04,0,0,35,BODY
A2013-18.pdf,19,( 31 ) “deposit” includes any receipt of money by way of deposit or loan or in any other form by a,11.04,0,0,98,BODY
A2013-18.pdf,19,"company, but does not include such categories of amount as may be prescribed in consultation with the",11.04,0,0,101,BODY
A2013-18.pdf,19,Reserve Bank of India;,11.04,0,0,22,BODY
A2013-18.pdf,19,( 32 ) “depository” means a depository as defined in clause ( e ) of sub-section ( 1 ) of section 2 of the,11.04,0,0,106,BODY
A2013-18.pdf,19,"Depositories Act, 1996 (22 of 1996);",11.04,0,0,36,BODY
A2013-18.pdf,19,( 33 ) “derivative” means the derivative as defined in clause ( ac ) of section 2 of the Securities,11.04,0,0,99,BODY
A2013-18.pdf,19,"Contracts (Regulation) Act, 1956 (42 of 1956);",11.04,0,0,46,BODY
A2013-18.pdf,19,( 34 ) “director” means a director appointed to the Board of a company;,11.04,0,0,71,BODY
A2013-18.pdf,19,( 35 ) “dividend” includes any interim dividend;,11.04,0,0,48,BODY
A2013-18.pdf,19,"( 36 ) “document” includes summons, notice, requisition, order, declaration, form and register,",11.04,0,0,95,BODY
A2013-18.pdf,19,"whether issued, sent or kept in pursuance of this Act or under any other law for the time being in force",11.04,0,0,104,BODY
A2013-18.pdf,19,"or otherwise, maintained on paper or in electronic form;",11.04,0,0,56,BODY
A2013-18.pdf,19,"( 37 ) “employees’ stock option” means the option given to the directors, officers or employees of a",11.04,0,0,100,BODY
A2013-18.pdf,19,"company or of its holding company or subsidiary company or companies, if any, which gives such",11.04,0,0,94,BODY
A2013-18.pdf,19,"directors, officers or employees, the benefit or right to purchase, or to subscribe for, the shares of the",11.04,0,0,106,BODY
A2013-18.pdf,19,company at a future date at a pre-determined price;,11.04,0,0,51,BODY
A2013-18.pdf,19,"1. Subs. by Act 1 of 2018, s. 2, for clause ( 28 ) (w.e.f. 9-2-2018).",9.0,0,0,69,SECTION
A2013-18.pdf,19,"2. The Proviso ins. by s. 2, ibid . (w.e.f. 9-2-2018).",9.0,0,0,54,SECTION
A2013-18.pdf,19,19,9.96,0,0,2,BODY
A2013-18.pdf,20,"( 38 ) “expert” includes an engineer, a valuer, a chartered accountant, a company secretary, a cost",11.04,0,0,99,BODY
A2013-18.pdf,20,accountant and any other person who has the power or authority to issue a certificate in pursuance of,11.04,0,0,101,BODY
A2013-18.pdf,20,any law for the time being in force;,11.04,0,0,36,BODY
A2013-18.pdf,20,"( 39 ) “financial institution” includes a scheduled bank, and any other financial institution defined or",11.04,0,0,104,BODY
A2013-18.pdf,20,"notified under the Reserve Bank of India Act, 1934 (2 of 1934);",11.04,0,0,63,BODY
A2013-18.pdf,20,"( 40 ) “financial statement” in relation to a company, includes—",11.04,0,0,64,BODY
A2013-18.pdf,20,( i ) a balance sheet as at the end of the financial year;,11.04,0,0,58,BODY
A2013-18.pdf,20,"( ii ) a profit and loss account, or in the case of a company carrying on any activity not for profit,",11.04,0,0,102,BODY
A2013-18.pdf,20,an income and expenditure account for the financial year;,11.04,0,0,57,BODY
A2013-18.pdf,20,( iii ) cash flow statement for the financial year;,11.04,0,0,51,BODY
A2013-18.pdf,20,"( iv ) a statement of changes in equity, if applicable; and",11.04,0,0,59,BODY
A2013-18.pdf,20,"( v ) any explanatory note annexed to, or forming part of, any document referred to in sub-clause",11.04,0,0,97,BODY
A2013-18.pdf,20,( i ) to sub-clause ( iv ):,11.04,0,0,27,BODY
A2013-18.pdf,20,"Provided that the financial statement, with respect to One Person Company, small company and",11.04,0,0,92,BODY
A2013-18.pdf,20,"dormant company, may not include the cash flow statement;",11.04,0,0,57,BODY
A2013-18.pdf,20,"( 41 ) “financial year”, in relation to any company or body corporate, means the period ending on the",11.04,0,0,101,BODY
A2013-18.pdf,20,"31st day of March every year, and where it has been incorporated on or after the 1st day of January of a",11.04,0,0,104,BODY
A2013-18.pdf,20,"year, the period ending on the 31st day of March of the following year, in respect whereof financial",11.04,0,0,100,BODY
A2013-18.pdf,20,statement of the company or body corporate is made up:,11.04,0,0,54,BODY
A2013-18.pdf,20,"1 [Provided that where a company or body corporate, which is a holding company or a subsidiary",10.8,0,0,94,BODY
A2013-18.pdf,20,or associate company of a company incorporated outside India and is required to follow a different,11.04,0,0,98,BODY
A2013-18.pdf,20,"financial year for consolidation of its accounts outside India, the Central Government may, on an",11.04,0,0,97,BODY
A2013-18.pdf,20,"application made by that company or body corporate in such form and manner as may be prescribed,",11.04,0,0,96,BODY
A2013-18.pdf,20,"allow any period as its financial year, whether or not that period is a year:",11.04,0,0,77,BODY
A2013-18.pdf,20,Provided further that any application pending before the Tribunal as on the date of commencement,11.04,0,0,96,BODY
A2013-18.pdf,20,"of the Companies (Amendment) Act, 2019, shall be disposed of by the Tribunal in accordance with the",11.04,0,0,99,BODY
A2013-18.pdf,20,provisions applicable to it before such commencement;],11.04,0,0,54,BODY
A2013-18.pdf,20,"2 [Provided also that ] a company or body corporate, existing on the commencement of this Act,",10.8,0,0,94,BODY
A2013-18.pdf,20,"shall, within a period of two years from such commencement, align its financial year as per the",11.04,0,0,95,BODY
A2013-18.pdf,20,provisions of this clause;,11.04,0,0,26,BODY
A2013-18.pdf,20,( 42 ) “foreign company” means any company or body corporate incorporated outside India which—,11.04,0,0,94,BODY
A2013-18.pdf,20,"( a ) has a place of business in India whether by itself or through an agent, physically or through",11.04,0,0,99,BODY
A2013-18.pdf,20,electronic mode; and,11.04,0,0,20,BODY
A2013-18.pdf,20,( b ) conducts any business activity in India in any other manner;,11.04,0,0,66,BODY
A2013-18.pdf,20,"( 43 ) “free reserves” means such reserves which, as per the latest audited balance sheet of a company,",11.04,0,0,103,BODY
A2013-18.pdf,20,are available for distribution as dividend:,11.04,0,0,43,BODY
A2013-18.pdf,20,Provided that—,11.04,0,0,14,BODY
A2013-18.pdf,20,"( i ) any amount representing unrealised gains, notional gains or revaluation of assets, whether",11.04,0,0,96,BODY
A2013-18.pdf,20,"shown as a reserve or otherwise, or",11.04,0,0,35,BODY
A2013-18.pdf,20,"( ii ) any change in carrying amount of an asset or of a liability recognised in equity, including",11.04,0,0,98,BODY
A2013-18.pdf,20,"surplus in profit and loss account on measurement of the asset or the liability at fair value,",11.04,0,0,94,BODY
A2013-18.pdf,20,shall not be treated as free reserves;,11.04,0,0,38,BODY
A2013-18.pdf,20,"1. The proviso subs. by Act 22 of 2019, s. 2 (w.e.f. 2-11-2018).",9.0,0,0,64,SECTION
A2013-18.pdf,20,"2. Subs. by s. 2, ibid., for “Provided further that” (w.e.f. 2-11-2018).",9.0,0,0,72,SECTION
A2013-18.pdf,20,20,9.96,0,0,2,BODY
A2013-18.pdf,21,"( 44 ) “Global Depository Receipt” means any instrument in the form of a depository receipt, by",11.04,0,0,95,BODY
A2013-18.pdf,21,"whatever name called, created by a foreign depository outside India and authorised by a company",11.04,0,0,95,BODY
A2013-18.pdf,21,making an issue of such depository receipts;,11.04,0,0,44,BODY
A2013-18.pdf,21,( 45 ) “Government company” means any company in which not less than fifty-one per cent. of the,11.04,0,0,95,BODY
A2013-18.pdf,21,"paid-up share capital is held by the Central Government, or by any State Government or Governments,",11.04,0,0,99,BODY
A2013-18.pdf,21,"or partly by the Central Government and partly by one or more State Governments, and includes a",11.04,0,0,95,BODY
A2013-18.pdf,21,company which is a subsidiary company of such a Government company;,11.04,0,0,67,BODY
A2013-18.pdf,21,"( 46 ) “holding company”, in relation to one or more other companies, means a company of which",11.04,0,0,94,BODY
A2013-18.pdf,21,such companies are subsidiary companies;,11.04,0,0,40,BODY
A2013-18.pdf,21,"1 [ Explanation. —For the purposes of this clause, the expression “company” includes any body corporate;]",9.74,0,0,105,BODY
A2013-18.pdf,21,( 47 ) “independent director” means an independent director referred to in sub-section ( 6 ) of section,11.04,0,0,103,BODY
A2013-18.pdf,21,149;,11.04,0,0,4,BODY
A2013-18.pdf,21,( 48 ) “Indian Depository Receipt” means any instrument in the form of a depository receipt created,11.04,0,0,99,BODY
A2013-18.pdf,21,by a domestic depository in India and authorised by a company incorporated outside India making an,11.04,0,0,98,BODY
A2013-18.pdf,21,issue of such depository receipts;,11.04,0,0,34,BODY
A2013-18.pdf,21,2 * * * * *,10.36,0,0,11,BODY
A2013-18.pdf,21,( 50 ) “issued capital” means such capital as the company issues from time to time for subscription;,11.04,0,0,100,BODY
A2013-18.pdf,21,"( 51 ) “key managerial personnel”, in relation to a company, means—",11.04,0,0,67,BODY
A2013-18.pdf,21,( i ) the Chief Executive Officer or the managing director or the manager;,11.04,0,0,74,BODY
A2013-18.pdf,21,( ii ) the company secretary;,11.04,0,0,29,BODY
A2013-18.pdf,21,( iii ) the whole-time director;,11.04,0,0,32,BODY
A2013-18.pdf,21,3,6.96,0,0,1,BODY
A2013-18.pdf,21,( iv ) the Chief Financial Officer; ***,11.04,0,0,39,BODY
A2013-18.pdf,21,4,6.96,0,0,1,BODY
A2013-18.pdf,21,"[( v ) such other officer, not more than one level below the directors who is in whole-time employment,",10.13,0,0,103,BODY
A2013-18.pdf,21,designated as key managerial personnel by the Board; and,9.96,0,0,56,BODY
A2013-18.pdf,21,;],11.04,0,0,2,BODY
A2013-18.pdf,21,( vi ) such other officer as may be prescribed,9.96,0,0,46,BODY
A2013-18.pdf,21,( 52 ) “listed company” means a company which has any of its securities listed on any recognised,11.04,0,0,96,BODY
A2013-18.pdf,21,stock exchange:,11.04,0,0,15,BODY
A2013-18.pdf,21,"5 [Provided that such class of companies, which have listed or intend to list such class of securities,",10.81,0,0,103,BODY
A2013-18.pdf,21,"as may be prescribed in consultation with the Securities and Exchange Board, shall not be considered as",11.04,0,0,103,BODY
A2013-18.pdf,21,listed companies.],11.04,0,0,18,BODY
A2013-18.pdf,21,"( 53 ) “manager” means an individual who, subject to the superintendence, control and direction of",11.04,0,0,98,BODY
A2013-18.pdf,21,"the Board of Directors, has the management of the whole, or substantially the whole, of the affairs of a",11.04,0,0,104,BODY
A2013-18.pdf,21,"company, and includes a director or any other person occupying the position of a manager, by whatever",11.04,0,0,101,BODY
A2013-18.pdf,21,"name called, whether under a contract of service or not;",11.04,0,0,56,BODY
A2013-18.pdf,21,"( 54 ) “managing director” means a director who, by virtue of the articles of a company or an",11.04,0,0,93,BODY
A2013-18.pdf,21,"agreement with the company or a resolution passed in its general meeting, or by its Board of Directors,",11.04,0,0,103,BODY
A2013-18.pdf,21,is entrusted with substantial powers of management of the affairs of the company and includes a director,11.04,0,0,104,BODY
A2013-18.pdf,21,"occupying the position of managing director, by whatever name called.",11.04,0,0,69,BODY
A2013-18.pdf,21,"1. The Explanatio n ins. by Act 1 of 2018, s. 2 (w.e.f. 9-2-2018).",9.0,0,0,66,SECTION
A2013-18.pdf,21,"2. Clause ( 49 ) omitted by s. 2, ibid. (w.e.f. 9-2-2018).",9.0,0,0,58,SECTION
A2013-18.pdf,21,"3. The word “and” omitted by s. 2, ibid. (w.e.f. 9-2-2018).",9.0,0,0,59,SECTION
A2013-18.pdf,21,"4. Subs. by s. 2, ibid., for sub-clause ( v ) (w.e.f. 9-2-2018).",9.0,0,0,64,SECTION
A2013-18.pdf,21,"5. The Proviso ins. by Act 29 of 2020, s. 2 (w.e.f. 22-1-2021).",9.0,0,0,63,SECTION
A2013-18.pdf,21,21,9.96,0,0,2,BODY
A2013-18.pdf,22,"Explanation .—For the purposes of this clause, the power to do administrative acts of a routine nature",11.04,0,0,102,BODY
A2013-18.pdf,22,when so authorised by the Board such as the power to affix the common seal of the company to any,11.04,0,0,96,BODY
A2013-18.pdf,22,document or to draw and endorse any cheque on the account of the company in any bank or to draw and,11.04,0,0,99,BODY
A2013-18.pdf,22,endorse any negotiable instrument or to sign any certificate of share or to direct registration of transfer,11.04,0,0,107,BODY
A2013-18.pdf,22,"of any share, shall not be deemed to be included within the substantial powers of management;",11.04,0,0,93,BODY
A2013-18.pdf,22,"( 55 ) “member”, in relation to a company, means—",11.04,0,0,49,BODY
A2013-18.pdf,22,( i ) the subscriber to the memorandum of the company who shall be deemed to have agreed to,11.04,0,0,91,BODY
A2013-18.pdf,22,"become member of the company, and on its registration, shall be entered as member in its register of",11.04,0,0,100,BODY
A2013-18.pdf,22,members;,11.04,0,0,8,BODY
A2013-18.pdf,22,( ii ) every other person who agrees in writing to become a member of the company and whose,11.04,0,0,91,BODY
A2013-18.pdf,22,name is entered in the register of members of the company;,11.04,0,0,58,BODY
A2013-18.pdf,22,( iii ) every person holding shares of the company and whose name is entered as a beneficial owner,11.04,0,0,98,BODY
A2013-18.pdf,22,in the records of a depository;,11.04,0,0,31,BODY
A2013-18.pdf,22,( 56 ) “memorandum” means the memorandum of association of a company as originally framed or,11.04,0,0,92,BODY
A2013-18.pdf,22,as altered from time to time in pursuance of any previous company law or of this Act;,11.04,0,0,85,BODY
A2013-18.pdf,22,( 57 ) “net worth” means the aggregate value of the paid-up share capital and all reserves created out,11.04,0,0,102,BODY
A2013-18.pdf,22,"of the profits 1 [ , securities premium account and debit or credit balance of profit and loss account,] after",10.78,0,0,110,BODY
A2013-18.pdf,22,"deducting the aggregate value of the accumulated losses, deferred expenditure and miscellaneous",11.04,0,0,95,BODY
A2013-18.pdf,22,"expenditure not written off, as per the audited balance sheet, but does not include reserves created out",11.04,0,0,104,BODY
A2013-18.pdf,22,"of revaluation of assets, write-back of depreciation and amalgamation;",11.04,0,0,70,BODY
A2013-18.pdf,22,( 58 ) “notification” means a notification published in the Official Gazette and the expression “notify”,11.04,0,0,104,BODY
A2013-18.pdf,22,shall be construed accordingly;,11.04,0,0,31,BODY
A2013-18.pdf,22,"( 59 ) “officer” includes any director, manager or key managerial personnel or any person in",11.04,0,0,92,BODY
A2013-18.pdf,22,accordance with whose directions or instructions the Board of Directors or any one or more of the,11.04,0,0,97,BODY
A2013-18.pdf,22,directors is or are accustomed to act;,11.04,0,0,38,BODY
A2013-18.pdf,22,"( 60 ) “officer who is in default”, for the purpose of any provision in this Act which enacts that an",11.04,0,0,101,BODY
A2013-18.pdf,22,officer of the company who is in default shall be liable to any penalty or punishment by way of,11.04,0,0,95,BODY
A2013-18.pdf,22,"imprisonment, fine or otherwise, means any of the following officers of a company, namely:—",11.04,0,0,91,BODY
A2013-18.pdf,22,( i ) whole-time director;,11.04,0,0,26,BODY
A2013-18.pdf,22,( ii ) key managerial personnel;,11.04,0,0,32,BODY
A2013-18.pdf,22,"( iii ) where there is no key managerial personnel, such director or directors as specified by the",11.04,0,0,98,BODY
A2013-18.pdf,22,Board in this behalf and who has or have given his or their consent in writing to the Board to such,11.04,0,0,99,BODY
A2013-18.pdf,22,"specification, or all the directors, if no director is so specified;",11.04,0,0,68,BODY
A2013-18.pdf,22,"( iv ) any person who, under the immediate authority of the Board or any key managerial personnel,",11.04,0,0,98,BODY
A2013-18.pdf,22,"is charged with any responsibility including maintenance, filing or distribution of accounts or",11.04,0,0,95,BODY
A2013-18.pdf,22,"records, authorises, actively participates in, knowingly permits, or knowingly fails to take active steps",11.04,0,0,105,BODY
A2013-18.pdf,22,"to prevent, any default;",11.04,0,0,24,BODY
A2013-18.pdf,22,"( v ) any person in accordance with whose advice, directions or instructions the Board of Directors",11.04,0,0,99,BODY
A2013-18.pdf,22,"of the company is accustomed to act, other than a person who gives advice to the Board in a",11.04,0,0,91,BODY
A2013-18.pdf,22,professional capacity;,11.04,0,0,22,BODY
A2013-18.pdf,22,"( vi ) every director, in respect of a contravention of any of the provisions of this Act, who is aware",11.04,0,0,103,BODY
A2013-18.pdf,22,of such contravention by virtue of the receipt by him of any proceedings of the Board or participation,11.04,0,0,102,BODY
A2013-18.pdf,22,"1. Subs. by Act 1 of 2018, s. 2, for “and securities premium account” (w.e.f. 9-2-2018).",9.0,0,0,88,BODY
A2013-18.pdf,22,22,9.96,0,0,2,BODY
A2013-18.pdf,23,"in such proceedings without objecting to the same, or where such contravention had taken place with",11.04,0,0,99,BODY
A2013-18.pdf,23,his consent or connivance;,11.04,0,0,26,BODY
A2013-18.pdf,23,"( vii ) in respect of the issue or transfer of any shares of a company, the share transfer agents,",11.04,0,0,98,BODY
A2013-18.pdf,23,registrars and merchant bankers to the issue or transfer;,11.04,0,0,57,BODY
A2013-18.pdf,23,( 61 ) “Official Liquidator” means an Official Liquidator appointed under sub-section ( 1 ) of,11.04,0,0,94,BODY
A2013-18.pdf,23,section 59;,11.04,0,0,11,SECTION
A2013-18.pdf,23,( 62 ) “One Person Company” means a company which has only one person as a member;,11.04,0,0,82,BODY
A2013-18.pdf,23,"( 63 ) “ordinary or special resolution” means an ordinary resolution, or as the case may be, special",11.04,0,0,100,BODY
A2013-18.pdf,23,resolution referred to in section 114;,11.04,0,0,38,BODY
A2013-18.pdf,23,( 64 ) “paid-up share capital” or “share capital paid-up” means such aggregate amount of money,11.04,0,0,94,BODY
A2013-18.pdf,23,credited as paid-up as is equivalent to the amount received as paid-up in respect of shares issued and,11.04,0,0,102,BODY
A2013-18.pdf,23,"also includes any amount credited as paid-up in respect of shares of the company, but does not include",11.04,0,0,102,BODY
A2013-18.pdf,23,"any other amount received in respect of such shares, by whatever name called;",11.04,0,0,77,BODY
A2013-18.pdf,23,( 65 ) “postal ballot” means voting by post or through any electronic mode;,11.04,0,0,75,BODY
A2013-18.pdf,23,( 66 ) “prescribed” means prescribed by rules made under this Act;,11.04,0,0,66,BODY
A2013-18.pdf,23,( 67 ) “previous company law” means any of the laws specified below:—,11.04,0,0,69,BODY
A2013-18.pdf,23,"( i ) Acts relating to companies in force before the Indian Companies Act, 1866 (10 of 1866);",11.04,0,0,93,BODY
A2013-18.pdf,23,"( ii ) the Indian Companies Act, 1866 (10 of 1866);",11.04,0,0,51,BODY
A2013-18.pdf,23,"( iii ) the Indian Companies Act, 1882 (6 of 1882);",11.04,0,0,51,BODY
A2013-18.pdf,23,"( iv ) the Indian Companies Act, 1913 (7 of 1913);",11.04,0,0,50,BODY
A2013-18.pdf,23,"( v ) the Registration of Transferred Companies Ordinance, 1942 (Ord. 54 of 1942);",11.04,0,0,82,BODY
A2013-18.pdf,23,"( vi ) the Companies Act, 1956 (1 of 1956); and",11.04,0,0,47,BODY
A2013-18.pdf,23,( vii ) any law corresponding to any of the aforesaid Acts or the Ordinances and in force—,11.04,0,0,90,BODY
A2013-18.pdf,23,( A ) in the merged territories or in a Part B State (other than the State of Jammu and,11.04,0,0,87,BODY
A2013-18.pdf,23,"Kashmir*), or any part thereof, before the extension thereto of the Indian Companies Act, 1913",11.04,0,0,94,BODY
A2013-18.pdf,23,(7 of 1913); or,11.04,0,0,15,BODY
A2013-18.pdf,23,"( B ) in the State of Jammu and Kashmir*, or any part thereof, before the commencement of",11.04,0,0,89,BODY
A2013-18.pdf,23,"the Jammu and Kashmir (Extension of Laws) Act, 1956 (62 of 1956), in so far as banking,",11.04,0,0,87,BODY
A2013-18.pdf,23,"insurance and financial corporations are concerned, and before the commencement of the",11.04,0,0,86,BODY
A2013-18.pdf,23,"Central Laws (Extension to Jammu and Kashmir) Act, 1968 (25 of 1968), in so far as other",11.04,0,0,88,BODY
A2013-18.pdf,23,corporations are concerned;,11.04,0,0,27,BODY
A2013-18.pdf,23,"( viii ) the Portuguese Commercial Code, in so far as it relates to sociedades anonimas ; and",11.04,0,0,93,BODY
A2013-18.pdf,23,"( ix ) the Registration of Companies (Sikkim) Act, 1961 (Sikkim Act 8 of 1961);",11.04,0,0,79,BODY
A2013-18.pdf,23,1,6.96,0,0,1,BODY
A2013-18.pdf,23,( 68 ) “private company” means a company having a minimum paid-up share capital *** as may be,11.04,0,0,93,BODY
A2013-18.pdf,23,"prescribed, and which by its articles,—",11.04,0,0,39,BODY
A2013-18.pdf,23,( i ) restricts the right to transfer its shares;,11.04,0,0,49,BODY
A2013-18.pdf,23,"( ii ) except in case of One Person Company, limits the number of its members to two hundred:",11.04,0,0,93,BODY
A2013-18.pdf,23,"Provided that where two or more persons hold one or more shares in a company jointly, they shall,",11.04,0,0,97,BODY
A2013-18.pdf,23,"for the purposes of this clause, be treated as a single member:",11.04,0,0,63,BODY
A2013-18.pdf,23,"1. The words “of one lakh rupees or such higher paid-up share capital” omitted by Act 21 of 2015, s. 2 (w.e.f. 29-5-2015).",9.0,0,0,122,BODY
A2013-18.pdf,23,"*. Vide Notification No. S.O. 3912 (E), dated 30th October, 2019, this Act is made applicable to the Union territory of Jammu",9.09,0,0,125,META
A2013-18.pdf,23,and Kashmir and the Union territory of Ladakh.,9.0,0,0,46,BODY
A2013-18.pdf,23,23,9.96,0,0,2,BODY
A2013-18.pdf,24,Provided further that—,11.04,0,0,22,BODY
A2013-18.pdf,24,( A ) persons who are in the employment of the company; and,11.04,0,0,59,BODY
A2013-18.pdf,24,"( B ) persons who, having been formerly in the employment of the company, were members of the",11.04,0,0,93,BODY
A2013-18.pdf,24,"company while in that employment and have continued to be members after the employment ceased,",11.04,0,0,94,BODY
A2013-18.pdf,24,shall not be included in the number of members; and,11.04,0,0,51,BODY
A2013-18.pdf,24,( iii ) prohibits any invitation to the public to subscribe for any securities of the company;,11.04,0,0,94,BODY
A2013-18.pdf,24,( 69 ) “promoter” means a person—,11.04,0,0,33,BODY
A2013-18.pdf,24,( a ) who has been named as such in a prospectus or is identified by the company in the annual,11.04,0,0,94,BODY
A2013-18.pdf,24,return referred to in section 92; or,11.04,0,0,36,BODY
A2013-18.pdf,24,"( b ) who has control over the affairs of the company, directly or in directly whether as a share",11.04,0,0,97,BODY
A2013-18.pdf,24,"holder, director or otherwise; or",11.04,0,0,33,BODY
A2013-18.pdf,24,"( c ) in accordance with whose advice, directions or instructions the Board of Directors of the",11.04,0,0,95,BODY
A2013-18.pdf,24,company is accustomed to act:,11.04,0,0,29,BODY
A2013-18.pdf,24,Provided that nothing in sub-clause ( c ) shall apply to a person who is acting merely in a professional,11.04,0,0,104,BODY
A2013-18.pdf,24,capacity;,11.04,0,0,9,BODY
A2013-18.pdf,24,( 70 ) “prospectus” means any document described or issued as a prospectus and includes a red herring,11.04,0,0,101,BODY
A2013-18.pdf,24,"prospectus referred to in section 32 or shelf prospectus referred to in section 31 or any notice, circular,",11.04,0,0,107,BODY
A2013-18.pdf,24,advertisement or other document inviting offers from the public for the subscription or purchase of any,11.04,0,0,103,BODY
A2013-18.pdf,24,securities of a body corporate;,11.04,0,0,31,BODY
A2013-18.pdf,24,( 71 ) “public company” means a company which—,11.04,0,0,46,BODY
A2013-18.pdf,24,( a ) is not a private company; 1 [and],10.63,0,0,39,BODY
A2013-18.pdf,24,( b ) has a minimum paid-up share capital 2 *** as may be prescribed:,10.77,0,0,69,BODY
A2013-18.pdf,24,"Provided that a company which is a subsidiary of a company, not being a private company, shall be",11.04,0,0,97,BODY
A2013-18.pdf,24,deemed to be public company for the purposes of this Act even where such subsidiary company,11.04,0,0,91,BODY
A2013-18.pdf,24,continues to be a private company in its articles ;,11.04,0,0,51,BODY
A2013-18.pdf,24,( 72 ) “public financial institution” means—,11.04,0,0,44,BODY
A2013-18.pdf,24,"( i ) the Life Insurance Corporation of India, established under section 3 of the Life Insurance",11.04,0,0,96,BODY
A2013-18.pdf,24,"Corporation Act, 1956 (31 of 1956);",11.04,0,0,35,BODY
A2013-18.pdf,24,"( ii ) the Infrastructure Development Finance Company Limited, referred to in clause ( vi ) of",11.04,0,0,94,BODY
A2013-18.pdf,24,"sub-section ( 1 ) of section 4A of the Companies Act, 1956 (1 of 1956) so repealed under section 465",11.04,0,0,100,BODY
A2013-18.pdf,24,of this Act;,11.04,0,0,12,BODY
A2013-18.pdf,24,( iii ) specified company referred to in the Unit Trust of India (Transfer of Undertaking and Repeal),11.04,0,0,101,BODY
A2013-18.pdf,24,"Act, 2002 (58 of 2002);",11.04,0,0,23,BODY
A2013-18.pdf,24,( iv ) institutions notified by the Central Government under sub-section ( 2 ) of section 4A of the,11.04,0,0,99,BODY
A2013-18.pdf,24,"Companies Act, 1956 (1 of 1956) so repealed under section 465 of this Act;",11.04,0,0,74,BODY
A2013-18.pdf,24,( v ) such other institution as may be notified by the Central Government in consultation with the,11.04,0,0,98,BODY
A2013-18.pdf,24,Reserve Bank of India:,11.04,0,0,22,BODY
A2013-18.pdf,24,Provided that no institution shall be so notified unless—,11.04,0,0,57,BODY
A2013-18.pdf,24,1,6.96,0,0,1,BODY
A2013-18.pdf,24,( A ) it has been established or constituted by or under any Central or State Act [other than this,11.04,0,0,98,BODY
A2013-18.pdf,24,Act or the previous company law]; or,11.04,0,0,36,BODY
A2013-18.pdf,24,"1. Ins. by Act 1 of 2018, s. 2 (w.e.f. 9-2-2018).",9.0,0,0,49,SECTION
A2013-18.pdf,24,"2. The words “of five lakh rupees or such higher paid-up capital,” omitted by Act 21 of 2015, s. 2 (w.e.f. 29-5-2015).",9.0,0,0,118,BODY
A2013-18.pdf,24,24,9.96,0,0,2,BODY
A2013-18.pdf,25,( B ) not less than fifty-one per cent. of the paid-up share capital is held or controlled by the Central,11.04,0,0,105,BODY
A2013-18.pdf,25,Government or by any State Government or Governments or partly by the Central Government and,11.04,0,0,92,BODY
A2013-18.pdf,25,partly by one or more State Governments;,11.04,0,0,40,BODY
A2013-18.pdf,25,( 73 ) “recognised stock exchange” means a recognised stock exchange as defined in clause ( f ) of,11.04,0,0,98,BODY
A2013-18.pdf,25,"section 2 of the Securities Contracts (Regulation) Act, 1956 (42 of 1956);",11.04,0,0,74,SECTION
A2013-18.pdf,25,( 74 ) “register of companies” means the register of companies maintained by the Registrar on paper,11.04,0,0,99,BODY
A2013-18.pdf,25,or in any electronic mode under this Act;,11.04,0,0,41,BODY
A2013-18.pdf,25,"( 75 ) “Registrar” means a Registrar, an Additional Registrar, a Joint Registrar, a Deputy Registrar or",11.04,0,0,103,BODY
A2013-18.pdf,25,"an Assistant Registrar, having the duty of registering companies and discharging various functions under",11.04,0,0,104,BODY
A2013-18.pdf,25,this Act;,11.04,0,0,9,BODY
A2013-18.pdf,25,"( 76 ) “related party”, with reference to a company, means—",11.04,0,0,59,BODY
A2013-18.pdf,25,( i ) a director or his relative;,11.04,0,0,33,BODY
A2013-18.pdf,25,( ii ) a key managerial personnel or his relative;,11.04,0,0,50,BODY
A2013-18.pdf,25,"( iii ) a firm, in which a director, manager or his relative is a partner;",11.04,0,0,74,BODY
A2013-18.pdf,25,( iv ) a private company in which a director or manager 1 [or his relative] is a member or director;,10.85,0,0,100,BODY
A2013-18.pdf,25,( v ) a public company in which a director or manager is a director 2 [and holds] along with his,10.85,0,0,96,BODY
A2013-18.pdf,25,"relatives, more than two per cent. of its paid-up share capital;",11.04,0,0,64,BODY
A2013-18.pdf,25,"( vi ) any body corporate whose Board of Directors, managing director or manager is accustomed",11.04,0,0,94,BODY
A2013-18.pdf,25,"to act in accordance with the advice, directions or instructions of a director or manager;",11.04,0,0,90,BODY
A2013-18.pdf,25,"( vii ) any person on whose advice, directions or instructions a director or manager is accustomed",11.04,0,0,98,BODY
A2013-18.pdf,25,to act:,11.04,0,0,7,BODY
A2013-18.pdf,25,"Provided that nothing in sub-clauses ( vi ) and ( vii ) shall apply to the advice, directions or",11.04,0,0,96,BODY
A2013-18.pdf,25,instructions given in a professional capacity;,11.04,0,0,46,BODY
A2013-18.pdf,25,3 [( viii ) any body corporate which is—,10.53,0,0,40,BODY
A2013-18.pdf,25,"( A ) a holding, subsidiary or an associate company of such company;",11.04,0,0,68,BODY
A2013-18.pdf,25,( B ) a subsidiary of a holding company to which it is also a subsidiary; or,11.04,0,0,76,BODY
A2013-18.pdf,25,( C ) an investing company or the venturer of the company.,11.04,0,0,58,BODY
A2013-18.pdf,25,"Explanation.— For the purpose of this clause, “the investing company or the venturer of a",11.04,0,0,89,BODY
A2013-18.pdf,25,company” means a body corporate whose investment in the company would result in the company,11.04,0,0,91,BODY
A2013-18.pdf,25,becoming an associate company of the body corporate];,11.04,0,0,53,BODY
A2013-18.pdf,25,( ix ) such other person as may be prescribed;,11.04,0,0,46,BODY
A2013-18.pdf,25,"( 77 ) “relative”, with reference to any person, means any one who is related to another, if—",11.04,0,0,93,BODY
A2013-18.pdf,25,( i ) they are members of a Hindu Undivided Family;,11.04,0,0,51,BODY
A2013-18.pdf,25,( ii ) they are husband and wife; or,11.04,0,0,36,BODY
A2013-18.pdf,25,( iii ) one person is related to the other in such manner as may be prescribed;,11.04,0,0,79,BODY
A2013-18.pdf,25,( 78 ) “remuneration” means any money or its equivalent given or passed to any person for services,11.04,0,0,98,BODY
A2013-18.pdf,25,"rendered by him and includes perquisites as defined under the Income-tax Act, 1961 (43 of 1961);",11.04,0,0,96,BODY
A2013-18.pdf,25,( 79 ) “Schedule” means a Schedule annexed to this Act;,11.04,0,0,55,BODY
A2013-18.pdf,25,"1. Ins. by S.O. 1894 (E), dated 24th July, 2014.",9.0,0,0,48,META
A2013-18.pdf,25,"2. Subs. by S.O. 1820 (E), dated 9th July, 2014 for “or holds” .",9.0,0,0,64,META
A2013-18.pdf,25,"3. Subs. by Act 1 of 2018, s. 2, for sub-clause ( viii ) (w.e.f. 9-2-2018).",9.0,0,0,75,SECTION
A2013-18.pdf,25,25,9.96,0,0,2,BODY
A2013-18.pdf,26,( 80 ) “scheduled bank” means the scheduled bank as defined in clause ( e ) of section 2 of the Reserve,11.04,0,0,103,BODY
A2013-18.pdf,26,"Bank of India Act, 1934 (2 of 1934);",11.04,0,0,36,BODY
A2013-18.pdf,26,( 81 ) “securities” means the securities as defined in clause ( h ) of section 2 of the Securities Contracts,11.04,0,0,108,BODY
A2013-18.pdf,26,"(Regulation) Act, 1956 (42 of 1956);",11.04,0,0,36,BODY
A2013-18.pdf,26,( 82 ) “Securities and Exchange Board” means the Securities and Exchange Board of India established,11.04,0,0,99,BODY
A2013-18.pdf,26,"under section 3 of the Securities and Exchange Board of India Act, 1992 (15 of 1992);",11.04,0,0,85,BODY
A2013-18.pdf,26,( 83 ) “Serious Fraud Investigation Office” means the office referred to in section 211;,11.04,0,0,88,BODY
A2013-18.pdf,26,( 84 ) “share” means a share in the share capital of a company and includes stock;,11.04,0,0,82,BODY
A2013-18.pdf,26,"( 85 ) “small company” means a company, other than a public company,—",11.04,0,0,69,BODY
A2013-18.pdf,26,( i ) paid-up share capital of which does not exceed fifty lakh rupees or such higher amount as may,11.04,0,0,99,BODY
A2013-18.pdf,26,be prescribed which shall not be more than 1 [ten crore rupees]; 2 [and],10.46,0,0,72,BODY
A2013-18.pdf,26,( ii ) turnover of which 3 [as per profit and loss account for the immediately preceding financial,10.81,0,0,98,BODY
A2013-18.pdf,26,year] does not exceed two crore rupees or such higher amount as may be prescribed which shall not,11.04,0,0,97,BODY
A2013-18.pdf,26,4,6.96,0,0,1,BODY
A2013-18.pdf,26,be more than [one hundred crore rupees]:,11.04,0,0,40,BODY
A2013-18.pdf,26,Provided that nothing in this clause shall apply to—,11.04,0,0,52,BODY
A2013-18.pdf,26,( A ) a holding company or a subsidiary company;,11.04,0,0,48,BODY
A2013-18.pdf,26,( B ) a company registered under section 8; or,11.04,0,0,46,BODY
A2013-18.pdf,26,( C ) a company or body corporate governed by any special Act;,11.04,0,0,62,BODY
A2013-18.pdf,26,( 86 ) “subscribed capital” means such part of the capital which is for the time being subscribed by the,11.04,0,0,104,BODY
A2013-18.pdf,26,members of a company;,11.04,0,0,21,BODY
A2013-18.pdf,26,"( 87 ) “subsidiary company” or “subsidiary”, in relation to any other company (that is to say the",11.04,0,0,97,BODY
A2013-18.pdf,26,"holding company), means a company in which the holding company—",11.04,0,0,63,BODY
A2013-18.pdf,26,( i ) controls the composition of the Board of Directors; or,11.04,0,0,60,BODY
A2013-18.pdf,26,( ii ) exercises or controls more than one-half of the 5 [total voting power] either at its own or,10.84,0,0,98,BODY
A2013-18.pdf,26,together with one or more of its subsidiary companies:,11.04,0,0,54,BODY
A2013-18.pdf,26,Provided that such class or classes of holding companies as may be prescribed shall not have layers,11.04,0,0,99,BODY
A2013-18.pdf,26,of subsidiaries beyond such numbers as may be prescribed.,11.04,0,0,57,BODY
A2013-18.pdf,26,"Explanation.— For the purposes of this clause,—",11.04,0,0,47,BODY
A2013-18.pdf,26,( a ) a company shall be deemed to be a subsidiary company of the holding company even if the,11.04,0,0,93,BODY
A2013-18.pdf,26,control referred to in sub-clause ( i ) or sub-clause ( ii ) is of another subsidiary company of the holding,11.04,0,0,108,BODY
A2013-18.pdf,26,company;,11.04,0,0,8,BODY
A2013-18.pdf,26,( b ) the composition of a company’s Board of Directors shall be deemed to be controlled by,11.04,0,0,91,BODY
A2013-18.pdf,26,another company if that other company by exercise of some power exercisable by it at its discretion,11.04,0,0,99,BODY
A2013-18.pdf,26,can appoint or remove all or a majority of the directors;,11.04,0,0,57,BODY
A2013-18.pdf,26,( c ) the expression “company” includes any body corporate;,11.04,0,0,59,BODY
A2013-18.pdf,26,( d ) “layer” in relation to a holding company means its subsidiary or subsidiaries;,11.04,0,0,84,BODY
A2013-18.pdf,26,"1. Subs. by Act 1 of 2018, s. 2, for “five crore rupees” (w.e.f. 9-2-2018).",9.0,0,0,75,SECTION
A2013-18.pdf,26,"2. Subs. by notification No. S.O. 504(E), dated 13th February, 2015, for word “or” (w.e.f. 13-2-2015).",9.0,0,0,102,META
A2013-18.pdf,26,"3. Subs. by Act 1 of 2018, s. 2, for “as per its last profit and loss account” (w.e.f. 9-2-2018).",9.0,0,0,97,BODY
A2013-18.pdf,26,"4. Subs. by s. 2, ibid ., for “twenty crore rupees”(w.e.f. 9-2-2018).",9.0,0,0,69,SECTION
A2013-18.pdf,26,"5. Subs. by s. 2, ibid ., for “total share capital” (w.e.f. 7-5-2018).",9.0,0,0,70,SECTION
A2013-18.pdf,26,26,9.96,0,0,2,BODY
A2013-18.pdf,27,( 88 ) “sweat equity shares” means such equity shares as are issued by a company to its directors or,11.04,0,0,100,BODY
A2013-18.pdf,27,"employees at a discount or for consideration, other than cash, for providing their know-how or making",11.04,0,0,101,BODY
A2013-18.pdf,27,"available rights in the nature of intellectual property rights or value additions, by whatever name called;",11.04,0,0,107,BODY
A2013-18.pdf,27,"( 89 ) “total voting power”, in relation to any matter, means the total number of votes which may be",11.04,0,0,100,BODY
A2013-18.pdf,27,cast in regard to that matter on a poll at a meeting of a company if all the members thereof or their,11.04,0,0,101,BODY
A2013-18.pdf,27,proxies having a right to vote on that matter are present at the meeting and cast their votes;,11.04,0,0,94,BODY
A2013-18.pdf,27,( 90 ) “Tribunal” means the National Company Law Tribunal constituted under section 408;,11.04,0,0,88,BODY
A2013-18.pdf,27,"1 [( 91 ) “turnover” means gross amount of revenue recognised in the profit and loss account from the sale,",9.92,0,0,107,BODY
A2013-18.pdf,27,"supply, or distribution of goods or on account of services rendered, or both, by a company during a financial year;]",9.96,0,0,116,BODY
A2013-18.pdf,27,( 92 ) “unlimited company” means a company not having any limit on the liability of its members;,11.04,0,0,96,BODY
A2013-18.pdf,27,( 93 ) “voting right” means the right of a member of a company to vote in any meeting of the company,11.04,0,0,100,BODY
A2013-18.pdf,27,or by means of postal ballot;,11.04,0,0,29,BODY
A2013-18.pdf,27,( 94 ) “whole-time director” includes a director in the whole-time employment of the company;,11.04,0,0,93,BODY
A2013-18.pdf,27,2 “winding up” means winding up under this Act or liquidation under the Insolvency and,10.74,0,0,86,BODY
A2013-18.pdf,27,[( 94A ),9.96,0,1,8,SECTION
A2013-18.pdf,27,"Bankruptcy Code, 2016 (31 of 2016), as applicable;]",11.04,0,0,51,BODY
A2013-18.pdf,27,( 95 ) words and expressions used and not defined in this Act but defined in the Securities Contracts,11.04,0,0,101,BODY
A2013-18.pdf,27,"(Regulation) Act, 1956 (42 of 1956) or the Securities and Exchange Board of India Act, 1992 (15",11.04,0,0,95,BODY
A2013-18.pdf,27,"of 1992) or the Depositories Act, 1996 (22 of 1996) shall have the meanings respectively assigned to",11.04,0,0,100,BODY
A2013-18.pdf,27,them in those Acts.,11.04,0,0,19,BODY
A2013-18.pdf,27,CHAPTER II,11.04,0,1,10,CHAPTER
A2013-18.pdf,27,I NCORPORATION OF COMPANY AND MATTERS INCIDENTAL THERETO,9.25,0,1,56,SECTION
A2013-18.pdf,27,3. Formation of company. —( 1 ) A company may be formed for any lawful purpose by—,11.04,1,0,82,SECTION
A2013-18.pdf,27,"( a ) seven or more persons, where the company to be formed is to be a public company;",11.04,0,0,86,BODY
A2013-18.pdf,27,"( b ) two or more persons, where the company to be formed is to be a private company; or",11.04,0,0,88,BODY
A2013-18.pdf,27,"( c ) one person, where the company to be formed is to be One Person Company that is to say, a",11.04,0,0,94,BODY
A2013-18.pdf,27,"private company,",11.04,0,0,16,BODY
A2013-18.pdf,27,by subscribing their names or his name to a memorandum and complying with the requirements of this Act,11.04,0,0,102,BODY
A2013-18.pdf,27,in respect of registration:,11.04,0,0,27,BODY
A2013-18.pdf,27,"Provided that the memorandum of One Person Company shall indicate the name of the other person,",11.04,0,0,95,BODY
A2013-18.pdf,27,"with his prior written consent in the prescribed form, who shall, in the event of the subscriber’s death or his",11.04,0,0,111,BODY
A2013-18.pdf,27,incapacity to contract become the member of the company and the written consent of such person shall also,11.04,0,0,105,BODY
A2013-18.pdf,27,be filed with the Registrar at the time of incorporation of the One Person Company along with its,11.04,0,0,97,BODY
A2013-18.pdf,27,memorandum and articles:,11.04,0,0,24,BODY
A2013-18.pdf,27,Provided further that such other person may withdraw his consent in such manner as may be prescribed:,11.04,0,0,101,BODY
A2013-18.pdf,27,Provided also that the member of One Person Company may at any time change the name of such other,11.04,0,0,97,BODY
A2013-18.pdf,27,person by giving notice in such manner as may be prescribed:,11.04,0,0,60,BODY
A2013-18.pdf,27,Provided also that it shall be the duty of the member of One Person Company to intimate the company,11.04,0,0,99,BODY
A2013-18.pdf,27,"the change, if any, in the name of the other person nominated by him by indicating in the memorandum or",11.04,0,0,103,BODY
A2013-18.pdf,27,"otherwise within such time and in such manner as maybe prescribed, and the company shall intimate the",11.04,0,0,101,BODY
A2013-18.pdf,27,Registrar any such change within such time and in such manner as may be prescribed:,11.04,0,0,83,BODY
A2013-18.pdf,27,Provided also that any such change in the name of the person shall not be deemed to be an alteration of,11.04,0,0,103,BODY
A2013-18.pdf,27,the memorandum.,11.04,0,0,15,BODY
A2013-18.pdf,27,"1. Subs. by Act 1 of 2018, s. 2, for clause ( 91 ) (w.e.f. 9-2-2018).",9.0,0,0,69,SECTION
A2013-18.pdf,27,"2. Ins. by Act 31 of 2016, s. 255 and the Eleventh Schedule (w.e.f. 15-11-2016).",9.0,0,0,80,SECTION
A2013-18.pdf,27,27,9.96,0,0,2,BODY
A2013-18.pdf,28,( 2 ) A company formed under sub-section ( 1 ) may be either—,11.04,0,0,61,BODY
A2013-18.pdf,28,( a ) a company limited by shares; or,11.04,0,0,37,BODY
A2013-18.pdf,28,( b ) a company limited by guarantee; or,11.04,0,0,40,BODY
A2013-18.pdf,28,( c ) an unlimited company.,11.04,0,0,27,BODY
A2013-18.pdf,28,1 [3A. Members severally liable in certain cases.- If at any time the number of members of a company,10.83,1,0,100,BODY
A2013-18.pdf,28,"is reduced, in the case of a public company, below seven, in the case of a private company, below two, and",11.04,0,0,106,BODY
A2013-18.pdf,28,"the company carries on business for more than six months while the number of members is so reduced,",11.04,0,0,99,BODY
A2013-18.pdf,28,every person who is a member of the company during the time that it so carries on business after those six,11.04,0,0,106,BODY
A2013-18.pdf,28,months and is cognisant of the fact that it is carrying on business with less than seven members or two,11.04,0,0,103,BODY
A2013-18.pdf,28,"members, as the case may be, shall be severally liable for the payment of the whole debts of the company",11.04,0,0,104,BODY
A2013-18.pdf,28,"contracted during that time, and may be severally sued therefor.]",11.04,0,0,65,BODY
A2013-18.pdf,28,4. Memorandum. —( 1 ) The memorandum of a company shall state—,11.04,1,0,62,SECTION
A2013-18.pdf,28,"( a ) the name of the company with the last word “Limited” in the case of a public limited company,",11.04,0,0,99,BODY
A2013-18.pdf,28,or the last words “Private Limited” in the case of a private limited company:,11.04,0,0,77,BODY
A2013-18.pdf,28,Provided that nothing in this clause shall apply to a company registered under section 8;,11.04,0,0,89,BODY
A2013-18.pdf,28,( b ) the State in which the registered office of the company is to be situated;,11.04,0,0,80,BODY
A2013-18.pdf,28,( c ) the objects for which the company is proposed to be incorporated and any matter considered,11.04,0,0,96,BODY
A2013-18.pdf,28,necessary in furtherance thereof;,11.04,0,0,33,BODY
A2013-18.pdf,28,"( d ) the liability of members of the company, whether limited or unlimited, and also state,—",11.04,0,0,93,BODY
A2013-18.pdf,28,"( i ) in the case of a company limited by shares, that liability of its members is limited to the",11.04,0,0,97,BODY
A2013-18.pdf,28,"amount unpaid, if any, on the shares held by them; and",11.04,0,0,54,BODY
A2013-18.pdf,28,"( ii ) in the case of a company limited by guarantee, the amount up to which each member",11.04,0,0,88,BODY
A2013-18.pdf,28,undertakes to contribute—,11.04,0,0,25,BODY
A2013-18.pdf,28,( A ) to the assets of the company in the event of its being wound up while he is a member,11.04,0,0,90,BODY
A2013-18.pdf,28,"or within one year after he ceases to be a member, for payment of the debts and liabilities of",11.04,0,0,94,BODY
A2013-18.pdf,28,the company or of such debts and liabilities as may have been contracted before he ceases to,11.04,0,0,92,BODY
A2013-18.pdf,28,"be a member, as the case may be; and",11.04,0,0,36,BODY
A2013-18.pdf,28,"( B ) to the costs, charges and expenses of winding up and for adjustment of the rights of the",11.04,0,0,94,BODY
A2013-18.pdf,28,contributories among themselves;,11.04,0,0,32,BODY
A2013-18.pdf,28,"( e ) in the case of a company having a share capital,—",11.04,0,0,55,BODY
A2013-18.pdf,28,( i ) the amount of share capital with which the company is to be registered and the division,11.04,0,0,93,BODY
A2013-18.pdf,28,thereof into shares of a fixed amount and the number of shares which the subscribers to the,11.04,0,0,91,BODY
A2013-18.pdf,28,memorandum agree to subscribe which shall not be less than one share; and,11.04,0,0,73,BODY
A2013-18.pdf,28,"( ii ) the number of shares each subscriber to the memorandum intends to take, indicated opposite",11.04,0,0,97,BODY
A2013-18.pdf,28,his name;,11.04,0,0,9,BODY
A2013-18.pdf,28,"( f ) in the case of One Person Company, the name of the person who, in the event of death of the",11.04,0,0,97,BODY
A2013-18.pdf,28,"subscriber, shall become the member of the company.",11.04,0,0,51,BODY
A2013-18.pdf,28,( 2 ) The name stated in the memorandum shall not—,11.04,0,0,50,BODY
A2013-18.pdf,28,( a ) be identical with or resemble too nearly to the name of an existing company registered under,11.04,0,0,98,BODY
A2013-18.pdf,28,this Act or any previous company law; or,11.04,0,0,40,BODY
A2013-18.pdf,28,( b ) be such that its use by the company—,11.04,0,0,42,BODY
A2013-18.pdf,28,( i ) will constitute an offence under any law for the time being in force; or,11.04,0,0,78,BODY
A2013-18.pdf,28,( ii ) is undesirable in the opinion of the Central Government.,11.04,0,0,63,BODY
A2013-18.pdf,28,"( 3 ) Without prejudice to the provisions of sub-section ( 2 ), a company shall not be registered with a",11.04,0,0,104,BODY
A2013-18.pdf,28,name which contains—,11.04,0,0,20,BODY
A2013-18.pdf,28,( a ) any word or expression which is likely to give the impression that the company is in any way,11.04,0,0,98,BODY
A2013-18.pdf,28,"connected with, or having the patronage of, the Central Government, any State Government, or any",11.04,0,0,96,BODY
A2013-18.pdf,28,"local authority, corporation or body constituted by the Central Government or any State Government",11.04,0,0,98,BODY
A2013-18.pdf,28,under any law for the time being in force; or,11.04,0,0,45,BODY
A2013-18.pdf,28,"1. Ins. by Act 1 of 2018, s. 3 (w.e.f. 9-2-2018).",9.0,0,0,49,SECTION
A2013-18.pdf,28,28,9.96,0,0,2,BODY
A2013-18.pdf,29,"( b ) such word or expression, as may be prescribed,",11.04,0,0,52,BODY
A2013-18.pdf,29,unless the previous approval of the Central Government has been obtained for the use of any such word or,11.04,0,0,104,BODY
A2013-18.pdf,29,expression.,11.04,0,0,11,BODY
A2013-18.pdf,29,"( 4 ) A person may make an application, in such form and manner and accompanied by such fee, as may",11.04,0,0,99,BODY
A2013-18.pdf,29,"be prescribed, to the Registrar for the reservation of a name set out in the application as—",11.04,0,0,92,BODY
A2013-18.pdf,29,( a ) the name of the proposed company; or,11.04,0,0,42,BODY
A2013-18.pdf,29,( b ) the name to which the company proposes to change its name.,11.04,0,0,64,BODY
A2013-18.pdf,29,( 5 ) 1 [( i ),10.46,0,0,14,BODY
A2013-18.pdf,29,"Upon receipt of an application under sub-section ( 4 ), the Registrar may, on the basis of information and",9.96,0,0,106,BODY
A2013-18.pdf,29,"documents furnished along with the application, reserve the name for a period of twenty days from the date of approval",9.96,0,0,118,BODY
A2013-18.pdf,29,or such other period as may be prescribed:,9.96,0,0,42,BODY
A2013-18.pdf,29,"Provided that in case of an application for reservation of name or for change of its name by an existing company,",9.96,0,0,113,BODY
A2013-18.pdf,29,the Registrar may reserve the name for a period of sixty days from the date of approval .],10.02,0,0,90,BODY
A2013-18.pdf,29,"( ii ) Where after reservation of name under clause ( i ), it is found that name was applied by furnishing",11.04,0,0,106,BODY
A2013-18.pdf,29,"wrong or incorrect information, then,—",11.04,0,0,38,BODY
A2013-18.pdf,29,"( a ) if the company has not been incorporated, the reserved name shall be cancelled and the person",11.04,0,0,99,BODY
A2013-18.pdf,29,making application under sub-section ( 4 ) shall be liable to a penalty which may extend to one lakh,11.04,0,0,100,BODY
A2013-18.pdf,29,rupees;,11.04,0,0,7,BODY
A2013-18.pdf,29,"( b ) if the company has been incorporated, the Registrar may, after giving the company an",11.04,0,0,90,BODY
A2013-18.pdf,29,opportunity of being heard—,11.04,0,0,27,BODY
A2013-18.pdf,29,"( i ) either direct the company to change its name within a period of three months, after passing",11.04,0,0,97,BODY
A2013-18.pdf,29,an ordinary resolution;,11.04,0,0,23,BODY
A2013-18.pdf,29,( ii ) take action for striking off the name of the company from the register of companies; or,11.04,0,0,94,BODY
A2013-18.pdf,29,( iii ) make a petition for winding up of the company.,11.04,0,0,54,BODY
A2013-18.pdf,29,"( 6 ) The memorandum of a company shall be in respective forms specified in Tables A, B, C, D and E",11.04,0,0,99,BODY
A2013-18.pdf,29,in Schedule I as may be applicable to such company.,11.04,0,0,51,BODY
A2013-18.pdf,29,"( 7 ) Any provision in the memorandum or articles, in the case of a company limited by guarantee and",11.04,0,0,100,BODY
A2013-18.pdf,29,"not having a share capital, purporting to give any person a right to participate in the divisible profits of the",11.04,0,0,112,BODY
A2013-18.pdf,29,"company otherwise than as a member, shall be void.",11.04,0,0,50,BODY
A2013-18.pdf,29,5. Articles. —( 1 ) The articles of a company shall contain the regulations for management of the,11.04,1,0,97,SECTION
A2013-18.pdf,29,company.,11.04,0,0,8,BODY
A2013-18.pdf,29,"( 2 ) The articles shall also contain such matters, as may be prescribed:",11.04,0,0,73,BODY
A2013-18.pdf,29,Provided that nothing prescribed in this sub-section shall be deemed to prevent a company from,11.04,0,0,94,BODY
A2013-18.pdf,29,including such additional matters in its articles as may be considered necessary for its management.,11.04,0,0,100,BODY
A2013-18.pdf,29,( 3 ) The articles may contain provisions for entrenchment to the effect that specified provisions of the,11.04,0,0,105,BODY
A2013-18.pdf,29,articles may be altered only if conditions or procedures as that are more restrictive than those applicable in,11.04,0,0,110,BODY
A2013-18.pdf,29,"the case of a special resolution, are met or complied with.",11.04,0,0,59,BODY
A2013-18.pdf,29,( 4 ) The provisions for entrenchment referred to in sub-section ( 3 ) shall only be made either on,11.04,0,0,99,BODY
A2013-18.pdf,29,"formation of a company, or by an amendment in the articles agreed to by all the members of the company",11.04,0,0,102,BODY
A2013-18.pdf,29,in the case of a private company and by a special resolution in the case of a public company.,11.04,0,0,93,BODY
A2013-18.pdf,29,"( 5 ) Where the articles contain provisions for entrenchment, whether made on formation or by",11.04,0,0,93,BODY
A2013-18.pdf,29,"amendment, the company shall give notice to the Registrar of such provisions in such form and manner as",11.04,0,0,103,BODY
A2013-18.pdf,29,may be prescribed.,11.04,0,0,18,BODY
A2013-18.pdf,29,"( 6 ) The articles of a company shall be in respective forms specified in Tables, F, G, H, I and J in",11.04,0,0,101,BODY
A2013-18.pdf,29,Schedule I as may be applicable to such company.,11.04,0,0,48,BODY
A2013-18.pdf,29,"1. Subs. by Act 1 of 2018, s. 4, for clause ( i ) (w.e.f. 26-1-2018).",9.0,0,0,69,SECTION
A2013-18.pdf,29,29,9.96,0,0,2,BODY
A2013-18.pdf,30,( 7 ) A company may adopt all or any of the regulations contained in the model articles applicable to,11.04,0,0,101,BODY
A2013-18.pdf,30,such company.,11.04,0,0,13,BODY
A2013-18.pdf,30,"( 8 ) In case of any company, which is registered after the commencement of this Act, in so far as the",11.04,0,0,102,BODY
A2013-18.pdf,30,registered articles of such company do not exclude or modify the regulations contained in the model articles,11.04,0,0,108,BODY
A2013-18.pdf,30,"applicable to such company, those regulations shall, so far as applicable, be the regulations of that company",11.04,0,0,109,BODY
A2013-18.pdf,30,in the same manner and to the extent as if they were contained in the duly registered articles of the company.,11.04,0,0,110,BODY
A2013-18.pdf,30,( 9 ) Nothing in this section shall apply to the articles of a company registered under any previous,11.04,0,0,100,BODY
A2013-18.pdf,30,company law unless amended under this Act.,11.04,0,0,42,BODY
A2013-18.pdf,30,"6. Act to override memorandum, articles, etc. —Save as otherwise expressly provided in this Act—",11.04,1,0,96,SECTION
A2013-18.pdf,30,( a ) the provisions of this Act shall have effect notwithstanding anything to the contrary contained,11.04,0,0,101,BODY
A2013-18.pdf,30,"in the memorandum or articles of a company, or in any agreement executed by it, or in any resolution",11.04,0,0,100,BODY
A2013-18.pdf,30,"passed by the company in general meeting or by its Board of Directors, whether the same be registered,",11.04,0,0,102,BODY
A2013-18.pdf,30,"executed or passed, as the case may be, before or after the commencement of this Act; and",11.04,0,0,89,BODY
A2013-18.pdf,30,"( b ) any provision contained in the memorandum, articles, agreement or resolution shall, to the",11.04,0,0,96,BODY
A2013-18.pdf,30,"extent to which it is repugnant to the provisions of this Act, become or be void, as the case may be.",11.04,0,0,101,BODY
A2013-18.pdf,30,7. Incorporation of company. —( 1 ) There shall be filed with the Registrar within whose jurisdiction,11.04,1,0,101,SECTION
A2013-18.pdf,30,"the registered office of a company is proposed to be situated, the following documents and information for",11.04,0,0,106,BODY
A2013-18.pdf,30,"registration, namely:—",11.04,0,0,22,BODY
A2013-18.pdf,30,( a ) the memorandum and articles of the company duly signed by all the subscribers to the,11.04,0,0,90,META
A2013-18.pdf,30,memorandum in such manner as may be prescribed;,11.04,0,0,47,BODY
A2013-18.pdf,30,"( b ) a declaration in the prescribed form by an advocate, a chartered accountant, cost accountant or",11.04,0,0,101,BODY
A2013-18.pdf,30,"company secretary in practice, who is engaged in the formation of the company, and by a person named",11.04,0,0,100,BODY
A2013-18.pdf,30,"in the articles as a director, manager or secretary of the company, that all the requirements of this Act",11.04,0,0,105,BODY
A2013-18.pdf,30,and the rules made thereunder in respect of registration and matters precedent or incidental thereto have,11.04,0,0,105,BODY
A2013-18.pdf,30,been complied with;,11.04,0,0,19,BODY
A2013-18.pdf,30,( c ) 1 [a declaration] from each of the subscribers to the memorandum and from persons named as,10.83,0,0,96,BODY
A2013-18.pdf,30,"the first directors, if any, in the articles that he is not convicted of any offence in connection with the",11.04,0,0,107,BODY
A2013-18.pdf,30,"promotion, formation or management of any company, or that he has not been found guilty of any fraud",11.04,0,0,100,BODY
A2013-18.pdf,30,or misfeasance or of any breach of duty to any company under this Act or any previous company law,11.04,0,0,97,BODY
A2013-18.pdf,30,during the preceding five years and that all the documents filed with the Registrar for registration of,11.04,0,0,103,BODY
A2013-18.pdf,30,the company contain information that is correct and complete and true to the best of his knowledge and,11.04,0,0,102,BODY
A2013-18.pdf,30,belief;,11.04,0,0,7,BODY
A2013-18.pdf,30,( d ) the address for correspondence till its registered office is established;,11.04,0,0,79,BODY
A2013-18.pdf,30,"( e ) the particulars of name, including surname or family name, residential address, nationality and",11.04,0,0,101,BODY
A2013-18.pdf,30,"such other particulars of every subscriber to the memorandum along with proof of identity, as may be",11.04,0,0,100,BODY
A2013-18.pdf,30,"prescribed, and in the case of a subscriber being a body corporate, such particulars as may be prescribed;",11.04,0,0,106,BODY
A2013-18.pdf,30,"( f ) the particulars of the persons mentioned in the articles as the first directors of the company, their",11.04,0,0,107,BODY
A2013-18.pdf,30,"names, including surnames or family names, the Director Identification Number, residential address,",11.04,0,0,99,BODY
A2013-18.pdf,30,nationality and such other particulars including proof of identity as may be prescribed; and,11.04,0,0,92,BODY
A2013-18.pdf,30,( g ) the particulars of the interests of the persons mentioned in the articles as the first directors of,11.04,0,0,105,BODY
A2013-18.pdf,30,the company in other firms or bodies corporate along with their consent to act as directors of the,11.04,0,0,98,BODY
A2013-18.pdf,30,company in such form and manner as may be prescribed.,11.04,0,0,53,BODY
A2013-18.pdf,30,( 2 ) The Registrar on the basis of documents and information filed under sub-section ( 1 ) shall register,11.04,0,0,106,BODY
A2013-18.pdf,30,all the documents and information referred to in that sub-section in the register and issue a certificate of,11.04,0,0,108,BODY
A2013-18.pdf,30,incorporation in the prescribed form to the effect that the proposed company is incorporated under this Act.,11.04,0,0,108,BODY
A2013-18.pdf,30,"( 3 ) On and from the date mentioned in the certificate of incorporation issued under sub-section ( 2 ), the",11.04,0,0,108,BODY
A2013-18.pdf,30,"Registrar shall allot to the company a corporate identity number, which shall be a distinct identity for the",11.04,0,0,108,BODY
A2013-18.pdf,30,company and which shall also be included in the certificate.,11.04,0,0,60,BODY
A2013-18.pdf,30,"1. Subs. by Act 1 of 2018, s. 5, for “an affidavit” (w.e.f. 27-7-2018).",9.0,0,0,71,SECTION
A2013-18.pdf,30,30,9.96,0,0,2,BODY
A2013-18.pdf,31,( 4 ) The company shall maintain and preserve at its registered office copies of all documents and,11.04,0,0,98,BODY
A2013-18.pdf,31,information as originally filed under sub-section ( 1 ) till its dissolution under this Act.,11.04,0,0,92,BODY
A2013-18.pdf,31,( 5 ) If any person furnishes any false or incorrect particulars of any information or suppresses any,11.04,0,0,101,BODY
A2013-18.pdf,31,"material information, of which he is aware in any of the documents filed with the Registrar in relation to",11.04,0,0,106,BODY
A2013-18.pdf,31,"the registration of a company, he shall be liable for action under section 447.",11.04,0,0,79,BODY
A2013-18.pdf,31,"( 6 ) Without prejudice to the provisions of sub-section ( 5 ) where, at any time after the incorporation of",11.04,0,0,108,BODY
A2013-18.pdf,31,"a company, it is proved that the company has been got incorporated by furnishing any false or incorrect",11.04,0,0,103,BODY
A2013-18.pdf,31,information or representation or by suppressing any material fact or information in any of the documents,11.04,0,0,104,BODY
A2013-18.pdf,31,"or declaration filed or made for incorporating such company, or by any fraudulent action, the promoters,",11.04,0,0,104,BODY
A2013-18.pdf,31,the persons named as the first directors of the company and the persons making declaration under clause,11.04,0,0,103,BODY
A2013-18.pdf,31,( b ) of sub-section( 1 ) shall each be liable for action under section 447.,11.04,0,0,76,BODY
A2013-18.pdf,31,"( 7 ) Without prejudice to the provisions of sub-section ( 6 ), where a company has been got incorporated",11.04,0,0,105,BODY
A2013-18.pdf,31,by furnishing any false or incorrect information or representation or by suppressing any material fact or,11.04,0,0,105,BODY
A2013-18.pdf,31,information in any of the documents or declaration filed or made for incorporating such company or by any,11.04,0,0,105,BODY
A2013-18.pdf,31,"fraudulent action, the Tribunal may, on an application made to it, on being satisfied that the situation so",11.04,0,0,107,BODY
A2013-18.pdf,31,"warrants,—",11.04,0,0,10,BODY
A2013-18.pdf,31,"( a ) pass such orders, as it may think fit, for regulation of the management of the company including",11.04,0,0,102,BODY
A2013-18.pdf,31,"changes, if any, in its memorandum and articles, in public interest or in the interest of the company and",11.04,0,0,105,BODY
A2013-18.pdf,31,its members and creditors; or,11.04,0,0,29,BODY
A2013-18.pdf,31,( b ) direct that liability of the members shall be unlimited; or,11.04,0,0,65,BODY
A2013-18.pdf,31,( c ) direct removal of the name of the company from the register of companies; or,11.04,0,0,82,BODY
A2013-18.pdf,31,( d ) pass an order for the winding up of the company; or,11.04,0,0,57,BODY
A2013-18.pdf,31,( e ) pass such other orders as it may deem fit:,11.04,0,0,48,BODY
A2013-18.pdf,31,"Provided that before making any order under this sub-section,—",11.04,0,0,62,BODY
A2013-18.pdf,31,( i ) the company shall be given a reasonable opportunity of being heard in the matter; and,11.04,0,0,91,BODY
A2013-18.pdf,31,"( ii ) the Tribunal shall take into consideration the transactions entered into by the company,",11.04,0,0,95,BODY
A2013-18.pdf,31,"including the obligations, if any, contracted or payment of any liability.",11.04,0,0,74,BODY
A2013-18.pdf,31,"8. Formation of companies with charitable objects, etc. —( 1 ) Where it is proved to the satisfaction",11.04,1,0,101,SECTION
A2013-18.pdf,31,of the Central Government that a person or an association of persons proposed to be registered under this,11.04,0,0,105,BODY
A2013-18.pdf,31,Act as a limited company—,11.04,0,0,25,BODY
A2013-18.pdf,31,"( a ) has in its objects the promotion of commerce, art, science, sports, education, research, social",11.04,0,0,101,BODY
A2013-18.pdf,31,"welfare, religion, charity, protection of environment or any such other object;",11.04,0,0,79,BODY
A2013-18.pdf,31,"( b ) intends to apply its profits, if any, or other income in promoting its objects; and",11.04,0,0,89,BODY
A2013-18.pdf,31,"( c ) intends to prohibit the payment of any dividend to its members,",11.04,0,0,69,BODY
A2013-18.pdf,31,"the Central Government may, by licence issued in such manner as may be prescribed, and on such",11.04,0,0,94,BODY
A2013-18.pdf,31,"conditions as it deems fit, allow that person or association of persons to be registered as a limited company",11.04,0,0,109,BODY
A2013-18.pdf,31,"under this section without the addition to its name of the word “Limited”, or as the case may be, the words",11.04,0,0,107,BODY
A2013-18.pdf,31,"“Private Limited”, and thereupon the Registrar shall, on application, in the prescribed form, register such",11.04,0,0,107,BODY
A2013-18.pdf,31,person or association of persons as a company under this section.,11.04,0,0,65,BODY
A2013-18.pdf,31,( 2 ) The company registered under this section shall enjoy all the privileges and be subject to all the,11.04,0,0,104,BODY
A2013-18.pdf,31,obligations of limited companies.,11.04,0,0,33,BODY
A2013-18.pdf,31,( 3 ) A firm may be a member of the company registered under this section.,11.04,0,0,74,BODY
A2013-18.pdf,31,( 4 ) ( i ) A company registered under this section shall not alter the provisions of its memorandum or,11.04,0,0,103,BODY
A2013-18.pdf,31,articles except with the previous approval of the Central Government.,11.04,0,0,69,BODY
A2013-18.pdf,31,( ii ) A company registered under this section may convert itself into company of any other kind only,11.04,0,0,101,BODY
A2013-18.pdf,31,after complying with such conditions as may be prescribed.,11.04,0,0,58,BODY
A2013-18.pdf,31,31,9.96,0,0,2,BODY
A2013-18.pdf,32,( 5 ) Where it is proved to the satisfaction of the Central Government that a limited company registered,11.04,0,0,104,BODY
A2013-18.pdf,32,under this Act or under any previous company law has been formed with any of the objects specified in,11.04,0,0,101,BODY
A2013-18.pdf,32,clause ( a ) of sub-section ( 1 ) and with the restrictions and prohibitions as mentioned respectively in clauses,11.04,0,0,113,BODY
A2013-18.pdf,32,"( b ) and ( c ) of that sub-section, it may, by licence, allow the company to be registered under this section",11.04,0,0,110,BODY
A2013-18.pdf,32,subject to such conditions as the Central Government deems fit and to change its name by omitting the,11.04,0,0,101,BODY
A2013-18.pdf,32,"word “Limited”, or as the case may be, the words “Private Limited” from its name and thereupon the",11.04,0,0,98,BODY
A2013-18.pdf,32,"Registrar shall, on application, in the prescribed form, register such company under this section and all the",11.04,0,0,109,BODY
A2013-18.pdf,32,provisions of this section shall apply to that company.,11.04,0,0,55,BODY
A2013-18.pdf,32,"( 6 ) The Central Government may, by order, revoke the licence granted to a company registered under",11.04,0,0,100,BODY
A2013-18.pdf,32,this section if the company contravenes any of the requirements of this section or any of the conditions,11.04,0,0,104,BODY
A2013-18.pdf,32,subject to which a licence is issued or the affairs of the company are conducted fraudulently or in a manner,11.04,0,0,108,BODY
A2013-18.pdf,32,"violative of the objects of the company or prejudicial to public interest, and without prejudice to any other",11.04,0,0,109,BODY
A2013-18.pdf,32,"action against the company under this Act, direct the company to convert its status and change its name to",11.04,0,0,106,BODY
A2013-18.pdf,32,"add the word” Limited” or the words “Private Limited”, as the case may be, to its name and thereupon the",11.04,0,0,104,BODY
A2013-18.pdf,32,"Registrar shall, without prejudice to any action that may be taken under sub-section ( 7 ), on application, in",11.04,0,0,110,BODY
A2013-18.pdf,32,"the prescribed form, register the company accordingly:",11.04,0,0,54,BODY
A2013-18.pdf,32,Provided that no such order shall be made unless the company is given a reasonable opportunity of,11.04,0,0,97,BODY
A2013-18.pdf,32,being heard:,11.04,0,0,12,BODY
A2013-18.pdf,32,Provided further that a copy of every such order shall be given to the Registrar.,11.04,0,0,81,BODY
A2013-18.pdf,32,"( 7 ) Where a licence is revoked under sub-section ( 6 ), the Central Government may, by order, if it is",11.04,0,0,104,BODY
A2013-18.pdf,32,"satisfied that it is essential in the public interest, direct that the company be wound up under this Act or",11.04,0,0,108,BODY
A2013-18.pdf,32,amalgamated with another company registered under this section:,11.04,0,0,63,BODY
A2013-18.pdf,32,Provided that no such order shall be made unless the company is given a reasonable opportunity of,11.04,0,0,97,BODY
A2013-18.pdf,32,being heard.,11.04,0,0,12,BODY
A2013-18.pdf,32,( 8 ) Where a licence is revoked under sub-section ( 6 ) and where the Central Government is satisfied,11.04,0,0,102,BODY
A2013-18.pdf,32,that it is essential in the public interest that the company registered under this section should be,11.04,0,0,100,BODY
A2013-18.pdf,32,"amalgamated with another company registered under this section and having similar objects, then,",11.04,0,0,96,BODY
A2013-18.pdf,32,"notwithstanding anything to the contrary contained in this Act, the Central Government may, by order,",11.04,0,0,101,BODY
A2013-18.pdf,32,"provide for such amalgamation to form a single company with such constitution, properties, powers, rights,",11.04,0,0,106,BODY
A2013-18.pdf,32,"interest, authorities and privileges and with such liabilities, duties and obligations as may be specified in",11.04,0,0,109,BODY
A2013-18.pdf,32,the order.,11.04,0,0,10,BODY
A2013-18.pdf,32,"( 9 ) If on the winding up or dissolution of a company registered under this section, there remains, after",11.04,0,0,106,BODY
A2013-18.pdf,32,"the satisfaction of its debts and liabilities, any asset, they may be transferred to another company registered",11.04,0,0,111,BODY
A2013-18.pdf,32,"under this section and having similar objects, subject to such conditions as the Tribunal may impose, or",11.04,0,0,104,BODY
A2013-18.pdf,32,1,6.96,0,0,1,BODY
A2013-18.pdf,32,may be sold and proceeds thereof credited to [Insolvency and Bankruptcy Fund formed under section 224,11.04,0,0,101,BODY
A2013-18.pdf,32,"of the Insolvency and Bankruptcy Code, 2016 (31 of 2016)].",11.04,0,0,58,BODY
A2013-18.pdf,32,( 10 ) A company registered under this section shall amalgamate only with another company registered,11.04,0,0,100,BODY
A2013-18.pdf,32,under this section and having similar objects.,11.04,0,0,46,BODY
A2013-18.pdf,32,( 11 ) If a company makes any default in complying with any of the requirements laid down in this,11.04,0,0,97,BODY
A2013-18.pdf,32,"section, the company shall, without prejudice to any other action under the provisions of this section, be",11.04,0,0,106,BODY
A2013-18.pdf,32,punishable with fine which shall not be less than ten lakh rupees but which may extend to one crore rupees,11.04,0,0,106,BODY
A2013-18.pdf,32,and the directors and every officer of the company who is in default shall be punishable 2 *** with fine,10.84,0,0,104,BODY
A2013-18.pdf,32,3,6.96,0,0,1,BODY
A2013-18.pdf,32,which shall not be less than twenty-five thousand rupees but which may extend to [twenty-five lakh,11.04,0,0,98,BODY
A2013-18.pdf,32,rupees]:,11.04,0,0,8,BODY
A2013-18.pdf,32,"Provided that when it is proved that the affairs of the company were conducted fraudulently, every",11.04,0,0,98,BODY
A2013-18.pdf,32,officer in default shall be liable for action under section 447.,11.04,0,0,64,BODY
A2013-18.pdf,32,"9. Effect of registration. —From the date of incorporation mentioned in the certificate of incorporation,",11.04,1,0,105,SECTION
A2013-18.pdf,32,"such subscribers to the memorandum and all other persons, as may, from time to time, become members",11.04,0,0,99,BODY
A2013-18.pdf,32,"1. Subs. by Act 31 of 2016, s. 255 and the Eleventh Schedule, for “the Rehabilitation and Insolvency Fund formed under section",9.0,0,0,126,BODY
A2013-18.pdf,32,269” (w.e.f. 15-11-2016).,9.0,0,0,25,BODY
A2013-18.pdf,32,"2. The words “with imprisonment for a term which may extend to three years or” omitted by Act 29 of 2020, s. 3 (w.e.f. 21-12-",9.0,0,0,125,BODY
A2013-18.pdf,32,2020).,9.0,0,0,6,BODY
A2013-18.pdf,32,"3. Subs. by Act 29 of 2020, s. 3, for “twenty-five lakh rupees, or with both” (w.e.f. 21-12-2020).",9.0,0,0,98,BODY
A2013-18.pdf,32,32,9.96,0,0,2,BODY
A2013-18.pdf,33,"of the company, shall be a body corporate by the name contained in the memorandum, capable of exercising",11.04,0,0,104,BODY
A2013-18.pdf,33,1,6.96,0,0,1,BODY
A2013-18.pdf,33,all the functions of an incorporated company under this Act and having perpetual succession *** with,11.04,0,0,100,BODY
A2013-18.pdf,33,"power to acquire, hold and dispose of property, both movable and immovable, tangible and intangible, to",11.04,0,0,103,BODY
A2013-18.pdf,33,"contract and to sue and be sued, by the said name.",11.04,0,0,50,BODY
A2013-18.pdf,33,"10. Effect of memorandum and articles. —( 1 ) Subject to the provisions of this Act, the memorandum",11.04,1,0,99,SECTION
A2013-18.pdf,33,"and articles shall, when registered, bind the company and the members thereof to the same extent as if they",11.04,0,0,107,BODY
A2013-18.pdf,33,"respectively had been signed by the company and by each member, and contained covenants on its and his",11.04,0,0,102,META
A2013-18.pdf,33,part to observe all the provisions of the memorandum and of the articles.,11.04,0,0,73,BODY
A2013-18.pdf,33,( 2 ) All monies payable by any member to the company under the memorandum or articles shall be a,11.04,0,0,97,BODY
A2013-18.pdf,33,debt due from him to the company.,11.04,0,0,33,BODY
A2013-18.pdf,33,2,6.96,0,0,1,BODY
A2013-18.pdf,33,"[ 10A. Commencement of business, etc.— ( 1 ) A company incorporated after the commencement of",11.04,1,0,93,BODY
A2013-18.pdf,33,"the Companies (Amendment) Act, 2019 and having a share capital shall not commence any business or",11.04,0,0,97,BODY
A2013-18.pdf,33,exercise any borrowing powers unless—,11.04,0,0,37,BODY
A2013-18.pdf,33,( a ) a declaration is filed by a director within a period of one hundred and eighty days of the date of,11.04,0,0,104,BODY
A2013-18.pdf,33,"incorporation of the company in such form and verified in such manner as may be prescribed, with the",11.04,0,0,100,BODY
A2013-18.pdf,33,Registrar that every subscriber to the memorandum has paid the value of the shares agreed to be taken,11.04,0,0,101,BODY
A2013-18.pdf,33,by him on the date of making of such declaration; and,11.04,0,0,53,BODY
A2013-18.pdf,33,( b ) the company has filed with the Registrar a verification of its registered office as provided in,11.04,0,0,101,BODY
A2013-18.pdf,33,sub-section ( 2 ) of section 12.,11.04,0,0,32,BODY
A2013-18.pdf,33,"( 2 ) If any default is made in complying with the requirements of this section, the company shall be",11.04,0,0,101,BODY
A2013-18.pdf,33,liable to a penalty of fifty thousand rupees and every officer who is in default shall be liable to a penalty of,11.04,0,0,112,BODY
A2013-18.pdf,33,one thousand rupees for each day during which such default continues but not exceeding an amount of one,11.04,0,0,103,BODY
A2013-18.pdf,33,lakh rupees.,11.04,0,0,12,BODY
A2013-18.pdf,33,( 3 ) Where no declaration has been filed with the Registrar under clause ( a) of sub-section ( 1 ) within a,11.04,0,0,108,BODY
A2013-18.pdf,33,period of one hundred and eighty days of the date of incorporation of the company and the Registrar has,11.04,0,0,103,BODY
A2013-18.pdf,33,"reasonable cause to believe that the company is not carrying on any business or operations, he may, without",11.04,0,0,107,BODY
A2013-18.pdf,33,"prejudice to the provisions of sub-section ( 2 ), initiate action for the removal of the name of the company",11.04,0,0,108,BODY
A2013-18.pdf,33,from the register of companies under Chapter XVIII.],11.04,0,0,52,BODY
A2013-18.pdf,33,"11 . [ Commencement of business, etc. ] Omitted by the Companies ( Amendment ) Act, 2015 (21 of",11.04,1,0,95,BODY
A2013-18.pdf,33,"2015), s. 4 ( w.e.f. 29-5-2015).",11.04,0,0,32,BODY
A2013-18.pdf,33,"12. Registered office of company. —( 1 ) A company shall, 3 [within thirty days of its incorporation] and",10.83,1,0,105,SECTION
A2013-18.pdf,33,"at all times thereafter, have a registered office capable of receiving and acknowledging all communications",11.04,0,0,107,BODY
A2013-18.pdf,33,and notices as may be addressed to it.,11.04,0,0,38,BODY
A2013-18.pdf,33,( 2 ) The company shall furnish to the Registrar verification of its registered office within a period of,11.04,0,0,105,BODY
A2013-18.pdf,33,thirty days of its incorporation in such manner as may be prescribed.,11.04,0,0,69,BODY
A2013-18.pdf,33,( 3 ) Every company shall—,11.04,0,0,26,BODY
A2013-18.pdf,33,"( a ) paint or affix its name, and the address of its registered office, and keep the same painted or",11.04,0,0,101,BODY
A2013-18.pdf,33,"affixed, on the outside of every office or place in which its business is carried on, in a conspicuous",11.04,0,0,102,BODY
A2013-18.pdf,33,"position, in legible letters, and if the characters employed therefor are not those of the language or of",11.04,0,0,105,BODY
A2013-18.pdf,33,"one of the languages in general use in that locality, also in the characters of that language or of one of",11.04,0,0,106,BODY
A2013-18.pdf,33,those languages;,11.04,0,0,16,BODY
A2013-18.pdf,33,"4 [( b ) have its name engraved in legible characters on its seal, if any;]",10.78,0,0,75,BODY
A2013-18.pdf,33,"( c ) get its name, address of its registered office and the Corporate Identity Number along with",11.04,0,0,97,BODY
A2013-18.pdf,33,"telephone number, fax number, if any, e-mail and website addresses, if any, printed in all its business",11.04,0,0,103,BODY
A2013-18.pdf,33,"letters, billheads, letter papers and in all its notices and other official publications; and",11.04,0,0,93,BODY
A2013-18.pdf,33,"1. The words “and a common seal” omitted by Act 21 of 2015, s. 3 (w.e.f. 29-5-2015).",9.0,0,0,84,BODY
A2013-18.pdf,33,"2. Ins. by Act 22 of 2019, s. 3 (w.e.f. 2-11-2018).",9.0,0,0,51,SECTION
A2013-18.pdf,33,"3. Subs. by Act 1 of 2018, s. 6, for “on and from the fifteenth day of its incorporation”(w.e.f. 27-7-2018).",9.0,0,0,108,BODY
A2013-18.pdf,33,"4. Subs. by Act 21 of 2015, s. 5, for clause ( b ) (w.e.f. 29-5-2015).",9.0,0,0,70,SECTION
A2013-18.pdf,33,33,9.96,0,0,2,BODY
A2013-18.pdf,34,"( d ) have its name printed on hundies , promissory notes, bills of exchange and such other documents",11.04,0,0,101,BODY
A2013-18.pdf,34,as may be prescribed:,11.04,0,0,21,BODY
A2013-18.pdf,34,"Provided that where a company has changed its name or names during the last two years, it shall paint",11.04,0,0,101,BODY
A2013-18.pdf,34,"or affix or print, as the case may be, along with its name, the former name or names so changed during the",11.04,0,0,106,BODY
A2013-18.pdf,34,last two years as required under clauses ( a ) and ( c ):,11.04,0,0,57,BODY
A2013-18.pdf,34,Provided further that the words “One Person Company” shall be mentioned in brackets below the name,11.04,0,0,98,BODY
A2013-18.pdf,34,"of such company, wherever its name is printed, affixed or engraved.",11.04,0,0,67,BODY
A2013-18.pdf,34,"( 4 ) Notice of every change of the situation of the registered office, verified in the manner prescribed,",11.04,0,0,106,BODY
A2013-18.pdf,34,"after the date of incorporation of the company, shall be given to the Registrar 1 [within thirty days] of the",10.84,0,0,109,BODY
A2013-18.pdf,34,"change, who shall record the same.",11.04,0,0,34,BODY
A2013-18.pdf,34,"( 5 ) Except on the authority of a special resolution passed by a company, the registered office of the",11.04,0,0,103,BODY
A2013-18.pdf,34,"company shall not be changed,—",11.04,0,0,30,BODY
A2013-18.pdf,34,"( a ) in the case of an existing company, outside the local limits of any city, town or village where",11.04,0,0,101,BODY
A2013-18.pdf,34,such office is situated at the commencement of this Act or where it may be situated later by virtue of a,11.04,0,0,104,BODY
A2013-18.pdf,34,special resolution passed by the company; and,11.04,0,0,45,BODY
A2013-18.pdf,34,"( b ) in the case of any other company, outside the local limits of any city, town or village where",11.04,0,0,99,BODY
A2013-18.pdf,34,such office is first situated or where it may be situated later by virtue of a special resolution passed by,11.04,0,0,107,BODY
A2013-18.pdf,34,the company:,11.04,0,0,12,BODY
A2013-18.pdf,34,Provided that no company shall change the place of its registered office from the jurisdiction of one,11.04,0,0,101,BODY
A2013-18.pdf,34,Registrar to the jurisdiction of another Registrar within the same State unless such change is confirmed by,11.04,0,0,107,BODY
A2013-18.pdf,34,the Regional Director on an application made in this behalf by the company in the prescribed manner.,11.04,0,0,100,BODY
A2013-18.pdf,34,( 6 ) The confirmation referred to in sub-section ( 5 ) shall be communicated within a period of thirty days,11.04,0,0,108,BODY
A2013-18.pdf,34,from the date of receipt of application by the Regional Director to the company and the company shall file,11.04,0,0,106,BODY
A2013-18.pdf,34,the confirmation with the Registrar within a period of sixty days of the date of confirmation who shall,11.04,0,0,103,BODY
A2013-18.pdf,34,register the same and certify the registration within a period of thirty days from the date of filing of such,11.04,0,0,109,BODY
A2013-18.pdf,34,confirmation.,11.04,0,0,13,BODY
A2013-18.pdf,34,( 7 ) The certificate referred to in sub-section ( 6 ) shall be conclusive evidence that all the requirements,11.04,0,0,109,BODY
A2013-18.pdf,34,of this Act with respect to change of registered office in pursuance of sub-section ( 5 ) have been complied,11.04,0,0,108,BODY
A2013-18.pdf,34,with and the change shall take effect from the date of the certificate.,11.04,0,0,71,BODY
A2013-18.pdf,34,"( 8 ) If any default is made in complying with the requirements of this section, the company and every",11.04,0,0,102,BODY
A2013-18.pdf,34,officer who is in default shall be liable to a penalty of one thousand rupees for every day during which the,11.04,0,0,108,BODY
A2013-18.pdf,34,default continues but not exceeding one lakh rupees.,11.04,0,0,52,BODY
A2013-18.pdf,34,2 [( 9 ) If the Registrar has reasonable cause to believe that the company is not carrying on any business,10.85,0,0,106,BODY
A2013-18.pdf,34,"or operations, he may cause a physical verification of the registered office of the company in such manner",11.04,0,0,106,BODY
A2013-18.pdf,34,as may be prescribed and if any default is found to be made in complying with the requirements of sub-,11.04,0,0,102,BODY
A2013-18.pdf,34,"section ( 1 ), he may without prejudice to the provisions of sub-section ( 8 ), initiate action for the removal of",11.04,0,0,114,BODY
A2013-18.pdf,34,the name of the company from the register of companies under Chapter XVIII.],11.04,0,0,76,BODY
A2013-18.pdf,34,"13. Alteration of memorandum. —( 1 ) Save as provided in section 61, a company may, by a special",11.04,1,0,96,SECTION
A2013-18.pdf,34,"resolution and after complying with the procedure specified in this section, alter the provisions of its",11.04,0,0,104,BODY
A2013-18.pdf,34,memorandum.,11.04,0,0,11,BODY
A2013-18.pdf,34,( 2 ) Any change in the name of a company shall be subject to the provisions of sub-sections ( 2 ) and ( 3 ),11.04,0,0,108,BODY
A2013-18.pdf,34,of section 4 and shall not have effect except with the approval of the Central Government in writing:,11.04,0,0,101,BODY
A2013-18.pdf,34,Provided that no such approval shall be necessary where the only change in the name of the company,11.04,0,0,98,BODY
A2013-18.pdf,34,"is the deletion therefrom, or addition thereto, of the word “Private”, consequent on the conversion of any",11.04,0,0,106,BODY
A2013-18.pdf,34,one class of companies to another class in accordance with the provisions of this Act.,11.04,0,0,86,BODY
A2013-18.pdf,34,"1. Subs. by Act 1 of 2018, s. 6, for “within fifteen days” (w.e.f. 27-7-2018).",9.0,0,0,78,SECTION
A2013-18.pdf,34,"2. Ins. by Act 22 of 2019, s. 4 (w.e.f. 2-11-2018).",9.0,0,0,51,SECTION
A2013-18.pdf,34,34,9.96,0,0,2,BODY
A2013-18.pdf,35,"( 3 ) When any change in the name of a company is made under sub-section ( 2 ), the Registrar shall",11.04,0,0,99,BODY
A2013-18.pdf,35,enter the new name in the register of companies in place of the old name and issue a fresh certificate of,11.04,0,0,105,BODY
A2013-18.pdf,35,incorporation with the new name and the change in the name shall be complete and effective only on the,11.04,0,0,102,BODY
A2013-18.pdf,35,issue of such a certificate.,11.04,0,0,28,BODY
A2013-18.pdf,35,( 4 ) The alteration of the memorandum relating to the place of the registered office from one State to,11.04,0,0,103,BODY
A2013-18.pdf,35,another shall not have any effect unless it is approved by the Central Government on an application in such,11.04,0,0,107,BODY
A2013-18.pdf,35,form and manner as may be prescribed.,11.04,0,0,37,BODY
A2013-18.pdf,35,( 5 ) The Central Government shall dispose of the application under sub-section ( 4 ) within a period of,11.04,0,0,104,BODY
A2013-18.pdf,35,"sixty days and before passing its order may satisfy itself that the alteration has the consent of the creditors,",11.04,0,0,112,BODY
A2013-18.pdf,35,debenture-holders and other persons concerned with the company or that the sufficient provision has been,11.04,0,0,104,BODY
A2013-18.pdf,35,made by the company either for the due discharge of all its debts and obligations or that adequate security,11.04,0,0,107,BODY
A2013-18.pdf,35,has been provided for such discharge.,11.04,0,0,37,BODY
A2013-18.pdf,35,"( 6 ) Save as provided in section 64, a company shall, in relation to any alteration of its memorandum,",11.04,0,0,103,BODY
A2013-18.pdf,35,file with the Registrar—,11.04,0,0,24,BODY
A2013-18.pdf,35,( a ) the special resolution passed by the company under sub-section ( 1 );,11.04,0,0,75,BODY
A2013-18.pdf,35,"( b ) the approval of the Central Government under sub-section ( 2 ), if the alteration involves any",11.04,0,0,100,BODY
A2013-18.pdf,35,change in the name of the company.,11.04,0,0,34,BODY
A2013-18.pdf,35,( 7 ) Where an alteration of the memorandum results in the transfer of the registered office of a company,11.04,0,0,105,BODY
A2013-18.pdf,35,"from one State to another, a certified copy of the order of the Central Government approving the alteration",11.04,0,0,107,BODY
A2013-18.pdf,35,shall be filed by the company with the Registrar of each of the States within such time and in such manner,11.04,0,0,106,BODY
A2013-18.pdf,35,"as may be prescribed, who shall register the same, and the Registrar of the State where the registered office",11.04,0,0,109,BODY
A2013-18.pdf,35,"is being shifted to, shall issue a fresh certificate of incorporation indicating the alteration.",11.04,0,0,96,BODY
A2013-18.pdf,35,"( 8 ) A company, which has raised money from public through prospectus and still has any unutilised",11.04,0,0,99,BODY
A2013-18.pdf,35,"amount out of the money so raised, shall not change its objects for which it raised the money through",11.04,0,0,101,BODY
A2013-18.pdf,35,prospectus unless a special resolution is passed by the company and—,11.04,0,0,68,BODY
A2013-18.pdf,35,"( i ) the details, as may be prescribed, in respect of such resolution shall also be published in the",11.04,0,0,101,BODY
A2013-18.pdf,35,newspapers (one in English and one in vernacular language) which is in circulation at the place where,11.04,0,0,101,BODY
A2013-18.pdf,35,"the registered office of the company is situated and shall also be placed on the website of the company,",11.04,0,0,104,BODY
A2013-18.pdf,35,"if any, indicating therein the justification for such change;",11.04,0,0,61,BODY
A2013-18.pdf,35,( ii ) the dissenting shareholders shall be given an opportunity to exit by the promoters and,11.04,0,0,93,BODY
A2013-18.pdf,35,shareholders having control in accordance with regulations to be specified by the Securities and,11.04,0,0,96,BODY
A2013-18.pdf,35,Exchange Board.,11.04,0,0,15,BODY
A2013-18.pdf,35,( 9 ) The Registrar shall register any alteration of the memorandum with respect to the objects of the,11.04,0,0,102,BODY
A2013-18.pdf,35,company and certify the registration within a period of thirty days from the date of filing of the special,11.04,0,0,106,BODY
A2013-18.pdf,35,resolution in accordance with clause ( a ) of sub-section ( 6 ) of this section.,11.04,0,0,80,BODY
A2013-18.pdf,35,( 10 ) No alteration made under this section shall have any effect until it has been registered in accordance,11.04,0,0,109,BODY
A2013-18.pdf,35,with the provisions of this section.,11.04,0,0,36,BODY
A2013-18.pdf,35,"( 11 ) Any alteration of the memorandum, in the case of a company limited by guarantee and not having",11.04,0,0,101,BODY
A2013-18.pdf,35,"a share capital, purporting to give any person a right to participate in the divisible profits of the company",11.04,0,0,109,BODY
A2013-18.pdf,35,"otherwise than as a member, shall be void.",11.04,0,0,42,BODY
A2013-18.pdf,35,14. Alteration of articles. —( 1 ) Subject to the provisions of this Act and the conditions contained in,11.04,1,0,104,SECTION
A2013-18.pdf,35,"its memorandum, if any, a company may, by a special resolution, alter its articles including alterations",11.04,0,0,104,BODY
A2013-18.pdf,35,having the effect of conversion of—,11.04,0,0,35,BODY
A2013-18.pdf,35,( a ) a private company into a public company; or,11.04,0,0,49,BODY
A2013-18.pdf,35,( b ) a public company into a private company:,11.04,0,0,46,BODY
A2013-18.pdf,35,Provided that where a company being a private company alters its articles in such a manner that they,11.04,0,0,100,BODY
A2013-18.pdf,35,no longer include the restrictions and limitations which are required to be included in the articles of a private,11.04,0,0,113,BODY
A2013-18.pdf,35,35,9.96,0,0,2,BODY
A2013-18.pdf,36,"company under this Act, the company shall, as from the date of such alteration, cease to be a private",11.04,0,0,101,BODY
A2013-18.pdf,36,company:,11.04,0,0,8,BODY
A2013-18.pdf,36,1,6.96,0,0,1,BODY
A2013-18.pdf,36,[Provided further that any alteration having the effect of conversion of a public company into a private,11.04,0,0,104,BODY
A2013-18.pdf,36,company shall not valid unless it its approved by an order of the Central Government on an application,11.04,0,0,102,BODY
A2013-18.pdf,36,made in such form and manner as may be prescribed:,11.04,0,0,50,BODY
A2013-18.pdf,36,"Provided also that any application pending before the Tribunal, as on the date of commencement of the",11.04,0,0,101,BODY
A2013-18.pdf,36,"Companies (amendment) Act, 2019, shall be disposed of by the Tribunal in accordance with the provisions",11.04,0,0,103,BODY
A2013-18.pdf,36,applicable to it before such commencement.],11.04,0,0,43,BODY
A2013-18.pdf,36,( 2 ) Every alteration of the articles under this section and a copy of the order of the 2 [Central,10.85,0,0,99,BODY
A2013-18.pdf,36,"Government] approving the alteration as per sub-section ( 1 ) shall be filed with the Registrar, together with",11.04,0,0,110,BODY
A2013-18.pdf,36,"a printed copy of the altered articles, within a period of fifteen days in such manner as may be prescribed,",11.04,0,0,108,BODY
A2013-18.pdf,36,who shall register the same.,11.04,0,0,28,BODY
A2013-18.pdf,36,"( 3 ) Any alteration of the articles registered under sub-section ( 2 ) shall, subject to the provisions of this",11.04,0,0,112,BODY
A2013-18.pdf,36,"Act, be valid as if it were originally in the articles.",11.04,0,0,55,BODY
A2013-18.pdf,36,15. Alteration of memorandum or articles to be noted in every copy. —( 1 ) Every alteration made in,11.04,1,0,99,SECTION
A2013-18.pdf,36,"the memorandum or articles of a company shall be noted in every copy of the memorandum or articles, as",11.04,0,0,102,BODY
A2013-18.pdf,36,the case may be.,11.04,0,0,16,BODY
A2013-18.pdf,36,"( 2 ) If a company makes any default in complying with the provisions of sub-section ( 1 ), the company",11.04,0,0,103,BODY
A2013-18.pdf,36,and every officer who is in default shall be liable to a penalty of one thousand rupees for every copy of the,11.04,0,0,109,BODY
A2013-18.pdf,36,memorandum or articles issued without such alteration.,11.04,0,0,54,BODY
A2013-18.pdf,36,"16. Rectification of name of company. —( 1 ) If, through inadvertence or otherwise, a company on its",11.04,1,0,100,SECTION
A2013-18.pdf,36,"first registration or on its registration by a new name, is registered by a name which,—",11.04,0,0,88,BODY
A2013-18.pdf,36,"( a ) in the opinion of the Central Government, is identical with or too nearly resembles the name by",11.04,0,0,101,BODY
A2013-18.pdf,36,"which a company in existence had been previously registered, whether under this Act or any previous",11.04,0,0,99,BODY
A2013-18.pdf,36,"company law, it may direct the company to change its name and the company shall change its name or",11.04,0,0,98,BODY
A2013-18.pdf,36,"new name, as the case may be, within a period of three months from the issue of such direction, after",11.04,0,0,101,BODY
A2013-18.pdf,36,adopting an ordinary resolution for the purpose;,11.04,0,0,48,BODY
A2013-18.pdf,36,( b ) on an application by a registered proprietor of a trade mark that the name is identical with or,11.04,0,0,101,BODY
A2013-18.pdf,36,"too nearly resembles to a registered trade mark of such proprietor under the Trade Marks Act, 1999 (47",11.04,0,0,102,BODY
A2013-18.pdf,36,"of 1999), made to the Central Government within three years of incorporation or registration or change",11.04,0,0,102,BODY
A2013-18.pdf,36,"of name of the company, whether under this Act or any previous company law, in the opinion of the",11.04,0,0,97,BODY
A2013-18.pdf,36,"Central Government, is identical with or too nearly resembles to an existing trade mark, it may direct",11.04,0,0,102,BODY
A2013-18.pdf,36,"the company to change its name and the company shall change its name or new name, as the case may",11.04,0,0,97,BODY
A2013-18.pdf,36,3,6.96,0,0,1,BODY
A2013-18.pdf,36,"be, within a [period of three months] from the issue of such direction, after adopting an ordinary",11.04,0,0,98,BODY
A2013-18.pdf,36,resolution for the purpose.,11.04,0,0,27,BODY
A2013-18.pdf,36,"( 2 ) Where a company changes its name or obtains a new name under sub-section ( 1 ), it shall within a",11.04,0,0,103,BODY
A2013-18.pdf,36,"period of fifteen days from the date of such change, give notice of the change to the Registrar along with",11.04,0,0,106,BODY
A2013-18.pdf,36,"the order of the Central Government, who shall carry out necessary changes in the certificate of",11.04,0,0,96,BODY
A2013-18.pdf,36,incorporation and the memorandum.,11.04,0,0,33,BODY
A2013-18.pdf,36,"4 [( 3 ) If a company is in default in complying with any direction given under sub-section (1), the Central",10.85,0,0,108,BODY
A2013-18.pdf,36,Government shall allot a new name to the company in such manner as may be prescribed and the Registrar,11.04,0,0,102,BODY
A2013-18.pdf,36,shall enter the new name in the register of companies in place of the old name and issue a fresh certificate,11.04,0,0,108,BODY
A2013-18.pdf,36,"of incorporation with the new name, which the company shall use thereafter:",11.04,0,0,75,BODY
A2013-18.pdf,36,Provided that nothing in this sub-section shall prevent a company from subsequently changing its name,11.04,0,0,101,BODY
A2013-18.pdf,36,in accordance with the provisions of section 13.],11.04,0,0,49,BODY
A2013-18.pdf,36,"17. Copies of memorandum, articles, etc., to be given to members. —( 1 ) A company shall, on being",11.04,1,0,98,SECTION
A2013-18.pdf,36,"so requested by a member, send to him within seven days of the request and subject to the payment of such",11.04,0,0,105,BODY
A2013-18.pdf,36,"fees as may be prescribed, a copy of each of the following documents, namely:—",11.04,0,0,78,BODY
A2013-18.pdf,36,"1. Subs. by Act 22 of 2019, s. 5, for the Proviso (w.e.f. 2-11-2018).",9.0,0,0,69,SECTION
A2013-18.pdf,36,"2. Subs. by s. 5, ibid., for “Tribunal” (w.e.f. 2-11-2018).",9.0,0,0,59,SECTION
A2013-18.pdf,36,"3. Subs. by Act 29 of 2020, s. 4, for “period of six months” (w.e.f.1-9-2021).",9.0,0,0,78,SECTION
A2013-18.pdf,36,"4. Subs. by s. 4, ibid ., for sub-section (3) (w.e.f. 1-9-2021).",9.0,0,0,64,SECTION
A2013-18.pdf,36,36,9.96,0,0,2,BODY
A2013-18.pdf,37,( a ) the memorandum;,11.04,0,0,21,BODY
A2013-18.pdf,37,( b ) the articles; and,11.04,0,0,23,BODY
A2013-18.pdf,37,"( c ) every agreement and every resolution referred to in sub-section ( 1 ) of section117, if and in so",11.04,0,0,103,BODY
A2013-18.pdf,37,far as they have not been embodied in the memorandum or articles.,11.04,0,0,65,BODY
A2013-18.pdf,37,"( 2 ) If a company makes any default in complying with the provisions of this section, the company and",11.04,0,0,102,BODY
A2013-18.pdf,37,"every officer of the company who is in default shall be liable for each default, to a penalty of one thousand",11.04,0,0,109,BODY
A2013-18.pdf,37,"rupees for each day during which such default continues or one lakh rupees, whichever is less.",11.04,0,0,94,BODY
A2013-18.pdf,37,18. Conversion of companies already registered. —( 1 ) A company of any class registered under this,11.04,1,0,99,SECTION
A2013-18.pdf,37,Act may convert itself as a company of other class under this Act by alteration of memorandum and articles,11.04,0,0,106,BODY
A2013-18.pdf,37,of the company in accordance with the provisions of this Chapter.,11.04,0,0,65,BODY
A2013-18.pdf,37,"( 2 ) Where the conversion is required to be done under this section, the Registrar shall on an application",11.04,0,0,107,BODY
A2013-18.pdf,37,"made by the company, after satisfying himself that the provisions of this Chapter applicable for registration",11.04,0,0,109,BODY
A2013-18.pdf,37,"of companies have been complied with, close the former registration of the company and after registering",11.04,0,0,104,BODY
A2013-18.pdf,37,"the documents referred to in sub-section ( 1 ), issue a certificate of incorporation in the same manner as its",11.04,0,0,110,BODY
A2013-18.pdf,37,first registration.,11.04,0,0,19,BODY
A2013-18.pdf,37,"( 3 ) The registration of a company under this section shall not affect any debts, liabilities, obligations or",11.04,0,0,110,BODY
A2013-18.pdf,37,"contracts incurred or entered into, by or on behalf of the company before conversion and such debts,",11.04,0,0,100,BODY
A2013-18.pdf,37,"liabilities, obligations and contracts may be enforced in the manner as if such registration had not been",11.04,0,0,105,BODY
A2013-18.pdf,37,done.,11.04,0,0,5,BODY
A2013-18.pdf,37,"19. Subsidiary company not to hold shares in its holding company. —( 1 ) No company shall, either",11.04,1,0,97,SECTION
A2013-18.pdf,37,"by itself or through its nominees, hold any shares in its holding company and no holding company shall",11.04,0,0,102,BODY
A2013-18.pdf,37,allot or transfer its shares to any of its subsidiary companies and any such allotment or transfer of shares of,11.04,0,0,111,BODY
A2013-18.pdf,37,a company to its subsidiary company shall be void:,11.04,0,0,50,BODY
A2013-18.pdf,37,Provided that nothing in this sub-section shall apply to a case—,11.04,0,0,64,BODY
A2013-18.pdf,37,( a ) where the subsidiary company holds such shares as the legal representative of a deceased,11.04,0,0,94,BODY
A2013-18.pdf,37,member of the holding company; or,11.04,0,0,33,BODY
A2013-18.pdf,37,( b ) where the subsidiary company holds such shares as a trustee; or,11.04,0,0,69,BODY
A2013-18.pdf,37,( c ) where the subsidiary company is a shareholder even before it became a subsidiary company of,11.04,0,0,97,BODY
A2013-18.pdf,37,the holding company:,11.04,0,0,20,BODY
A2013-18.pdf,37,Provided further that the subsidiary company referred to in the preceding proviso shall have a right to,11.04,0,0,103,BODY
A2013-18.pdf,37,vote at a meeting of the holding company only in respect of the shares held by it as a legal representative,11.04,0,0,107,BODY
A2013-18.pdf,37,"or as a trustee, as referred to in clause ( a ) or clause ( b ) of the said proviso.",11.04,0,0,84,BODY
A2013-18.pdf,37,( 2 ) The reference in this section to the shares of a holding company which is a company limited by,11.04,0,0,100,BODY
A2013-18.pdf,37,"guarantee or an unlimited company, not having a share capital, shall be construed as a reference to the",11.04,0,0,103,BODY
A2013-18.pdf,37,"interest of its members, whatever be the form of interest.",11.04,0,0,58,BODY
A2013-18.pdf,37,20. Service of documents. —( 1 ) A document may be served on a company or an officer thereof by,11.04,1,0,95,SECTION
A2013-18.pdf,37,sending it to the company or the officer at the registered office of the company by registered post or by,11.04,0,0,105,BODY
A2013-18.pdf,37,speed post or by courier service or by leaving it at its registered office or by means of such electronic or,11.04,0,0,108,BODY
A2013-18.pdf,37,other mode as may be prescribed:,11.04,0,0,32,BODY
A2013-18.pdf,37,"Provided that where securities are held with a depository, the records of the beneficial ownership may",11.04,0,0,102,BODY
A2013-18.pdf,37,be served by such depository on the company by means of electronic or other mode.,11.04,0,0,81,BODY
A2013-18.pdf,37,( 2 ) Save as provided in this Act or the rules made thereunder for filing of documents with the Registrar,11.04,0,0,106,BODY
A2013-18.pdf,37,"in electronic mode, a document may be served on Registrar or any member by sending it to him by post or",11.04,0,0,103,BODY
A2013-18.pdf,37,"by registered post or by speed post or by courier or by delivering at his office or address, or by such",11.04,0,0,103,BODY
A2013-18.pdf,37,electronic or other mode as may be prescribed:,11.04,0,0,46,BODY
A2013-18.pdf,37,"Provided that a member may request for delivery of any document through a particular mode, for which",11.04,0,0,100,BODY
A2013-18.pdf,37,he shall pay such fees as may be determined by the company in its annual general meeting.,11.04,0,0,89,BODY
A2013-18.pdf,37,"Explanation .—For the purposes of this section, the term “courier” means a person or agency which",11.04,0,0,97,BODY
A2013-18.pdf,37,delivers the document and provides proof of its delivery.,11.04,0,0,57,BODY
A2013-18.pdf,37,37,9.96,0,0,2,BODY
A2013-18.pdf,38,"21. Authentication of documents, proceedings and contracts. —Save as otherwise provided in this",11.04,1,0,95,SECTION
A2013-18.pdf,38,"Act,—",11.04,0,0,5,BODY
A2013-18.pdf,38,( a ) a document or proceeding requiring authentication by a company; or,11.04,0,0,72,BODY
A2013-18.pdf,38,"( b ) contracts made by or on behalf of a company,",11.04,0,0,50,BODY
A2013-18.pdf,38,may be signed by any key managerial personnel or 1 [an officer or employee of the company] duly authorised,10.83,0,0,106,META
A2013-18.pdf,38,by the Board in this behalf.,11.04,0,0,28,BODY
A2013-18.pdf,38,"22. Execution of bills of exchange, etc. —( 1 ) A bill of exchange, hundi or promissory note shall be",11.04,1,0,101,SECTION
A2013-18.pdf,38,"deemed to have been made, accepted, drawn or endorsed on behalf of a company if made, accepted, drawn,",11.04,0,0,102,BODY
A2013-18.pdf,38,"or endorsed in the name of, or on behalf of or on account of, the company by any person acting under its",11.04,0,0,104,BODY
A2013-18.pdf,38,"authority, express or implied.",11.04,0,0,30,BODY
A2013-18.pdf,38,"( 2 ) A company may, by writing 2 [under its common seal, if any,] authorise any person, either generally",10.84,0,0,105,BODY
A2013-18.pdf,38,"or in respect of any specified matters, as its attorney to execute other deeds on its behalf in any place either",11.04,0,0,112,BODY
A2013-18.pdf,38,in or outside India:,11.04,0,0,20,BODY
A2013-18.pdf,38,"3 [Provided that in case a company does not have a common seal, the authorisation under this",10.8,0,0,92,BODY
A2013-18.pdf,38,"sub-section shall be made by two directors or by a director and the Company Secretary, wherever the",11.04,0,0,99,BODY
A2013-18.pdf,38,company has appointed a Company Secretary.],11.04,0,0,43,BODY
A2013-18.pdf,38,( 3 ) A deed signed by such an attorney on behalf of the company and under his seal shall bind the,11.04,0,0,98,META
A2013-18.pdf,38,company 4 ***.,9.68,0,0,14,BODY
A2013-18.pdf,38,CHAPTER III,11.04,0,1,11,CHAPTER
A2013-18.pdf,38,P,11.04,0,1,1,HEADING
A2013-18.pdf,38,ROSPECTUS AND ALLOTMENT OF SECURITIES,9.0,0,1,37,HEADING
A2013-18.pdf,38,P I.— Public offer,11.04,0,0,18,BODY
A2013-18.pdf,38,ART,9.0,0,1,3,HEADING
A2013-18.pdf,38,23. Public offer and private placement. —( 1 ) A public company may issue securities—,11.04,1,0,85,SECTION
A2013-18.pdf,38,( a ) to public through prospectus (herein referred to as “public offer”) by complying with the,11.04,0,0,95,BODY
A2013-18.pdf,38,provisions of this Part; or,11.04,0,0,27,BODY
A2013-18.pdf,38,( b ) through private placement by complying with the provisions of Part II of this Chapter; or,11.04,0,0,95,BODY
A2013-18.pdf,38,( c ) through a rights issue or a bonus issue in accordance with the provisions of this Act and in case,11.04,0,0,103,BODY
A2013-18.pdf,38,of a listed company or a company which intends to get its securities listed also with the provisions of,11.04,0,0,103,BODY
A2013-18.pdf,38,"the Securities and Exchange Board of India Act, 1992 (15 of 1992) and the rules and regulations made",11.04,0,0,100,BODY
A2013-18.pdf,38,thereunder.,11.04,0,0,11,BODY
A2013-18.pdf,38,( 2 ) A private company may issue securities—,11.04,0,0,45,BODY
A2013-18.pdf,38,( a ) by way of rights issue or bonus issue in accordance with the provisions of this Act; or,11.04,0,0,93,BODY
A2013-18.pdf,38,( b ) through private placement by complying with the provisions of Part II of this Chapter.,11.04,0,0,92,BODY
A2013-18.pdf,38,5 [( 3 ) Such class of public companies may issue such class of securities for the purposes of listing on,10.85,0,0,105,BODY
A2013-18.pdf,38,"permitted stock exchanges in permissible foreign jurisdictions or such other jurisdictions, as may be",11.04,0,0,101,BODY
A2013-18.pdf,38,prescribed.,11.04,0,0,11,BODY
A2013-18.pdf,38,"( 4 ) The Central Government may, by notification, exempt any class or classes of public companies",11.04,0,0,98,BODY
A2013-18.pdf,38,"referred to in sub-section (3) from any of the provisions of this Chapter, Chapter IV, section 89, section 90",11.04,0,0,109,BODY
A2013-18.pdf,38,"or section 127 and a copy of every such notification shall, as soon as may be after it is issued, be laid before",11.04,0,0,112,BODY
A2013-18.pdf,38,both Houses of Parliament.],11.04,0,0,27,BODY
A2013-18.pdf,38,"Explanation.— For the purposes of this Chapter, “public offer” includes initial public offer or further",11.04,0,0,103,BODY
A2013-18.pdf,38,"public offer of securities to the public by a company, or an offer for sale of securities to the public by an",11.04,0,0,109,BODY
A2013-18.pdf,38,"existing shareholder, through issue of a prospectus.",11.04,0,0,52,BODY
A2013-18.pdf,38,"24. Power of Securities and Exchange Board to regulate issue and transfer of securities,",11.04,1,0,88,SECTION
A2013-18.pdf,38,"etc. —( 1 ) The provisions contained in this Chapter, Chapter IV and in section 127 shall,—",11.04,1,0,91,BODY
A2013-18.pdf,38,( a ) in so far as they relate to —,11.04,0,0,35,BODY
A2013-18.pdf,38,( i ) issue and transfer of securities; and,11.04,0,0,43,BODY
A2013-18.pdf,38,"1. Subs. by Act 1 of 2018, s. 7, for “an officer of the company” (w.e.f. 9-2-2018).",9.0,0,0,83,BODY
A2013-18.pdf,38,"2. Subs. by Act 21 of 2015, s. 6, for “under its common seal” (w.e.f. 29-5-2015).",9.0,0,0,81,BODY
A2013-18.pdf,38,"3. The proviso ins. by s. 6, ibid . (w.e.f. 29-5-2015).",9.0,0,0,55,SECTION
A2013-18.pdf,38,"4. The words “and have the effect as if it were made under its common seal” omitted by s. 6, ibid. (w.e.f. 29-5-2015).",9.0,0,0,118,BODY
A2013-18.pdf,38,"5. Ins. by Act 29 of 2020, s. 5, (w.e.f. 30-10-2023).",9.0,0,0,53,SECTION
A2013-18.pdf,38,38,9.96,0,0,2,BODY
A2013-18.pdf,39,"( ii ) non-payment of dividend,",11.04,0,0,31,BODY
A2013-18.pdf,39,by listed companies or those companies which intend to get their securities listed on any recognised,11.04,0,0,100,BODY
A2013-18.pdf,39,"stock exchange in India, except as provided under this Act, be administered by the Securities and",11.04,0,0,97,BODY
A2013-18.pdf,39,Exchange Board by making regulations in this behalf;,11.04,0,0,52,BODY
A2013-18.pdf,39,"( b ) in any other case, be administered by the Central Government.",11.04,0,0,67,BODY
A2013-18.pdf,39,"Explanation .—For the removal of doubts, it is hereby declared that all powers relating to all other",11.04,0,0,100,BODY
A2013-18.pdf,39,"matters relating to prospectus, return of allotment, redemption of preference shares and any other matter",11.04,0,0,105,BODY
A2013-18.pdf,39,"specifically provided in this Act, shall be exercised by the Central Government, the Tribunal or the",11.04,0,0,100,BODY
A2013-18.pdf,39,"Registrar, as the case may be.",11.04,0,0,30,BODY
A2013-18.pdf,39,"( 2 ) The Securities and Exchange Board shall, in respect of matters specified in sub-section ( 1 ) and the",11.04,0,0,107,BODY
A2013-18.pdf,39,"matters delegated to it under proviso to sub-section ( 1 ) of section 458, exercise the powers conferred upon",11.04,0,0,109,BODY
A2013-18.pdf,39,"it under sub-sections ( 1 ), ( 2A ), ( 3 ) and ( 4 ) of section 11, sections 11A, 11B and 11D of the Securities and",11.04,0,0,115,BODY
A2013-18.pdf,39,"Exchange Board of India Act, 1992 (15 of 1992).",11.04,0,0,47,BODY
A2013-18.pdf,39,25. Document containing offer of securities for sale to be deemed prospectus. —( 1 ) Where a,11.04,1,0,92,SECTION
A2013-18.pdf,39,company allots or agrees to allot any securities of the company with a view to all or any of those securities,11.04,0,0,109,BODY
A2013-18.pdf,39,"being offered for sale to the public, any document by which the offer for sale to the public is made shall,",11.04,0,0,107,BODY
A2013-18.pdf,39,"for all purposes, be deemed to be a prospectus issued by the company; and all enactments and rules of law",11.04,0,0,105,BODY
A2013-18.pdf,39,"as to the contents of prospectus and as to liability in respect of mis-statements, in and omissions from,",11.04,0,0,105,BODY
A2013-18.pdf,39,"prospectus, or otherwise relating to prospectus, shall apply with the modifications specified in sub-sections",11.04,0,0,109,BODY
A2013-18.pdf,39,"( 3 ) and ( 4 ) and shall have effect accordingly, as if the securities had been offered to the public for",11.04,0,0,106,BODY
A2013-18.pdf,39,subscription and as if persons accepting the offer in respect of any securities were subscribers for those,11.04,0,0,106,BODY
A2013-18.pdf,39,"securities, but without prejudice to the liability, if any, of the persons by whom the offer is made in respect",11.04,0,0,111,BODY
A2013-18.pdf,39,of mis-statements contained in the document or otherwise in respect thereof.,11.04,0,0,76,BODY
A2013-18.pdf,39,"( 2 ) For the purposes of this Act, it shall, unless the contrary is proved, be evidence that an allotment of,",11.04,0,0,110,BODY
A2013-18.pdf,39,"or an agreement to allot, securities was made with a view to the securities being offered for sale to the",11.04,0,0,105,BODY
A2013-18.pdf,39,public if it is shown—,11.04,0,0,22,BODY
A2013-18.pdf,39,( a ) that an offer of the securities or of any of them for sale to the public was made within six months,11.04,0,0,105,BODY
A2013-18.pdf,39,after the allotment or agreement to allot; or,11.04,0,0,45,BODY
A2013-18.pdf,39,"( b ) that at the date when the offer was made, the whole consideration to be received by the company",11.04,0,0,101,BODY
A2013-18.pdf,39,in respect of the securities had not been received by it.,11.04,0,0,57,BODY
A2013-18.pdf,39,( 3 ) Section 26 as applied by this section shall have effect as if —,11.04,0,0,69,BODY
A2013-18.pdf,39,( i ) it required a prospectus to state in addition to the matters required by that section to be stated in,11.04,0,0,107,BODY
A2013-18.pdf,39,a prospectus—,11.04,0,0,13,BODY
A2013-18.pdf,39,( a ) the net amount of the consideration received or to be received by the company in respect of,11.04,0,0,97,BODY
A2013-18.pdf,39,the securities to which the offer relates; and,11.04,0,0,46,BODY
A2013-18.pdf,39,( b ) the time and place at which the contract where under the said securities have been or are to,11.04,0,0,98,BODY
A2013-18.pdf,39,be allotted may be inspected;,11.04,0,0,29,BODY
A2013-18.pdf,39,( ii ) the persons making the offer were persons named in a prospectus as directors of a company.,11.04,0,0,97,BODY
A2013-18.pdf,39,"( 4 ) Where a person making an offer to which this section relates is a company or a firm, it shall be",11.04,0,0,102,BODY
A2013-18.pdf,39,sufficient if the document referred to in sub-section ( 1 ) is signed on behalf of the company or firm by two,11.04,0,0,109,META
A2013-18.pdf,39,"directors of the company or by not less than one-half of the partners in the firm, as the case may be.",11.04,0,0,102,BODY
A2013-18.pdf,39,26. Matters to be stated in prospectus .—( 1 ) Every prospectus issued by or on behalf of a public,11.04,1,0,98,SECTION
A2013-18.pdf,39,"company either with reference to its formation or subsequently, or by or on behalf of any person who is or",11.04,0,0,106,BODY
A2013-18.pdf,39,"has been engaged or interested in the formation of a public company, shall be dated and signed and shall,",11.04,0,0,105,META
A2013-18.pdf,39,1 [state such information and set out such reports on financial information as may be specified by the,10.81,0,0,102,BODY
A2013-18.pdf,39,Securities and Exchange Board in consultation with the Central Government:,11.04,0,0,74,BODY
A2013-18.pdf,39,Provided that until the Securities and Exchange Board specifies the information and reports on financial,11.04,0,0,104,BODY
A2013-18.pdf,39,"information under this sub-section, the regulations made by the Securities and Exchange Board under the",11.04,0,0,103,BODY
A2013-18.pdf,39,"1. Ins. by Act 1 of 2018, s. 8 (w.e.f. 7-5-2018).",9.0,0,0,49,SECTION
A2013-18.pdf,39,39,9.96,0,0,2,BODY
A2013-18.pdf,40,"Securities and Exchange Board of India Act, 1992 (15 of 1992), in respect of such financial information or",11.04,0,0,106,BODY
A2013-18.pdf,40,reports on financial information shall apply]; —,11.04,0,0,48,BODY
A2013-18.pdf,40,1 * * * * *,10.36,0,0,11,BODY
A2013-18.pdf,40,( c ) make a declaration about the compliance of the provisions of this Act and a statement to the,11.04,0,0,98,BODY
A2013-18.pdf,40,"effect that nothing in the prospectus is contrary to the provisions of this Act, the Securities Contracts",11.04,0,0,105,BODY
A2013-18.pdf,40,"(Regulation) Act, 1956 (42 of 1956) and the Securities and Exchange Board of India Act, 1992 (15",11.04,0,0,96,BODY
A2013-18.pdf,40,of 1992) and the rules and regulations made thereunder; and,11.04,0,0,59,BODY
A2013-18.pdf,40,2 * * * * *,10.36,0,0,11,BODY
A2013-18.pdf,40,( 2 ) Nothing in sub-section ( 1 ) shall apply—,11.04,0,0,47,BODY
A2013-18.pdf,40,"( a ) to the issue to existing members or debenture-holders of a company, of a prospectus or form of",11.04,0,0,100,BODY
A2013-18.pdf,40,"application relating to shares in or debentures of the company, whether an applicant has a right to",11.04,0,0,99,BODY
A2013-18.pdf,40,renounce the shares or not under sub-clause ( ii ) of clause ( a ) of sub-section ( 1 ) of section 62 in favour,11.04,0,0,111,BODY
A2013-18.pdf,40,of any other person; or,11.04,0,0,23,BODY
A2013-18.pdf,40,"( b ) to the issue of a prospectus or form of application relating to shares or debentures which are, or",11.04,0,0,104,BODY
A2013-18.pdf,40,"are to be, in all respects uniform with shares or debentures previously issued and for the time being",11.04,0,0,101,BODY
A2013-18.pdf,40,dealt in or quoted on a recognised stock exchange.,11.04,0,0,50,BODY
A2013-18.pdf,40,"( 3 ) Subject to sub-section ( 2 ), the provisions of sub-section ( 1 ) shall apply to a prospectus or a form of",11.04,0,0,112,BODY
A2013-18.pdf,40,"application, whether issued on or with reference to the formation of a company or subsequently.",11.04,0,0,95,BODY
A2013-18.pdf,40,Explanation .—The date indicated in the prospectus shall be deemed to be the date of its publication.,11.04,0,0,101,BODY
A2013-18.pdf,40,( 4 ) No prospectus shall be issued by or on behalf of a company or in relation to an intended company,11.04,0,0,102,BODY
A2013-18.pdf,40,"unless on or before the date of its publication, there has been delivered to the Registrar for 2 [filing], a copy",10.85,0,0,113,BODY
A2013-18.pdf,40,thereof signed by every person who is named there in as a director or proposed director of the company or,11.04,0,0,105,META
A2013-18.pdf,40,by his duly authorised attorney.,11.04,0,0,32,BODY
A2013-18.pdf,40,( 5 ) A prospectus issued under sub-section ( 1 ) shall not include a statement purporting to be made by,11.04,0,0,104,BODY
A2013-18.pdf,40,"an expert unless the expert is a person who is not, and has not been, engaged or interested in the formation",11.04,0,0,108,BODY
A2013-18.pdf,40,"or promotion or management, of the company and has given his written consent to the issue of the",11.04,0,0,96,BODY
A2013-18.pdf,40,prospectus and has not withdrawn such consent before the delivery of a copy of the prospectus to the,11.04,0,0,100,BODY
A2013-18.pdf,40,1,6.96,0,0,1,BODY
A2013-18.pdf,40,Registrar for [filing] and a statement to that effect shall be included in the prospectus.,11.04,0,0,90,BODY
A2013-18.pdf,40,"( 6 ) Every prospectus issued under sub-section ( 1 ) shall, on the face of it,—",11.04,0,0,80,BODY
A2013-18.pdf,40,( a ) state that a copy has been delivered for 1 [filing] to the Registrar as required under,10.83,0,0,92,BODY
A2013-18.pdf,40,sub-section ( 4 ); and,11.04,0,0,22,BODY
A2013-18.pdf,40,( b ) specify any documents required by this section to be attached to the copy so delivered or refer,11.04,0,0,101,BODY
A2013-18.pdf,40,to statements included in the prospectus which specify these documents.,11.04,0,0,71,BODY
A2013-18.pdf,40,3 * * * * *,10.36,0,0,11,BODY
A2013-18.pdf,40,( 8 ) No prospectus shall be valid if it is issued more than ninety days after the date on which a copy,11.04,0,0,103,BODY
A2013-18.pdf,40,thereof is delivered to the Registrar under sub-section ( 4 ).,11.04,0,0,62,BODY
A2013-18.pdf,40,"( 9 ) If a prospectus is issued in contravention of the provisions of this section, the company shall be",11.04,0,0,104,BODY
A2013-18.pdf,40,punishable with fine which shall not be less than fifty thousand rupees but which may extend to three lakh,11.04,0,0,106,BODY
A2013-18.pdf,40,rupees and every person who is knowingly a party to the issue of such prospectus shall be punishable 4 ***,10.84,0,0,106,BODY
A2013-18.pdf,40,with fine which shall not be less than fifty thousand rupees but which may extend to 5 [three lakh rupees].,10.84,0,0,107,BODY
A2013-18.pdf,40,"1. Clauses ( a ), ( b ) and ( d ) omitted by Act 1 of 2018, s. 8 (w.e.f. 7-5-2018).",9.0,0,0,83,BODY
A2013-18.pdf,40,"2. Subs. by Act 22 of 2019, s. 6, for “registration” (w.e.f. 15-8-2019).",9.0,0,0,72,SECTION
A2013-18.pdf,40,"3. Sub-section ( 7 ) omitted by s. 6, ibid. (w.e.f. 15-8-2019).",9.0,0,0,63,SECTION
A2013-18.pdf,40,"4. The words “with imprisonment for a term which may extend to three years or” omitted by Act 29 of 2020, s. 6 (w.e.f. 21-12-",9.0,0,0,125,BODY
A2013-18.pdf,40,2020).,9.0,0,0,6,BODY
A2013-18.pdf,40,"5. Subs. by s. 6, ibid., for “three lakh rupees, or with both” (w.e.f. 21-12-2020).",9.0,0,0,83,BODY
A2013-18.pdf,40,40,9.96,0,0,2,BODY
A2013-18.pdf,41,"27. Variation in terms of contract or objects in prospectus. —( 1 ) A company shall not, at any time,",11.04,1,0,101,SECTION
A2013-18.pdf,41,"vary the terms of a contract referred to in the prospectus or objects for which the prospectus was issued,",11.04,0,0,106,BODY
A2013-18.pdf,41,"except subject to the approval of, or except subject to an authority given by the company in general meeting",11.04,0,0,108,BODY
A2013-18.pdf,41,by way of special resolution:,11.04,0,0,29,BODY
A2013-18.pdf,41,"Provided that the details, as may be prescribed, of the notice in respect of such resolution to",11.04,0,0,95,BODY
A2013-18.pdf,41,"shareholders, shall also be published in the newspapers (one in English and one in vernacular language) in",11.04,0,0,106,BODY
A2013-18.pdf,41,the city where the registered office of the company is situated indicating clearly the justification for such,11.04,0,0,109,BODY
A2013-18.pdf,41,variation:,11.04,0,0,10,BODY
A2013-18.pdf,41,"Provided further that such company shall not use any amount raised by it through prospectus for buying,",11.04,0,0,103,BODY
A2013-18.pdf,41,trading or otherwise dealing in equity shares of any other listed company.,11.04,0,0,74,BODY
A2013-18.pdf,41,( 2 ) The dissenting shareholders being those shareholders who have not agreed to the proposal to vary,11.04,0,0,102,BODY
A2013-18.pdf,41,"the terms of contracts or objects referred to in the prospectus, shall be given an exit offer by promoters or",11.04,0,0,109,BODY
A2013-18.pdf,41,"controlling shareholders at such exit price, and in such manner and conditions as may be specified by the",11.04,0,0,105,BODY
A2013-18.pdf,41,Securities and Exchange Board by making regulations in this behalf.,11.04,0,0,67,BODY
A2013-18.pdf,41,28. Offer of sale of shares by certain members of company. —( 1 ) Where certain members of a,11.04,1,0,92,SECTION
A2013-18.pdf,41,"company propose, in consultation with the Board of Directors to offer, in accordance with the provisions",11.04,0,0,104,BODY
A2013-18.pdf,41,"of any law for the time being in force, whole or part of their holding of shares to the public, they may do so",11.04,0,0,110,BODY
A2013-18.pdf,41,in accordance with such procedure as may be prescribed.,11.04,0,0,55,BODY
A2013-18.pdf,41,"( 2 ) Any document by which the offer of sale to the public is made shall, for all purposes, be deemed to",11.04,0,0,105,BODY
A2013-18.pdf,41,be a prospectus issued by the company and all laws and rules made thereunder as to the contents of the,11.04,0,0,102,BODY
A2013-18.pdf,41,prospectus and as to liability in respect of mis-statements in and omission from prospectus or otherwise,11.04,0,0,104,BODY
A2013-18.pdf,41,relating to prospectus shall apply as if this is a prospectus issued by the company.,11.04,0,0,84,BODY
A2013-18.pdf,41,"( 3 ) The members, whether individuals or bodies corporate or both, whose shares are proposed to be",11.04,0,0,99,BODY
A2013-18.pdf,41,"offered to the public, shall collectively authorise the company, whose shares are offered for sale to the",11.04,0,0,105,BODY
A2013-18.pdf,41,"public, to take all actions in respect of offer of sale for and on their behalf and they shall reimburse the",11.04,0,0,108,BODY
A2013-18.pdf,41,company all expenses incurred by it on this matter.,11.04,0,0,51,BODY
A2013-18.pdf,41,29. Public offer of securities to be in dematerialised form. —( 1 ) Notwithstanding anything contained,11.04,1,0,102,SECTION
A2013-18.pdf,41,"in any other provisions of this Act,—",11.04,0,0,37,BODY
A2013-18.pdf,41,( a ) every company making public offer; and,11.04,0,0,44,BODY
A2013-18.pdf,41,"( b ) such other class or classes of 1 *** companies as may be prescribed,",10.78,0,0,74,BODY
A2013-18.pdf,41,shall issue the securities only in dematerialised form by complying with the provisions of the Depositories,11.04,0,0,107,BODY
A2013-18.pdf,41,"Act, 1996 (22 of 1996) and the regulations made thereunder.",11.04,0,0,59,BODY
A2013-18.pdf,41,"2 [( 1A ) In case of such class or classes of unlisted companies as may be prescribed, the securities shall",10.85,0,0,107,BODY
A2013-18.pdf,41,"be held or transferred only in dematerialised form in the manner laid down in the Depositories Act, 1996",11.04,0,0,104,BODY
A2013-18.pdf,41,and the regulations made thereunder.],11.04,0,0,37,BODY
A2013-18.pdf,41,"( 2 ) Any company, other than a company mentioned in sub-section ( 1 ), may convert its securities into",11.04,0,0,103,BODY
A2013-18.pdf,41,dematerialised form or issue its securities in physical form in accordance with the provisions of this Act or,11.04,0,0,109,BODY
A2013-18.pdf,41,"in dematerialised form in accordance with the provisions of the Depositories Act, 1996 (22 of 1996) and",11.04,0,0,103,BODY
A2013-18.pdf,41,the regulations made thereunder.,11.04,0,0,32,BODY
A2013-18.pdf,41,30. Advertisement of prospectus. —Where an advertisement of any prospectus of a company is,11.04,1,0,90,SECTION
A2013-18.pdf,41,"published in any manner, it shall be necessary to specify therein the contents of its memorandum as regards",11.04,0,0,107,BODY
A2013-18.pdf,41,"the objects, the liability of members and the amount of share capital of the company, and the names of the",11.04,0,0,106,BODY
A2013-18.pdf,41,"signatories to the memorandum and the number of shares subscribed for by them, and its capital structure.",11.04,0,0,105,BODY
A2013-18.pdf,41,"31. Shelf prospectus. —( 1 ) Any class or classes of companies, as the Securities and Exchange Board",11.04,1,0,100,SECTION
A2013-18.pdf,41,"may provide by regulations in this behalf, may file a shelf prospectus with the Registrar at the stage of the",11.04,0,0,109,BODY
A2013-18.pdf,41,first offer of securities included therein which shall indicate a period not exceeding one year as the period,11.04,0,0,109,BODY
A2013-18.pdf,41,of validity of such prospectus which shall commence from the date of opening of the first offer of securities,11.04,0,0,109,BODY
A2013-18.pdf,41,"under that prospectus, and in respect of a second or subsequent offer of such securities issued during the",11.04,0,0,106,BODY
A2013-18.pdf,41,"period of validity of that prospectus, no further prospectus is required.",11.04,0,0,73,BODY
A2013-18.pdf,41,( 2 ) A company filing a shelf prospectus shall be required to file an information memorandum,11.04,0,0,93,BODY
A2013-18.pdf,41,"containing all material facts relating to new charges created, changes in the financial position of the",11.04,0,0,103,BODY
A2013-18.pdf,41,"1. The word “public” omitted by Act 22 of 2019, s. 7 (w.e.f. 15-8-2019).",9.0,0,0,72,SECTION
A2013-18.pdf,41,"2. Ins. by s. 7, ibid . (w.e.f. 15-8-2019).",9.0,0,0,43,SECTION
A2013-18.pdf,41,41,9.96,0,0,2,BODY
A2013-18.pdf,42,company as have occurred between the first offer of securities or the previous offer of securities and the,11.04,0,0,106,BODY
A2013-18.pdf,42,"succeeding offer of securities and such other changes as may be prescribed, with the Registrar within the",11.04,0,0,105,BODY
A2013-18.pdf,42,"prescribed time, prior to the issue of a second or subsequent offer of securities under the shelf prospectus:",11.04,0,0,109,BODY
A2013-18.pdf,42,Provided that where a company or any other person has received applications for the allotment of,11.04,0,0,96,BODY
A2013-18.pdf,42,"securities along with advance payments of subscription before the making of any such change, the company",11.04,0,0,104,BODY
A2013-18.pdf,42,or other person shall intimate the changes to such applicants and if they express a desire to withdraw their,11.04,0,0,108,BODY
A2013-18.pdf,42,"application, the company or other person shall refund all the monies received as subscription within fifteen",11.04,0,0,108,BODY
A2013-18.pdf,42,days thereof.,11.04,0,0,13,BODY
A2013-18.pdf,42,"( 3 ) Where an information memorandum is filed, every time an offer of securities is made under",11.04,0,0,95,BODY
A2013-18.pdf,42,"sub-section ( 2 ), such memorandum together with the shelf prospectus shall be deemed to be a prospectus.",11.04,0,0,105,BODY
A2013-18.pdf,42,"Explanation.— For the purposes of this section, the expression “shelf prospectus” means a prospectus",11.04,0,0,100,BODY
A2013-18.pdf,42,in respect of which the securities or class of securities included therein are issued for subscription in one or,11.04,0,0,112,BODY
A2013-18.pdf,42,more issues over a certain period without the issue of a further prospectus.,11.04,0,0,76,BODY
A2013-18.pdf,42,32. Red herring prospectus. —( 1 ) A company proposing to make an offer of securities may issue a,11.04,1,0,97,SECTION
A2013-18.pdf,42,red herring prospectus prior to the issue of a prospectus.,11.04,0,0,58,BODY
A2013-18.pdf,42,( 2 ) A company proposing to issue a red herring prospectus under sub-section ( 1 ) shall file it with the,11.04,0,0,106,BODY
A2013-18.pdf,42,Registrar at least three days prior to the opening of the subscription list and the offer.,11.04,0,0,90,BODY
A2013-18.pdf,42,( 3 ) A red herring prospectus shall carry the same obligations as are applicable to a prospectus and any,11.04,0,0,105,BODY
A2013-18.pdf,42,variation between the red herring prospectus and a prospectus shall be highlighted as variations in the,11.04,0,0,103,BODY
A2013-18.pdf,42,prospectus.,11.04,0,0,11,BODY
A2013-18.pdf,42,"( 4 ) Upon the closing of the offer of securities under this section, the prospectus stating therein the total",11.04,0,0,110,BODY
A2013-18.pdf,42,"capital raised, whether by way of debt or share capital, and the closing price of the securities and any other",11.04,0,0,110,BODY
A2013-18.pdf,42,details as are not included in the red herring prospectus shall be filed with the Registrar and the Securities,11.04,0,0,110,BODY
A2013-18.pdf,42,and Exchange Board.,11.04,0,0,19,BODY
A2013-18.pdf,42,"Explanation.— For the purposes of this section, the expression “red herring prospectus” means a",11.04,0,0,95,BODY
A2013-18.pdf,42,prospectus which does not include complete particulars of the quantum or price of the securities included,11.04,0,0,105,BODY
A2013-18.pdf,42,therein.,11.04,0,0,8,BODY
A2013-18.pdf,42,33. Issue of application forms for securities. —( 1 ) No form of application for the purchase of any of,11.04,1,0,103,SECTION
A2013-18.pdf,42,the securities of a company shall be issued unless such form is accompanied by an abridged prospectus:,11.04,0,0,102,BODY
A2013-18.pdf,42,Provided that nothing in this sub-section shall apply if it is shown that the form of application was,11.04,0,0,101,BODY
A2013-18.pdf,42,issued—,11.04,0,0,7,BODY
A2013-18.pdf,42,( a ) in connection with a bona fide invitation to a person to enter into an underwriting agreement,11.04,0,0,99,BODY
A2013-18.pdf,42,with respect to such securities; or,11.04,0,0,35,BODY
A2013-18.pdf,42,( b ) in relation to securities which were not offered to the public.,11.04,0,0,69,BODY
A2013-18.pdf,42,"( 2 ) A copy of the prospectus shall, on a request being made by any person before the closing of the",11.04,0,0,101,BODY
A2013-18.pdf,42,"subscription list and the offer, be furnished to him.",11.04,0,0,53,BODY
A2013-18.pdf,42,"( 3 ) If a company makes any default in complying with the provisions of this section, it shall be liable",11.04,0,0,105,BODY
A2013-18.pdf,42,to a penalty of fifty thousand rupees for each default.,11.04,0,0,55,BODY
A2013-18.pdf,42,"34. Criminal liability for mis-statements in prospectus. —Where a prospectus, issued, circulated or",11.04,1,0,99,SECTION
A2013-18.pdf,42,"distributed under this Chapter, includes any statement which is untrue or misleading in form or context in",11.04,0,0,106,BODY
A2013-18.pdf,42,"which it is included or where any inclusion or omission of any matter is likely to mislead, every person who",11.04,0,0,108,BODY
A2013-18.pdf,42,authorises the issue of such prospectus shall be liable under section 447:,11.04,0,0,74,BODY
A2013-18.pdf,42,Provided that nothing in this section shall apply to a person if he proves that such statement or omission,11.04,0,0,106,BODY
A2013-18.pdf,42,"was immaterial or that he had reasonable grounds to believe, and did up to the time of issue of the prospectus",11.04,0,0,110,BODY
A2013-18.pdf,42,"believe, that the statement was true or the inclusion or omission was necessary.",11.04,0,0,80,BODY
A2013-18.pdf,42,35. Civil liability for mis-statements in prospectus. —( 1 ) Where a person has subscribed for securities,11.04,1,0,105,SECTION
A2013-18.pdf,42,"of a company acting on any statement included, or the inclusion or omission of any matter, in the prospectus",11.04,0,0,108,BODY
A2013-18.pdf,42,42,9.96,0,0,2,BODY
A2013-18.pdf,43,"which is misleading and has sustained any loss or damage as a consequence thereof, the company and every",11.04,0,0,104,BODY
A2013-18.pdf,43,person who—,11.04,0,0,11,BODY
A2013-18.pdf,43,( a ) is a director of the company at the time of the issue of the prospectus;,11.04,0,0,78,BODY
A2013-18.pdf,43,"( b ) has authorised himself to be named and is named in the prospectus as a director of the company,",11.04,0,0,101,BODY
A2013-18.pdf,43,"or has agreed to become such director, either immediately or after an interval of time;",11.04,0,0,87,BODY
A2013-18.pdf,43,( c ) is a promoter of the company;,11.04,0,0,35,BODY
A2013-18.pdf,43,( d ) has authorised the issue of the prospectus; and,11.04,0,0,53,BODY
A2013-18.pdf,43,"( e ) is an expert referred to in sub-section ( 5 ) of section 26,",11.04,0,0,66,BODY
A2013-18.pdf,43,"shall, without prejudice to any punishment to which any person may be liable under section 36, be liable to",11.04,0,0,107,BODY
A2013-18.pdf,43,pay compensation to every person who has sustained such loss or damage.,11.04,0,0,71,BODY
A2013-18.pdf,43,"( 2 ) No person shall be liable under sub-section ( 1 ), if he proves—",11.04,0,0,70,BODY
A2013-18.pdf,43,"( a ) that, having consented to become a director of the company, he withdrew his consent before the",11.04,0,0,100,BODY
A2013-18.pdf,43,"issue of the prospectus, and that it was issued without his authority or consent; or",11.04,0,0,84,BODY
A2013-18.pdf,43,"( b ) that the prospectus was issued without his knowledge or consent, and that on becoming aware",11.04,0,0,97,BODY
A2013-18.pdf,43,"of its issue, he forthwith gave a reasonable public notice that it was issued without his knowledge or",11.04,0,0,102,BODY
A2013-18.pdf,43,consent.,11.04,0,0,8,BODY
A2013-18.pdf,43,"1 [( c ) that, as regards every misleading statement purported to be made by an expert or contained in",10.84,0,0,102,BODY
A2013-18.pdf,43,"what purports to be a copy of or an extract from a report or valuation of an expert, it was a correct and",11.04,0,0,105,BODY
A2013-18.pdf,43,"fair representation of the statement, or a correct copy of, or a correct and fair extract from, the report or",11.04,0,0,109,BODY
A2013-18.pdf,43,valuation; and he had reasonable ground to believe and did up to the time of the issue of the prospectus,11.04,0,0,104,BODY
A2013-18.pdf,43,"believe, that the person making the statement was competent to make it and that the said person had",11.04,0,0,99,BODY
A2013-18.pdf,43,given the consent required by sub-section ( 5 ) of section 26 to the issue of the prospectus and had not,11.04,0,0,104,BODY
A2013-18.pdf,43,"withdrawn that consent before 2 [filing of a copy of the prospectus with the Registrar] or, to the",10.81,0,0,98,BODY
A2013-18.pdf,43,"defendant's knowledge, before allotment thereunder.]",11.04,0,0,52,BODY
A2013-18.pdf,43,"( 3 ) Notwithstanding anything contained in this section, where it is proved that a prospectus has been",11.04,0,0,103,BODY
A2013-18.pdf,43,issued with intent to defraud the applicants for the securities of a company or any other person or for any,11.04,0,0,107,BODY
A2013-18.pdf,43,"fraudulent purpose, every person referred to in sub-section ( 1 ) shall be personally responsible, without any",11.04,0,0,110,BODY
A2013-18.pdf,43,"limitation of liability, for all or any of the losses or damages that may have been incurred by any person",11.04,0,0,106,BODY
A2013-18.pdf,43,who subscribed to the securities on the basis of such prospectus.,11.04,0,0,65,BODY
A2013-18.pdf,43,"36. Punishment for fraudulently inducing persons to invest money. —Any person who, either",11.04,1,0,89,SECTION
A2013-18.pdf,43,"knowingly or recklessly makes any statement, promise or forecast which is false, deceptive or misleading,",11.04,0,0,105,BODY
A2013-18.pdf,43,"or deliberately conceals any material facts, to induce another person to enter into, or to offer to enter into,—",11.04,0,0,112,BODY
A2013-18.pdf,43,"( a ) any agreement for, or with a view to, acquiring, disposing of, subscribing for, or underwriting",11.04,0,0,101,BODY
A2013-18.pdf,43,securities; or,11.04,0,0,14,BODY
A2013-18.pdf,43,"( b ) any agreement, the purpose or the pretended purpose of which is to secure a profit to any of the",11.04,0,0,102,BODY
A2013-18.pdf,43,parties from the yield of securities or by reference to fluctuations in the value of securities; or,11.04,0,0,99,BODY
A2013-18.pdf,43,"( c ) any agreement for, or with a view to obtaining credit facilities from any bank or financial",11.04,0,0,97,BODY
A2013-18.pdf,43,"institution,",11.04,0,0,12,BODY
A2013-18.pdf,43,shall be liable for action under section 447.,11.04,0,0,45,BODY
A2013-18.pdf,43,37. Action by affected persons. —A suit may be filed or any other action may be taken under section,11.04,1,0,99,SECTION
A2013-18.pdf,43,"34 or section 35 or section 36 by any person, group of persons or any association of persons affected by",11.04,0,0,104,BODY
A2013-18.pdf,43,any misleading statement or the inclusion or omission of any matter in the prospectus.,11.04,0,0,86,BODY
A2013-18.pdf,43,"38. Punishment for personation for acquisition, etc., of securities. —( 1 ) Any person who—",11.04,1,0,91,SECTION
A2013-18.pdf,43,"( a ) makes or abets making of an application in a fictitious name to a company for acquiring, or",11.04,0,0,97,BODY
A2013-18.pdf,43,"subscribing for, its securities; or",11.04,0,0,35,BODY
A2013-18.pdf,43,"1. Ins. by Act 1 of 2018, s. 9 (w.e.f. 9-2-2018).",9.0,0,0,49,SECTION
A2013-18.pdf,43,"2. Subs. by Act 22 of 2019, s. 8, for “delivery of a copy of the prospectus for registration” (w.e.f. 15-8-2019).",9.0,0,0,113,BODY
A2013-18.pdf,43,43,9.96,0,0,2,BODY
A2013-18.pdf,44,( b ) makes or abets making of multiple applications to a company in different names or in different,11.04,0,0,100,BODY
A2013-18.pdf,44,combinations of his name or surname for acquiring or subscribing for its securities; or,11.04,0,0,87,BODY
A2013-18.pdf,44,"( c ) otherwise induces directly or indirectly a company to allot, or register any transfer of, securities",11.04,0,0,106,BODY
A2013-18.pdf,44,"to him, or to any other person in a fictitious name,",11.04,0,0,52,BODY
A2013-18.pdf,44,shall be liable for action under section 447.,11.04,0,0,45,BODY
A2013-18.pdf,44,( 2 ) The provisions of sub-section ( 1 ) shall be prominently reproduced in every prospectus issued by a,11.04,0,0,105,BODY
A2013-18.pdf,44,company and in every form of application for securities.,11.04,0,0,56,BODY
A2013-18.pdf,44,"( 3 ) Where a person has been convicted under this section, the Court may also order disgorgement of",11.04,0,0,100,BODY
A2013-18.pdf,44,"gain, if any, made by, and seizure and disposal of the securities in possession of, such person.",11.04,0,0,96,BODY
A2013-18.pdf,44,( 4 ) The amount received through disgorgement or disposal of securities under sub-section ( 3 ) shall be,11.04,0,0,105,BODY
A2013-18.pdf,44,credited to the Investor Education and Protection Fund.,11.04,0,0,55,BODY
A2013-18.pdf,44,39. Allotment of securities by company. —( 1 ) No allotment of any securities of a company offered to,11.04,1,0,101,SECTION
A2013-18.pdf,44,the public for subscription shall be made unless the amount stated in the prospectus as the minimum amount,11.04,0,0,106,BODY
A2013-18.pdf,44,has been subscribed and the sums payable on application for the amount so stated have been paid to and,11.04,0,0,102,BODY
A2013-18.pdf,44,received by the company by cheque or other instrument.,11.04,0,0,54,BODY
A2013-18.pdf,44,( 2 ) The amount payable on application on every security shall not be less than five per cent. of the,11.04,0,0,102,BODY
A2013-18.pdf,44,"nominal amount of the security or such other percentage or amount, as may be specified by the Securities",11.04,0,0,104,BODY
A2013-18.pdf,44,and Exchange Board by making regulations in this behalf.,11.04,0,0,56,BODY
A2013-18.pdf,44,( 3 ) If the stated minimum amount has not been subscribed and the sum payable on application is not,11.04,0,0,100,BODY
A2013-18.pdf,44,"received within a period of thirty days from the date of issue of the prospectus, or such other period as may",11.04,0,0,109,BODY
A2013-18.pdf,44,"be specified by the Securities and Exchange Board, the amount received under sub-section ( 1 ) shall be",11.04,0,0,103,BODY
A2013-18.pdf,44,returned within such time and manner as may be prescribed.,11.04,0,0,58,BODY
A2013-18.pdf,44,"( 4 ) Whenever a company having a share capital makes any allotment of securities , it shall file with the",11.04,1,0,106,BODY
A2013-18.pdf,44,Registrar a return of allotment in such manner as may be prescribed.,11.04,0,0,68,BODY
A2013-18.pdf,44,"( 5 ) In case of any default under sub-section ( 3 ) or sub-section ( 4 ), the company and its officer who is",11.04,0,0,109,BODY
A2013-18.pdf,44,"in default shall be liable to a penalty, for each default, of one thousand rupees for each day during which",11.04,0,0,107,BODY
A2013-18.pdf,44,"such default continues or one lakh rupees, whichever is less.",11.04,0,0,61,BODY
A2013-18.pdf,44,"40. Securities to be dealt with in stock exchanges. —( 1 ) Every company making public offer shall,",11.04,1,0,99,SECTION
A2013-18.pdf,44,"before making such offer, make an application to one or more recognised stock exchange or exchanges and",11.04,0,0,103,BODY
A2013-18.pdf,44,obtain permission for the securities to be dealt with in such stock exchange or exchanges.,11.04,0,0,90,BODY
A2013-18.pdf,44,"( 2 ) Where a prospectus states that an application under sub-section ( 1 ) has been made, such prospectus",11.04,0,0,106,BODY
A2013-18.pdf,44,shall also state the name or names of the stock exchange in which the securities shall be dealt with.,11.04,0,0,101,BODY
A2013-18.pdf,44,( 3 ) All monies received on application from the public for subscription to the securities shall be kept in,11.04,0,0,108,BODY
A2013-18.pdf,44,a separate bank account in a scheduled bank and shall not be utilised for any purpose other than—,11.04,0,0,97,BODY
A2013-18.pdf,44,( a ) for adjustment against allotment of securities where the securities have been permitted to be,11.04,0,0,99,BODY
A2013-18.pdf,44,dealt with in the stock exchange or stock exchanges specified in the prospectus; or,11.04,0,0,83,BODY
A2013-18.pdf,44,"( b ) for the repayment of monies within the time specified by the Securities and Exchange Board,",11.04,0,0,97,BODY
A2013-18.pdf,44,"received from applicants in pursuance of the prospectus, where the company is for any other reason",11.04,0,0,98,BODY
A2013-18.pdf,44,unable to allot securities.,11.04,0,0,27,BODY
A2013-18.pdf,44,( 4 ) Any condition purporting to require or bind any applicant for securities to waive compliance with,11.04,0,0,103,BODY
A2013-18.pdf,44,any of the requirements of this section shall be void.,11.04,0,0,54,BODY
A2013-18.pdf,44,"( 5 ) If a default is made in complying with the provisions of this section, the company shall be punishable",11.04,0,0,108,BODY
A2013-18.pdf,44,with a fine which shall not be less than five lakh rupees but which may extend to fifty lakh rupees and every,11.04,0,0,109,BODY
A2013-18.pdf,44,44,9.96,0,0,2,BODY
A2013-18.pdf,45,1,6.96,0,0,1,BODY
A2013-18.pdf,45,officer of the company who is in default shall be punishable *** or with fine which shall not be less than,11.04,0,0,106,BODY
A2013-18.pdf,45,2,6.96,0,0,1,BODY
A2013-18.pdf,45,fifty thousand rupees but which may extend to [three lakh rupees].,11.04,0,0,66,BODY
A2013-18.pdf,45,( 6 ) A company may pay commission to any person in connection with the subscription to its securities,11.04,0,0,102,BODY
A2013-18.pdf,45,subject to such conditions as may be prescribed.,11.04,0,0,48,BODY
A2013-18.pdf,45,"41. Global depository receipt. —A company may, after passing a special resolution in its general",11.04,1,0,96,SECTION
A2013-18.pdf,45,"meeting, issue depository receipts in any foreign country in such manner, and subject to such conditions,",11.04,0,0,105,BODY
A2013-18.pdf,45,as may be prescribed.,11.04,0,0,21,BODY
A2013-18.pdf,45,P II.— Private placement,11.04,0,0,24,BODY
A2013-18.pdf,45,ART,9.0,0,1,3,HEADING
A2013-18.pdf,45,"3 [42. Issue of shares on private placement basis. —( 1 ) A company may, subject to the provisions of",10.84,1,0,101,BODY
A2013-18.pdf,45,"this section, make a private placement of securities.",11.04,0,0,53,BODY
A2013-18.pdf,45,( 2 ) A private placement shall be made only to a select group of persons who have been identified by,11.04,0,0,101,BODY
A2013-18.pdf,45,"the Board (herein referred to as “identified persons”), whose number shall not exceed fifty or such higher",11.04,0,0,106,BODY
A2013-18.pdf,45,number as may be prescribed [excluding the qualified institutional buyers and employees of the company,11.04,0,0,102,BODY
A2013-18.pdf,45,being offered securities under a scheme of employees stock option in terms of provisions of clause ( b ) of,11.04,0,0,107,BODY
A2013-18.pdf,45,"sub-section ( 1 ) of section 62], in a financial year subject to such conditions as may be prescribed.",11.04,0,0,102,BODY
A2013-18.pdf,45,( 3 ) A company making private placement shall issue private placement offer and application in such,11.04,0,0,100,BODY
A2013-18.pdf,45,"form and manner as may be prescribed to identified persons, whose names and addresses are recorded by",11.04,0,0,101,BODY
A2013-18.pdf,45,the company in such manner as may be prescribed:,11.04,0,0,48,BODY
A2013-18.pdf,45,Provided that the private placement offer and application shall not carry any right of renunciation.,11.04,0,0,100,BODY
A2013-18.pdf,45,Explanation I .—”private placement” means any offer or invitation to subscribe or issue of securities to,11.04,0,0,104,BODY
A2013-18.pdf,45,a select group of persons by a company (other than by way of public offer) through private placement offer-,11.04,0,0,107,BODY
A2013-18.pdf,45,"cum-application, which satisfies the conditions specified in this section.",11.04,0,0,74,BODY
A2013-18.pdf,45,Explanation II .—”qualified institutional buyer” means the qualified institutional buyer as defined in,11.04,0,0,102,BODY
A2013-18.pdf,45,"the Securities and Exchange Board of India (Issue of Capital and Disclosure Requirements) Regulations,",11.04,0,0,102,BODY
A2013-18.pdf,45,"2009, as amended from time to time, made under the Securities and Exchange Board of India Act, 1992,",11.04,0,0,100,BODY
A2013-18.pdf,45,(15 of 1992).,11.04,0,0,13,BODY
A2013-18.pdf,45,"Explanation III .—If a company, listed or unlisted, makes an offer to allot or invites subscription, or",11.04,0,0,103,BODY
A2013-18.pdf,45,"allots, or enters into an agreement to allot, securities to more than the prescribed number of persons, whether",11.04,0,0,111,BODY
A2013-18.pdf,45,the payment for the securities has been received or not or whether the company intends to list its securities,11.04,0,0,109,BODY
A2013-18.pdf,45,"or not on any recognised stock exchange in or outside India, the same shall be deemed to be an offer to the",11.04,0,0,107,BODY
A2013-18.pdf,45,public and shall accordingly be governed by the provisions of Part I of this Chapter.,11.04,0,0,85,BODY
A2013-18.pdf,45,( 4 ) Every identified person willing to subscribe to the private placement issue shall apply in the private,11.04,0,0,108,BODY
A2013-18.pdf,45,placement and application issued to such person alongwith subscription money paid either by cheque or,11.04,0,0,101,BODY
A2013-18.pdf,45,demand draft or other banking channel and not by cash:,11.04,0,0,54,BODY
A2013-18.pdf,45,Provided that a company shall not utilise monies raised through private placement unless allotment is,11.04,0,0,101,BODY
A2013-18.pdf,45,made and the return of allotment is filed with the Registrar in accordance with sub-section ( 8 ).,11.04,0,0,98,BODY
A2013-18.pdf,45,( 5 ) No fresh offer or invitation under this section shall be made unless the allotments with respect to,11.04,0,0,105,BODY
A2013-18.pdf,45,any offer or invitation made earlier have been completed or that offer or invitation has been withdrawn or,11.04,0,0,106,BODY
A2013-18.pdf,45,abandoned by the company:,11.04,0,0,25,BODY
A2013-18.pdf,45,"Provided that, subject to the maximum number of identified persons under sub-section ( 2 ), a company",11.04,0,0,101,BODY
A2013-18.pdf,45,"may, at any time, make more than one issue of securities to such class of identified persons as may be",11.04,0,0,102,BODY
A2013-18.pdf,45,prescribed.,11.04,0,0,11,BODY
A2013-18.pdf,45,( 6 ) A company making an offer or invitation under this section shall allot its securities within sixty days,11.04,0,0,109,BODY
A2013-18.pdf,45,from the date of receipt of the application money for such securities and if the company is not able to allot,11.04,0,0,109,BODY
A2013-18.pdf,45,"the securities within that period, it shall repay the application money to the subscribers within fifteen days",11.04,0,0,110,BODY
A2013-18.pdf,45,from the expiry of sixty days and if the company fails to repay the application money within the aforesaid,11.04,0,0,106,BODY
A2013-18.pdf,45,"1. The words “with imprisonment for a term which may extend to one year or” omitted by Act 29 of 2020, s. 7 (w.e.f. 21-12-",9.0,0,0,122,BODY
A2013-18.pdf,45,2020).,9.0,0,0,6,BODY
A2013-18.pdf,45,"2. Subs. by s. 7, ibid., for “three lakh rupees, or with both” (w.e.f. 21-12-2020).",9.0,0,0,83,BODY
A2013-18.pdf,45,"3. Subs. by Act 1 of 2018, s. 10 (w.e.f. 7-8-2018).",9.0,0,0,51,SECTION
A2013-18.pdf,45,45,9.96,0,0,2,BODY
A2013-18.pdf,46,"period, it shall be liable to repay that money with interest at the rate of twelve per cent. per annum from the",11.04,0,0,111,BODY
A2013-18.pdf,46,expiry of the sixtieth day:,11.04,0,0,27,BODY
A2013-18.pdf,46,Provided that monies received on application under this section shall be kept in a separate bank account,11.04,0,0,104,BODY
A2013-18.pdf,46,in a scheduled bank and shall not be utilised for any purpose other than—,11.04,0,0,73,BODY
A2013-18.pdf,46,( a ) for adjustment against allotment of securities; or,11.04,0,0,56,BODY
A2013-18.pdf,46,( b ) for the repayment of monies where the company is unable to allot securities.,11.04,0,0,82,BODY
A2013-18.pdf,46,( 7 ) No company issuing securities under this section shall release any public advertisements or utilise,11.04,0,0,105,BODY
A2013-18.pdf,46,"any media, marketing or distribution channels or agents to inform the public at large about such an issue.",11.04,0,0,106,BODY
A2013-18.pdf,46,"( 8 ) A company making any allotment of securities under this section, shall file with the Registrar a",11.04,0,0,102,BODY
A2013-18.pdf,46,"return of allotment within fifteen days from the date of the allotment in such manner as may be prescribed,",11.04,0,0,107,BODY
A2013-18.pdf,46,"including a complete list of all allottees, with their full names, addresses, number of securities allotted and",11.04,0,0,111,BODY
A2013-18.pdf,46,such other relevant information as may be prescribed.,11.04,0,0,53,BODY
A2013-18.pdf,46,( 9 ) If a company defaults in filing the return of allotment within the period prescribed under sub-section,11.04,0,0,108,BODY
A2013-18.pdf,46,"( 8 ), the company, its promoters and directors shall be liable to a penalty for each default of one thousand",11.04,0,0,109,BODY
A2013-18.pdf,46,rupees for each day during which such default continues but not exceeding twenty-five lakh rupees.,11.04,0,0,98,BODY
A2013-18.pdf,46,"( 10 ) Subject to sub-section ( 11 ), if a company makes an offer or accepts monies in contravention of",11.04,0,0,103,BODY
A2013-18.pdf,46,"this section, the company, its promoters and directors shall be liable for a penalty which may extend to the",11.04,0,0,108,BODY
A2013-18.pdf,46,"amount raised through the private placement or two crore rupees, whichever is lower, and the company",11.04,0,0,100,BODY
A2013-18.pdf,46,shall also refund all monies with interest as specified in sub-section ( 6 ) to subscribers within a period of,11.04,0,0,110,BODY
A2013-18.pdf,46,thirty days of the order imposing the penalty.,11.04,0,0,46,BODY
A2013-18.pdf,46,"( 11 ) Notwithstanding anything contained in sub-section ( 9 ) and sub-section ( 10 ), any private placement",11.04,0,0,108,BODY
A2013-18.pdf,46,issue not made in compliance of the provisions of sub-section ( 2 ) shall be deemed to be a public offer and,11.04,0,0,108,BODY
A2013-18.pdf,46,"all the provisions of this Act and the Securities Contracts (Regulation) Act, 1956 (42 of 1956) and the",11.04,0,0,103,BODY
A2013-18.pdf,46,"Securities and Exchange Board of India Act, 1992 (15 of 1992) shall be applicable.]",11.04,0,0,83,BODY
A2013-18.pdf,46,CHAPTER IV,11.04,0,1,10,CHAPTER
A2013-18.pdf,46,S,11.04,0,1,1,HEADING
A2013-18.pdf,46,HARE CAPITAL AND DEBENTURES,9.0,0,1,27,HEADING
A2013-18.pdf,46,"43. Kinds of share capital. —The share capital of a company limited by shares shall be of two kinds,",11.04,1,0,100,SECTION
A2013-18.pdf,46,namely:—,11.04,0,0,8,BODY
A2013-18.pdf,46,( a ) equity share capital—,11.04,0,0,27,BODY
A2013-18.pdf,46,( i ) with voting rights; or,11.04,0,0,28,BODY
A2013-18.pdf,46,"( ii ) with differential rights as to dividend, voting or otherwise in accordance with such rules as",11.04,0,0,100,BODY
A2013-18.pdf,46,may be prescribed; and,11.04,0,0,22,BODY
A2013-18.pdf,46,( b ) preference share capital:,11.04,0,0,31,BODY
A2013-18.pdf,46,Provided that nothing contained in this Act shall affect the rights of the preference share holders who,11.04,0,0,103,BODY
A2013-18.pdf,46,are entitled to participate in the proceeds of winding up before the commencement of this Act.,11.04,0,0,94,BODY
A2013-18.pdf,46,"Explanation.— For the purposes of this section,—",11.04,0,0,48,BODY
A2013-18.pdf,46,"( i ) “equity share capital”, with reference to any company limited by shares, means all share capital",11.04,0,0,102,BODY
A2013-18.pdf,46,which is not preference share capital;,11.04,0,0,38,BODY
A2013-18.pdf,46,"( ii ) “preference share capital”, with reference to any company limited by shares, means that part of",11.04,0,0,102,BODY
A2013-18.pdf,46,the issued share capital of the company which carries or would carry a preferential right with respect,11.04,0,0,102,BODY
A2013-18.pdf,46,to—,11.04,0,0,3,BODY
A2013-18.pdf,46,"( a ) payment of dividend, either as a fixed amount or an amount calculated at a fixed rate, which",11.04,0,0,98,BODY
A2013-18.pdf,46,may either be free of or subject to income-tax; and,11.04,0,0,51,BODY
A2013-18.pdf,46,"( b ) repayment, in the case of a winding up or repayment of capital, of the amount of the share",11.04,0,0,96,BODY
A2013-18.pdf,46,"capital paid-up or deemed to have been paid-up, whether or not, there is a preferential right to the",11.04,0,0,100,BODY
A2013-18.pdf,46,"payment of any fixed premium or premium on any fixed scale, specified in the memorandum or",11.04,0,0,90,BODY
A2013-18.pdf,46,articles of the company;,11.04,0,0,24,BODY
A2013-18.pdf,46,46,9.96,0,0,2,BODY
A2013-18.pdf,47,"(iii) capital shall be deemed to be preference capital, notwithstanding that it is entitled to either or",11.04,0,0,104,BODY
A2013-18.pdf,47,"both of the following rights, namely:—",11.04,0,0,38,BODY
A2013-18.pdf,47,"( a ) that in respect of dividends, in addition to the preferential rights to the amounts specified in",11.04,0,0,102,BODY
A2013-18.pdf,47,"sub-clause ( a ) of clause ( ii ), it has a right to participate, whether fully or to a limited extent, with",11.04,0,0,108,BODY
A2013-18.pdf,47,capital not entitled to the preferential right aforesaid;,11.04,0,0,57,BODY
A2013-18.pdf,47,"( b ) that in respect of capital, in addition to the preferential right to the repayment, on a winding",11.04,0,0,102,BODY
A2013-18.pdf,47,"up, of the amounts specified in sub-clause ( b ) of clause ( ii ), it has a right to participate, whether",11.04,0,0,105,BODY
A2013-18.pdf,47,"fully or to a limited extent, with capital not entitled to that preferential right in any surplus which",11.04,0,0,103,BODY
A2013-18.pdf,47,may remain after the entire capital has been repaid.,11.04,0,0,52,BODY
A2013-18.pdf,47,44. Nature of shares or debentures. —The shares or debentures or other interest of any member in a,11.04,1,0,98,SECTION
A2013-18.pdf,47,company shall be movable property transferable in the manner provided by the articles of the company.,11.04,0,0,101,BODY
A2013-18.pdf,47,45. Numbering of shares. —Every share in a company having a share capital shall be distinguished by,11.04,1,0,99,SECTION
A2013-18.pdf,47,its distinctive number:,11.04,0,0,23,BODY
A2013-18.pdf,47,Provided that nothing in this section shall apply to a share held by a person whose name is entered as,11.04,0,0,102,BODY
A2013-18.pdf,47,holder of beneficial interest in such share in the records of a depository.,11.04,0,0,75,BODY
A2013-18.pdf,47,"46. Certificate of shares. —( 1 ) A certificate, 1 [issued under the common seal, if any, of the company",10.84,1,0,104,SECTION
A2013-18.pdf,47,"or signed by two directors or by a director and the Company Secretary, wherever the company has appointed",11.04,0,0,105,META
A2013-18.pdf,47,"a Company Secretary], specifying the shares held by any person, shall be prima facie evidence of the title",11.04,0,0,106,BODY
A2013-18.pdf,47,of the person to such shares.,11.04,0,0,29,BODY
A2013-18.pdf,47,"( 2 ) A duplicate certificate of shares may be issued, if such certificate —",11.04,0,0,76,BODY
A2013-18.pdf,47,( a ) is proved to have been lost or destroyed; or,11.04,0,0,50,BODY
A2013-18.pdf,47,"( b ) has been defaced, mutilated or torn and is surrendered to the company.",11.04,0,0,76,BODY
A2013-18.pdf,47,"( 3 ) Notwithstanding anything contained in the articles of a company, the manner of issue of a certificate",11.04,0,0,107,BODY
A2013-18.pdf,47,"of shares or the duplicate thereof, the form of such certificate, the particulars to be entered in the register of",11.04,0,0,114,BODY
A2013-18.pdf,47,members and other matters shall be such as may be prescribed.,11.04,0,0,61,BODY
A2013-18.pdf,47,"( 4 ) Where a share is held in depository form, the record of the depository is the prima facie evidence of",11.04,0,0,107,BODY
A2013-18.pdf,47,the interest of the beneficial owner.,11.04,0,0,37,BODY
A2013-18.pdf,47,"( 5 ) If a company with intent to defraud issues a duplicate certificate of shares, the company shall be",11.04,0,0,104,BODY
A2013-18.pdf,47,punishable with fine which shall not be less than five times the face value of the shares involved in the issue,11.04,0,0,111,BODY
A2013-18.pdf,47,of the duplicate certificate but which may extend to ten times the face value of such shares or rupees ten,11.04,0,0,106,BODY
A2013-18.pdf,47,crores whichever is higher and every officer of the company who is in default shall be liable for action,11.04,0,0,104,BODY
A2013-18.pdf,47,under section 447.,11.04,0,0,18,BODY
A2013-18.pdf,47,"47. Voting rights. —( 1 ) Subject to the 2 [provisions of section 43, sub-section ( 2 ) of section 50 and sub-",10.86,1,0,110,SECTION
A2013-18.pdf,47,"section ( 1 ) of section 188],—",11.04,0,0,31,BODY
A2013-18.pdf,47,"( a ) every member of a company limited by shares and holding equity share capital therein, shall",11.04,0,0,97,BODY
A2013-18.pdf,47,have a right to vote on every resolution placed before the company; and,11.04,0,0,71,BODY
A2013-18.pdf,47,( b ) his voting right on a poll shall be in proportion to his share in the paid-up equity share capital,11.04,0,0,104,BODY
A2013-18.pdf,47,of the company.,11.04,0,0,15,BODY
A2013-18.pdf,47,( 2 ) Every member of a company limited by shares and holding any preference share capital therein,11.04,0,0,98,BODY
A2013-18.pdf,47,"shall, in respect of such capital, have a right to vote only on resolutions placed before the company which",11.04,0,0,107,BODY
A2013-18.pdf,47,"directly affect the rights attached to his preference shares and, any resolution for the winding up of the",11.04,0,0,106,BODY
A2013-18.pdf,47,company or for the repayment or reduction of its equity or preference share capital and his voting right on,11.04,0,0,107,BODY
A2013-18.pdf,47,a poll shall be in proportion to his share in the paid-up preference share capital of the company:,11.04,0,0,98,BODY
A2013-18.pdf,47,"1. Subs. by Act 21 of 2015, s. 7, for “issued under the common seal of the company” (w.e.f. 29-5-2015).",9.0,0,0,103,BODY
A2013-18.pdf,47,"2. Subs. by Act 1 of 2018, s. 11, for “provisions of section 43 and sub-section ( 2 ) of section 50” (w.e.f. 9-2-2018).",9.0,0,0,119,BODY
A2013-18.pdf,47,47,9.96,0,0,2,BODY
A2013-18.pdf,48,Provided that the proportion of the voting rights of equity shareholders to the voting rights of the,11.04,0,0,100,BODY
A2013-18.pdf,48,preference shareholders shall be in the same proportion as the paid-up capital in respect of the equity shares,11.04,0,0,110,BODY
A2013-18.pdf,48,bears to the paid-up capital in respect of the preference shares:,11.04,0,0,65,BODY
A2013-18.pdf,48,Provided further that where the dividend in respect of a class of preference shares has not been paid for,11.04,0,0,105,BODY
A2013-18.pdf,48,"a period of two years or more, such class of preference shareholders shall have a right to vote on all the",11.04,0,0,106,BODY
A2013-18.pdf,48,resolutions placed before the company.,11.04,0,0,38,BODY
A2013-18.pdf,48,48. Variations of shareholders’ rights. —( 1 ) Where a share capital of the company is divided into,11.04,1,0,99,SECTION
A2013-18.pdf,48,"different classes of shares, the rights attached to the shares of any class may be varied with the consent in",11.04,0,0,109,BODY
A2013-18.pdf,48,writing of the holders of not less than three-fourths of the issued shares of that class or by means of a special,11.04,0,0,113,BODY
A2013-18.pdf,48,"resolution passed at a separate meeting of the holders of the issued shares of that class,—",11.04,0,0,91,BODY
A2013-18.pdf,48,( a ) if provision with respect to such variation is contained in the memorandum or articles of the,11.04,0,0,99,BODY
A2013-18.pdf,48,company; or,11.04,0,0,11,BODY
A2013-18.pdf,48,"( b ) in the absence of any such provision in the memorandum or articles, if such variation is not",11.04,0,0,98,BODY
A2013-18.pdf,48,prohibited by the terms of issue of the shares of that class:,11.04,0,0,61,BODY
A2013-18.pdf,48,Provided that if variation by one class of shareholders affects the rights of any other class of,11.04,0,0,96,BODY
A2013-18.pdf,48,"shareholders, the consent of three-fourths of such other class of shareholders shall also be obtained and the",11.04,0,0,109,BODY
A2013-18.pdf,48,provisions of this section shall apply to such variation.,11.04,0,0,57,BODY
A2013-18.pdf,48,( 2 ) Where the holders of not less than ten per cent. of the issued shares of a class did not consent to,11.04,0,0,105,BODY
A2013-18.pdf,48,"such variation or vote in favour of the special resolution for the variation, they may apply to the Tribunal",11.04,0,0,108,BODY
A2013-18.pdf,48,"to have the variation cancelled, and where any such application is made, the variation shall not have effect",11.04,0,0,108,BODY
A2013-18.pdf,48,unless and until it is confirmed by the Tribunal:,11.04,0,0,49,BODY
A2013-18.pdf,48,Provided that an application under this section shall be made within twenty-one days after the date on,11.04,0,0,102,BODY
A2013-18.pdf,48,"which the consent was given or the resolution was passed, as the case maybe, and may be made on behalf",11.04,0,0,102,BODY
A2013-18.pdf,48,of the shareholders entitled to make the application by such one or more of their number as they may appoint,11.04,0,0,108,BODY
A2013-18.pdf,48,in writing for the purpose.,11.04,0,0,27,BODY
A2013-18.pdf,48,( 3 ) The decision of the Tribunal on any application under sub-section ( 2 ) shall be binding on the,11.04,0,0,101,BODY
A2013-18.pdf,48,shareholders.,11.04,0,0,13,BODY
A2013-18.pdf,48,"( 4 ) The company shall, within thirty days of the date of the order of the Tribunal, file a copy thereof",11.04,0,0,105,BODY
A2013-18.pdf,48,with the Registrar.,11.04,0,0,19,BODY
A2013-18.pdf,48,1 * * * * *,10.36,1,0,11,BODY
A2013-18.pdf,48,49. Calls on shares of same class to be made on uniform basis. —Where any calls for further share,11.04,1,0,97,SECTION
A2013-18.pdf,48,"capital are made on the shares of a class, such calls shall be made on a uniform basis on all shares falling",11.04,0,0,108,BODY
A2013-18.pdf,48,under that class.,11.04,0,0,17,BODY
A2013-18.pdf,48,"Explanation .—For the purposes of this section, shares of the same nominal value on which different",11.04,0,0,99,BODY
A2013-18.pdf,48,amounts have been paid-up shall not be deemed to fall under the same class.,11.04,0,0,75,BODY
A2013-18.pdf,48,"50. Company to accept unpaid share capital, although not called up. —( 1 ) A company may, if so",11.04,1,0,95,SECTION
A2013-18.pdf,48,"authorised by its articles, accept from any member, the whole or a part of the amount remaining unpaid on",11.04,0,0,105,BODY
A2013-18.pdf,48,"any shares held by him, even if no part of that amount has been called up.",11.04,0,0,74,BODY
A2013-18.pdf,48,( 2 ) A member of the company limited by shares shall not be entitled to any voting rights in respect of,11.04,0,0,104,BODY
A2013-18.pdf,48,the amount paid by him under sub-section ( 1 ) until that amount has been called up.,11.04,0,0,84,BODY
A2013-18.pdf,48,"51. Payment of dividend in proportion to amount paid-up. —A company may, if so authorised by",11.04,1,0,92,SECTION
A2013-18.pdf,48,"its articles, pay dividends in proportion to the amount paid-up on each share.",11.04,0,0,78,BODY
A2013-18.pdf,48,"1. Sub-section ( 5 ) omitted by Act 29 of 2020, s. 8 (w.e.f. 21-12-2020).",9.0,0,0,73,SECTION
A2013-18.pdf,48,48,9.96,0,0,2,BODY
A2013-18.pdf,49,52. Application of premiums received on issue of shares. —( 1 ) Where a company issues shares at a,11.04,1,0,98,SECTION
A2013-18.pdf,49,"premium, whether for cash or otherwise, a sum equal to the aggregate amount of the premium received on",11.04,0,0,102,BODY
A2013-18.pdf,49,those shares shall be transferred to a “securities premium account” and the provisions of this Act relating,11.04,0,0,107,BODY
A2013-18.pdf,49,"to reduction of share capital of a company shall, except as provided in this section, apply as if the securities",11.04,0,0,112,BODY
A2013-18.pdf,49,premium account were the paid-up share capital of the company.,11.04,0,0,62,BODY
A2013-18.pdf,49,"( 2 ) Notwithstanding anything contained in sub-section ( 1 ), the securities premium account may be",11.04,0,0,100,BODY
A2013-18.pdf,49,applied by the company—,11.04,0,0,23,BODY
A2013-18.pdf,49,( a ) towards the issue of unissued shares of the company to the members of the company as fully,11.04,0,0,96,BODY
A2013-18.pdf,49,paid bonus shares;,11.04,0,0,18,BODY
A2013-18.pdf,49,( b ) in writing off the preliminary expenses of the company;,11.04,0,0,61,BODY
A2013-18.pdf,49,"( c ) in writing off the expenses of, or the commission paid or discount allowed on, any issue of",11.04,0,0,97,BODY
A2013-18.pdf,49,shares or debentures of the company;,11.04,0,0,36,BODY
A2013-18.pdf,49,( d ) in providing for the premium payable on the redemption of any redeemable preference shares,11.04,0,0,96,BODY
A2013-18.pdf,49,or of any debentures of the company; or,11.04,0,0,39,BODY
A2013-18.pdf,49,( e ) for the purchase of its own shares or other securities under section 68.,11.04,0,0,78,BODY
A2013-18.pdf,49,"( 3 ) The securities premium account may, notwithstanding anything contained in sub-sections ( 1 ) and",11.04,0,0,102,BODY
A2013-18.pdf,49,"( 2 ), be applied by such class of companies, as may be prescribed and whose financial statement comply",11.04,0,0,103,BODY
A2013-18.pdf,49,"with the accounting standards prescribed for such class of companies under section 133,—",11.04,0,0,88,BODY
A2013-18.pdf,49,( a ) in paying up unissued equity shares of the company to be issued to members of the company as,11.04,0,0,98,BODY
A2013-18.pdf,49,fully paid bonus shares; or,11.04,0,0,27,BODY
A2013-18.pdf,49,( b ) in writing off the expenses of or the commission paid or discount allowed on any issue of equity,11.04,0,0,102,BODY
A2013-18.pdf,49,shares of the company; or,11.04,0,0,25,BODY
A2013-18.pdf,49,( c ) for the purchase of its own shares or other securities under section 68.,11.04,0,0,78,BODY
A2013-18.pdf,49,"53. Prohibition on issue of shares at discount. —( 1 ) Except as provided in section 54, a company",11.04,1,0,98,SECTION
A2013-18.pdf,49,shall not issue shares at a discount.,11.04,0,0,37,BODY
A2013-18.pdf,49,1,6.96,0,0,1,BODY
A2013-18.pdf,49,( 2 ) Any share issued by a company at a [discount] shall be void.,11.04,0,0,66,BODY
A2013-18.pdf,49,"2 [( 2A ) Notwithstanding anything contained in sub-sections ( 1 ) and ( 2 ), a company may issue shares at a",10.75,0,0,109,BODY
A2013-18.pdf,49,discount to its creditors when its debt is converted into shares in pursuance of any statutory resolution plan,11.04,0,0,110,BODY
A2013-18.pdf,49,or debt restructuring scheme in accordance with any guidelines or directions or regulations specified by the,11.04,0,0,108,BODY
A2013-18.pdf,49,"Reserve Bank of India under the Reserve Bank of India Act, 1934 (2 of 1934) or the Banking (Regulation)",11.04,0,0,103,BODY
A2013-18.pdf,49,"Act, 1949 (10 of 1949).]",11.04,0,0,24,BODY
A2013-18.pdf,49,3,6.96,0,0,1,BODY
A2013-18.pdf,49,"[( 3 ) Where any company fails to comply with the provisions of this section, such company and every",11.04,0,0,100,BODY
A2013-18.pdf,49,officer who is in default shall be liable to a penalty which may extend to an amount equal to the amount,11.04,0,0,104,BODY
A2013-18.pdf,49,"raised through the issue of shares at a discount of five lakh rupees, whichever is less, and the company shall",11.04,0,0,110,BODY
A2013-18.pdf,49,also be liable to refund all monies received with interest at the rate of twelve per cent. per annum from the,11.04,0,0,109,BODY
A2013-18.pdf,49,date of issue of such shares to the persons to whom such shares have been issued.],11.04,0,0,82,BODY
A2013-18.pdf,49,"54. Issue of sweat equity shares. —( 1 ) Notwithstanding anything contained in section 53, a company",11.04,1,0,100,SECTION
A2013-18.pdf,49,"may issue sweat equity shares of a class of shares already issued, if the following conditions are fulfilled,",11.04,0,0,109,BODY
A2013-18.pdf,49,namely:—,11.04,0,0,8,BODY
A2013-18.pdf,49,(a) the issue is authorised by a special resolution passed by the company;,11.04,0,0,74,BODY
A2013-18.pdf,49,"1. Subs. by Act 1 of 2018, s. 12, for “discounted price” (w.e.f. 9-2-2018).",9.0,0,0,75,SECTION
A2013-18.pdf,49,"2. Ins. by s. 12, ibid . (w.e.f. 9-2-2018).",9.0,0,0,43,SECTION
A2013-18.pdf,49,"3. Subs. by Act 22 of 2019, s. 9, for sub-section ( 3 ) (w.e.f. 2-11-2018).",9.0,0,0,75,SECTION
A2013-18.pdf,49,49,9.96,0,0,2,BODY
A2013-18.pdf,50,"(b) the resolution specifies the number of shares, the current market price, consideration, if any,",11.04,0,0,99,BODY
A2013-18.pdf,50,and the class or classes of directors or employees to whom such equity shares are to be issued;,11.04,0,0,95,BODY
A2013-18.pdf,50,1 * * * * *,10.36,0,0,11,BODY
A2013-18.pdf,50,"(d) where the equity shares of the company are listed on a recognised stock exchange, the sweat",11.04,0,0,95,BODY
A2013-18.pdf,50,equity shares are issued in accordance with the regulations made by the Securities and Exchange Board,11.04,0,0,101,BODY
A2013-18.pdf,50,"in this behalf and if they are not so listed, the sweat equity shares are issued in accordance with such",11.04,0,0,104,BODY
A2013-18.pdf,50,rules as may be prescribed.,11.04,0,0,27,BODY
A2013-18.pdf,50,"( 2 ) The rights, limitations, restrictions and provisions as are for the time being applicable to equity",11.04,0,0,105,BODY
A2013-18.pdf,50,shares shall be applicable to the sweat equity shares issued under this section and the holders of such shares,11.04,0,0,110,BODY
A2013-18.pdf,50,shall rank pari passu with other equity shareholders.,11.04,0,0,53,BODY
A2013-18.pdf,50,"55. Issue and redemption of preference shares. —( 1 ) No company limited by shares shall, after the",11.04,1,0,99,SECTION
A2013-18.pdf,50,"commencement of this Act, issue any preference shares which are irredeemable.",11.04,0,0,77,BODY
A2013-18.pdf,50,"( 2 ) A company limited by shares may, if so authorised by its articles, issue preference shares which are",11.04,0,0,106,BODY
A2013-18.pdf,50,liable to be redeemed within a period not exceeding twenty years from the date of their issue subject to such,11.04,0,0,109,BODY
A2013-18.pdf,50,conditions as may be prescribed:,11.04,0,0,32,BODY
A2013-18.pdf,50,Provided that a company may issue preference shares for a period exceeding twenty years for,11.04,0,0,91,BODY
A2013-18.pdf,50,"infrastructure projects, subject to the redemption of such percentage of shares as may be prescribed on an",11.04,0,0,106,BODY
A2013-18.pdf,50,annual basis at the option of such preferential shareholders:,11.04,0,0,61,BODY
A2013-18.pdf,50,Provided further that—,11.04,0,0,22,BODY
A2013-18.pdf,50,( a ) no such shares shall be redeemed except out of the profits of the company which would,11.04,0,0,91,BODY
A2013-18.pdf,50,otherwise be available for dividend or out of the proceeds of a fresh issue of shares made for the,11.04,0,0,98,BODY
A2013-18.pdf,50,purposes of such redemption;,11.04,0,0,28,BODY
A2013-18.pdf,50,( b ) no such shares shall be redeemed unless they are fully paid;,11.04,0,0,66,BODY
A2013-18.pdf,50,"( c ) where such shares are proposed to be redeemed out of the profits of the company, there shall,",11.04,0,0,99,BODY
A2013-18.pdf,50,"out of such profits, be transferred, a sum equal to the nominal amount of the shares to be redeemed, to",11.04,0,0,103,BODY
A2013-18.pdf,50,"a reserve, to be called the Capital Redemption Reserve Account, and the provisions of this Act relating",11.04,0,0,103,BODY
A2013-18.pdf,50,"to reduction of share capital of a company shall, except as provided in this section, apply as if the",11.04,0,0,101,BODY
A2013-18.pdf,50,Capital Redemption Reserve Account were paid-up share capital of the company; and,11.04,0,0,81,BODY
A2013-18.pdf,50,"( d ) ( i ) in case of such class of companies, as may be prescribed and whose financial statement",11.04,0,0,98,BODY
A2013-18.pdf,50,"comply with the accounting standards prescribed for such class of companies under section 133, the",11.04,0,0,98,BODY
A2013-18.pdf,50,"premium, if any, payable on redemption shall be provided for out of the profits of the company, before",11.04,0,0,102,BODY
A2013-18.pdf,50,the shares are redeemed:,11.04,0,0,24,BODY
A2013-18.pdf,50,"Provided also that premium, if any, payable on redemption of any preference shares issued on or",11.04,0,0,95,BODY
A2013-18.pdf,50,before the commencement of this Act by any such company shall be provided for out of the profits of,11.04,0,0,99,BODY
A2013-18.pdf,50,"the company or out of the company’s securities premium account, before such shares are redeemed.",11.04,0,0,96,BODY
A2013-18.pdf,50,"( ii ) in a case not falling under sub-clause ( i ) above, the premium, if any, payable on redemption",11.04,0,0,101,BODY
A2013-18.pdf,50,shall be provided for out of the profits of the company or out of the company’s securities premium,11.04,0,0,98,BODY
A2013-18.pdf,50,"account, before such shares are redeemed.",11.04,0,0,41,BODY
A2013-18.pdf,50,"( 3 ) ,",12.0,0,0,7,BODY
A2013-18.pdf,50,"Where a company is not in a position to redeem any preference shares or to pay dividend if any,",11.04,0,0,95,BODY
A2013-18.pdf,50,on such shares in accordance with the terms of issue (such shares hereinafter referred to as unredeemed,11.04,0,0,103,BODY
A2013-18.pdf,50,"preference shares), it may, with the consent of the holders of three-fourths in value of such preference shares",11.04,0,0,111,BODY
A2013-18.pdf,50,"and with the approval of the Tribunal on a petition made by it in this behalf, issue further redeemable",11.04,0,0,103,BODY
A2013-18.pdf,50,"preference shares equal to the amount due, including the dividend thereon, in respect of the unredeemed",11.04,0,0,103,BODY
A2013-18.pdf,50,"preference shares, and on the issue of such further redeemable preference shares, the unredeemed",11.04,0,0,96,BODY
A2013-18.pdf,50,preference shares shall be deemed to have been redeemed:,11.04,0,0,56,BODY
A2013-18.pdf,50,"1. Clause ( c ) omitted by Act 1 of 2018, s. 13 (w.e.f. 7-5-2018).",9.0,0,0,66,SECTION
A2013-18.pdf,50,50,9.96,0,0,2,BODY
A2013-18.pdf,51,"Provided that the Tribunal shall, while giving approval under this sub-section, order the redemption",11.04,0,0,100,BODY
A2013-18.pdf,51,forthwith of preference shares held by such persons who have not consented to the issue of further,11.04,0,0,98,BODY
A2013-18.pdf,51,redeemable preference shares.,11.04,0,0,29,BODY
A2013-18.pdf,51,"Explanation.— For the removal of doubts, it is hereby declared that the issue of further redeemable",11.04,0,0,99,BODY
A2013-18.pdf,51,preference shares or the redemption of preference shares under this section shall not be deemed to be an,11.04,0,0,104,BODY
A2013-18.pdf,51,"increase or, as the case may be, a reduction, in the share capital of the company.",11.04,0,0,82,BODY
A2013-18.pdf,51,"( 4 ) The capital redemption reserve account may, notwithstanding anything in this section, be applied",11.04,0,0,102,BODY
A2013-18.pdf,51,"by the company, in paying up unissued shares of the company to be issued to members of the company as",11.04,0,0,101,BODY
A2013-18.pdf,51,fully paid bonus shares.,11.04,0,0,24,BODY
A2013-18.pdf,51,"Explanation. —For the purposes of sub-section ( 2 ), the term “infrastructure projects” means the",11.04,0,0,97,BODY
A2013-18.pdf,51,infrastructure projects specified in Schedule VI.,11.04,0,0,49,BODY
A2013-18.pdf,51,56.Transfer and transmission of securities. —( 1 ) A company shall not register a transfer of securities,11.04,1,0,104,BODY
A2013-18.pdf,51,"of the company, or the interest of a member in the company in the case of a company having no share",11.04,0,0,99,BODY
A2013-18.pdf,51,"capital, other than the transfer between persons both of whose names are entered as holders of beneficial",11.04,0,0,105,BODY
A2013-18.pdf,51,"interest in the records of a depository, unless a proper instrument of transfer, in such form as may be",11.04,0,0,103,BODY
A2013-18.pdf,51,"prescribed, duly stamped, dated and executed by or on behalf of the transferor and the transferee and",11.04,0,0,101,META
A2013-18.pdf,51,"specifying the name, address and occupation, if any, of the transferee has been delivered to the company",11.04,0,0,104,BODY
A2013-18.pdf,51,"by the transferor or the transferee within a period of sixty days from the date of execution, along with the",11.04,0,0,108,BODY
A2013-18.pdf,51,"certificate relating to the securities, or if no such certificate is in existence, along with the letter of allotment",11.04,0,0,117,BODY
A2013-18.pdf,51,of securities:,11.04,0,0,14,BODY
A2013-18.pdf,51,Provided that where the instrument of transfer has been lost or the instrument of transfer has not been,11.04,0,0,103,BODY
A2013-18.pdf,51,"delivered within the prescribed period, the company may register the transfer on such terms as to indemnity",11.04,0,0,107,BODY
A2013-18.pdf,51,as the Board may think fit.,11.04,0,0,27,BODY
A2013-18.pdf,51,"( 2 ) Nothing in sub-section ( 1 ) shall prejudice the power of the company to register, on receipt of an",11.04,0,0,105,BODY
A2013-18.pdf,51,intimation of transmission of any right to securities by operation of law from any person to whom such,11.04,0,0,102,BODY
A2013-18.pdf,51,right has been transmitted.,11.04,0,0,27,BODY
A2013-18.pdf,51,"( 3 ) Where an application is made by the transferor alone and relates to partly paid shares, the transfer",11.04,0,0,106,BODY
A2013-18.pdf,51,"shall not be registered, unless the company gives the notice of the application, in such manner as may be",11.04,0,0,105,BODY
A2013-18.pdf,51,"prescribed, to the transferee and the transferee gives no objection to the transfer within two weeks from the",11.04,0,0,109,BODY
A2013-18.pdf,51,receipt of notice.,11.04,0,0,18,BODY
A2013-18.pdf,51,"( 4 ) Every company shall, unless prohibited by any provision of law or any order of Court, Tribunal or",11.04,0,0,103,BODY
A2013-18.pdf,51,"other authority, deliver the certificates of all securities allotted, transferred or transmitted—",11.04,0,0,97,BODY
A2013-18.pdf,51,"( a ) within a period of two months from the date of incorporation, in the case of subscribers to the",11.04,0,0,101,BODY
A2013-18.pdf,51,memorandum;,11.04,0,0,11,BODY
A2013-18.pdf,51,"( b ) within a period of two months from the date of allotment, in the case of any allotment of any of",11.04,0,0,102,BODY
A2013-18.pdf,51,its shares;,11.04,0,0,11,BODY
A2013-18.pdf,51,( c ) within a period of one month from the date of receipt by the company of the instrument of,11.04,0,0,95,BODY
A2013-18.pdf,51,"transfer under sub-section ( 1 ) or, as the case may be, of the intimation of transmission under sub-",11.04,0,0,101,BODY
A2013-18.pdf,51,"section ( 2 ), in the case of a transfer or transmission of securities;",11.04,0,0,71,BODY
A2013-18.pdf,51,( d ) within a period of six months from the date of allotment in the case of any allotment of,11.04,0,0,94,BODY
A2013-18.pdf,51,debenture:,11.04,0,0,10,BODY
A2013-18.pdf,51,"Provided that where the securities are dealt with in a depository, the company shall intimate the details",11.04,0,0,105,BODY
A2013-18.pdf,51,of allotment of securities to depository immediately on allotment of such securities.,11.04,0,0,85,BODY
A2013-18.pdf,51,( 5 ) The transfer of any security or other interest of a deceased person in a company made by his legal,11.04,0,0,104,BODY
A2013-18.pdf,51,"representative shall, even if the legal representative is not a holder thereof, be valid as if he had been the",11.04,0,0,110,BODY
A2013-18.pdf,51,holder at the time of the execution of the instrument of transfer.,11.04,0,0,66,BODY
A2013-18.pdf,51,51,9.96,0,0,2,BODY
A2013-18.pdf,52,1,6.96,0,0,1,BODY
A2013-18.pdf,52,"[( 6 ) Where any default is made in complying with the provisions of sub-sections ( 1 ) to (5), the",11.04,0,0,99,BODY
A2013-18.pdf,52,company and every officer of the company who is in default shall be liable to a penalty of fifty thousand,11.04,0,0,105,BODY
A2013-18.pdf,52,rupees.],11.04,0,0,8,BODY
A2013-18.pdf,52,"( 7 ) Without prejudice to any liability under the Depositories Act, 1996 (22 of 1996), where any",11.04,0,0,97,BODY
A2013-18.pdf,52,"depository or depository participant, with an intention to defraud a person, has transferred shares, it shall",11.04,0,0,109,BODY
A2013-18.pdf,52,be liable under section 447.,11.04,0,0,28,BODY
A2013-18.pdf,52,57. Punishment for personation of shareholder. —If any person deceitfully personates as an owner,11.04,1,0,96,SECTION
A2013-18.pdf,52,"of any security or interest in a company, or of any share warrant or coupon issued in pursuance of this Act,",11.04,0,0,108,BODY
A2013-18.pdf,52,"and thereby obtains or attempts to obtain any such security or interest or any such share warrant or coupon,",11.04,0,0,108,BODY
A2013-18.pdf,52,"or receives or attempts to receive any money due to any such owner, he shall be punishable with",11.04,0,0,95,BODY
A2013-18.pdf,52,imprisonment for a term which shall not be less than one year but which may extend to three years and with,11.04,0,0,106,BODY
A2013-18.pdf,52,fine which shall not be less than one lakh rupees but which may extend to five lakh rupees.,11.04,0,0,91,BODY
A2013-18.pdf,52,58. Refusal of registration and appeal against refusal. —( 1 ) If a private company limited by shares,11.04,1,0,101,SECTION
A2013-18.pdf,52,"refuses, whether in pursuance of any power of the company under its articles or otherwise, to register the",11.04,0,0,106,BODY
A2013-18.pdf,52,"transfer of, or the transmission by operation of law of the right to, any securities or interest of a member in",11.04,0,0,111,BODY
A2013-18.pdf,52,"the company, it shall within a period of thirty days from the date on which the instrument of transfer, or the",11.04,0,0,110,BODY
A2013-18.pdf,52,"intimation of such transmission, as the case may be, was delivered to the company, send notice of the refusal",11.04,0,0,109,BODY
A2013-18.pdf,52,"to the transfer or and the transferee or to the person giving intimation of such transmission, as the case may",11.04,0,0,110,BODY
A2013-18.pdf,52,"be, giving reasons for such refusal.",11.04,0,0,36,BODY
A2013-18.pdf,52,"( 2 ) Without prejudice to sub-section ( 1 ), the securities or other interest of any member in a public",11.04,0,0,104,BODY
A2013-18.pdf,52,company shall be freely transferable:,11.04,0,0,37,BODY
A2013-18.pdf,52,Provided that any contract or arrangement between two or more persons in respect of transfer of,11.04,0,0,95,BODY
A2013-18.pdf,52,securities shall be enforceable as a contract.,11.04,0,0,46,BODY
A2013-18.pdf,52,( 3 ) The transferee may appeal to the Tribunal against the refusal within a period of thirty days from the,11.04,0,0,107,BODY
A2013-18.pdf,52,"date of receipt of the notice or in case no notice has been sent by the company, within a period of sixty days",11.04,0,0,110,BODY
A2013-18.pdf,52,"from the date on which the instrument of transfer or the intimation of transmission, as the case may be, was",11.04,0,0,108,BODY
A2013-18.pdf,52,delivered to the company.,11.04,0,0,25,BODY
A2013-18.pdf,52,( 4) If a public company without sufficient cause refuses to register the transfer of securities within a,11.04,0,0,105,BODY
A2013-18.pdf,52,"period of thirty days from the date on which the instrument of transfer or the intimation of transmission, as",11.04,0,0,109,BODY
A2013-18.pdf,52,"the case may be, is delivered to the company, the transferee may, within a period of sixty days of such",11.04,0,0,103,BODY
A2013-18.pdf,52,"refusal or where no intimation has been received from the company, within ninety days of the delivery of",11.04,0,0,104,BODY
A2013-18.pdf,52,"the instrument of transfer or intimation of transmission, appeal to the Tribunal.",11.04,0,0,81,BODY
A2013-18.pdf,52,"( 5 ) The Tribunal, while dealing with an appeal made under sub-section ( 3 ) or sub-section ( 4 ), may,",11.04,0,0,104,BODY
A2013-18.pdf,52,"after hearing the parties, either dismiss the appeal, or by order—",11.04,0,0,66,BODY
A2013-18.pdf,52,(a) direct that the transfer or transmission shall be registered by the company and the company shall,11.04,0,0,101,BODY
A2013-18.pdf,52,comply with such order within a period of ten days of the receipt of the order; or,11.04,0,0,82,BODY
A2013-18.pdf,52,"(b) direct rectification of the register and also direct the company to pay damages, if any, sustained",11.04,0,0,102,BODY
A2013-18.pdf,52,by any party aggrieved.,11.04,0,0,23,BODY
A2013-18.pdf,52,"( 6 ) If a person contravenes the order of the Tribunal under this section, he shall be punishable with",11.04,0,0,103,BODY
A2013-18.pdf,52,imprisonment for a term which shall not be less than one year but which may extend to three years and with,11.04,0,0,106,BODY
A2013-18.pdf,52,fine which shall not be less than one lakh rupees but which may extend to five lakh rupees.,11.04,0,0,91,BODY
A2013-18.pdf,52,"59. Rectification of register of members. —( 1 ) If the name of any person is, without sufficient cause,",11.04,1,0,104,SECTION
A2013-18.pdf,52,"entered in the register of members of a company, or after having been entered in the register, is, without",11.04,0,0,106,BODY
A2013-18.pdf,52,"sufficient cause, omitted there from, or if a default is made, or unnecessary delay takes place in entering in",11.04,0,0,110,BODY
A2013-18.pdf,52,"the register, the fact of any person having become or ceased to be a member, the person aggrieved, or any",11.04,0,0,105,BODY
A2013-18.pdf,52,"member of the company, or the company may appeal in such form as may be prescribed, to the Tribunal,",11.04,0,0,100,BODY
A2013-18.pdf,52,"1. Subs. by Act 29 of 2020, s. 9, for sub-section ( 6 ) (w.e.f. 21-12-2020).",9.0,0,0,76,SECTION
A2013-18.pdf,52,52,9.96,0,0,2,BODY
A2013-18.pdf,53,"or to a competent court outside India, specified by the Central Government by notification, in respect of",11.04,0,0,105,BODY
A2013-18.pdf,53,"foreign members or debenture holders residing outside India, for rectification of the register.",11.04,0,0,95,BODY
A2013-18.pdf,53,"( 2 ) The Tribunal may, after hearing the parties to the appeal under sub-section ( 1 ) by order, either",11.04,0,0,104,BODY
A2013-18.pdf,53,dismiss the appeal or direct that the transfer or transmission shall be registered by the company within a,11.04,0,0,106,BODY
A2013-18.pdf,53,period of ten days of the receipt of the order or direct rectification of the records of the depository or the,11.04,0,0,110,BODY
A2013-18.pdf,53,"register and in the latter case, direct the company to pay damages, if any, sustained by the party aggrieved.",11.04,0,0,109,BODY
A2013-18.pdf,53,"( 3 ) The provisions of this section shall not restrict the right of a holder of securities, to transfer such",11.04,0,0,109,BODY
A2013-18.pdf,53,securities and any person acquiring such securities shall be entitled to voting rights unless the voting rights,11.04,0,0,111,BODY
A2013-18.pdf,53,have been suspended by an order of the Tribunal.,11.04,0,0,48,BODY
A2013-18.pdf,53,( 4 ) Where the transfer of securities is in contravention of any of the provisions of the Securities,11.04,0,0,101,BODY
A2013-18.pdf,53,"Contracts (Regulation) Act, 1956 (42 of 1956), the Securities and Exchange Board of India Act, 1992",11.04,0,0,99,BODY
A2013-18.pdf,53,"(15 of 1992) or this Act or any other law for the time being in force, the Tribunal may, on an application",11.04,0,0,106,BODY
A2013-18.pdf,53,"made by the depository, company, depository participant, the holder of the securities or the Securities and",11.04,0,0,107,BODY
A2013-18.pdf,53,"Exchange Board, direct any company or a depository to set right the contravention and rectify its register",11.04,0,0,106,BODY
A2013-18.pdf,53,or records concerned.,11.04,0,0,21,BODY
A2013-18.pdf,53,1 * * * * *.,10.36,0,0,12,BODY
A2013-18.pdf,53,"60. Publication of authorised, subscribed and paid-up capital. —( 1 ) Where any notice,",11.04,1,0,87,SECTION
A2013-18.pdf,53,"advertisement or other official publication, or any business letter, billhead or letter paper of a company",11.04,0,0,106,BODY
A2013-18.pdf,53,"contains a statement of the amount of the authorised capital of the company, such notice, advertisement or",11.04,0,0,106,BODY
A2013-18.pdf,53,"other official publication, or such letter, billhead or letter paper shall also contain a statement, in an equally",11.04,0,0,114,BODY
A2013-18.pdf,53,"prominent position and in equally conspicuous characters, of the amount of the capital which has been",11.04,0,0,101,BODY
A2013-18.pdf,53,subscribed and the amount paid-up.,11.04,0,0,34,BODY
A2013-18.pdf,53,"( 2 ) If any default is made in complying with the requirements of sub-section ( 1 ), the company shall be",11.04,0,0,106,BODY
A2013-18.pdf,53,liable to pay a penalty of ten thousand rupees and every officer of the company who is in default shall be,11.04,0,0,106,BODY
A2013-18.pdf,53,"liable to pay a penalty of five thousand rupees, for each default.",11.04,0,0,66,BODY
A2013-18.pdf,53,61. Power of limited company to alter its share capital. —( 1 ) A limited company having a share,11.04,1,0,96,SECTION
A2013-18.pdf,53,"capital may, if so authorised by its articles, alter its memorandum in its general meeting to—",11.04,0,0,94,BODY
A2013-18.pdf,53,( a ) increase its authorised share capital by such amount as it thinks expedient;,11.04,0,0,82,BODY
A2013-18.pdf,53,( b ) consolidate and divide all or any of its share capital into shares of a larger amount than its,11.04,0,0,100,BODY
A2013-18.pdf,53,existing shares:,11.04,0,0,16,BODY
A2013-18.pdf,53,Provided that no consolidation and division which results in changes in the voting percentage of,11.04,0,0,96,BODY
A2013-18.pdf,53,shareholders shall take effect unless it is approved by the Tribunal on an application made in the,11.04,0,0,98,BODY
A2013-18.pdf,53,prescribed manner;,11.04,0,0,18,BODY
A2013-18.pdf,53,"(c) convert all or any of its fully paid-up shares into stock, and reconvert that stock into fully paid-",11.04,0,0,104,BODY
A2013-18.pdf,53,up shares of any denomination;,11.04,0,0,30,BODY
A2013-18.pdf,53,"(d) sub-divide its shares, or any of them, into shares of smaller amount than is fixed by the",11.04,0,0,93,BODY
A2013-18.pdf,53,"memorandum, so, however, that in the sub-division the proportion between the amount paid and the",11.04,0,0,96,BODY
A2013-18.pdf,53,"amount, if any, unpaid on each reduced share shall be the same as it was in the case of the share from",11.04,0,0,102,BODY
A2013-18.pdf,53,which the reduced share is derived;,11.04,0,0,35,BODY
A2013-18.pdf,53,"(e) cancel shares which, at the date of the passing of the resolution in that behalf, have not been",11.04,0,0,99,BODY
A2013-18.pdf,53,"taken or agreed to be taken by any person, and diminish the amount of its share capital by the amount",11.04,0,0,101,BODY
A2013-18.pdf,53,of the shares so cancelled.,11.04,0,0,27,BODY
A2013-18.pdf,53,( 2 ) The cancellation of shares under sub-section ( 1 ) shall not be deemed to be a reduction of share,11.04,0,0,103,BODY
A2013-18.pdf,53,capital.,11.04,0,0,8,BODY
A2013-18.pdf,53,"62. Further issue of share capital. —( 1 ) Where at any time, a company having a share capital proposes",11.04,1,0,103,SECTION
A2013-18.pdf,53,"to increase its subscribed capital by the issue of further shares, such shares shall be offered—",11.04,0,0,96,BODY
A2013-18.pdf,53,"1. Sub-section ( 5 ) omitted by Act 29 of 2020, s. 10 (w.e.f. 21-12-2020).",9.0,0,0,74,SECTION
A2013-18.pdf,53,53,9.96,0,0,2,BODY
A2013-18.pdf,54,"( a ) to persons who, at the date of the offer, are holders of equity shares of the company in",11.04,0,0,94,BODY
A2013-18.pdf,54,"proportion, as nearly as circumstances admit, to the paid-up share capital on those shares by sending a",11.04,0,0,103,BODY
A2013-18.pdf,54,"letter of offer subject to the following conditions, namely:—",11.04,0,0,61,BODY
A2013-18.pdf,54,( i ) the offer shall be made by notice specifying the number of shares offered and limiting a time,11.04,0,0,99,BODY
A2013-18.pdf,54,not being less than fifteen days 1 [or such lesser number of days as may be prescribed] and not,10.83,0,0,95,BODY
A2013-18.pdf,54,"exceeding thirty days from the date of the offer within which the offer, if not accepted, shall be",11.04,0,0,98,BODY
A2013-18.pdf,54,deemed to have been declined;,11.04,0,0,29,BODY
A2013-18.pdf,54,"( ii ) unless the articles of the company otherwise provide, the offer aforesaid shall be deemed",11.04,0,0,96,BODY
A2013-18.pdf,54,to include a right exercisable by the person concerned to renounce the shares offered to him or any,11.04,0,0,99,BODY
A2013-18.pdf,54,of them in favour of any other person; and the notice referred to in clause ( i ) shall contain a,11.04,0,0,97,BODY
A2013-18.pdf,54,statement of this right;,11.04,0,0,24,BODY
A2013-18.pdf,54,"( iii ) after the expiry of the time specified in the notice aforesaid, or on receipt of earlier",11.04,0,0,96,BODY
A2013-18.pdf,54,intimation from the person to whom such notice is given that he declines to accept the shares,11.04,0,0,93,BODY
A2013-18.pdf,54,"offered, the Board of Directors may dispose of them in such manner which is not dis-",11.04,0,0,84,BODY
A2013-18.pdf,54,advantageous to the share holders and the company;,11.04,0,0,50,BODY
A2013-18.pdf,54,"( b ) to employees under a scheme of employees’ stock option, subject to special resolution passed",11.04,0,0,98,BODY
A2013-18.pdf,54,by company and subject to such conditions as may be prescribed; or,11.04,0,0,66,BODY
A2013-18.pdf,54,"( c ) to any persons, if it is authorised by a special resolution, whether or not those persons include",11.04,0,0,103,BODY
A2013-18.pdf,54,"the persons referred to in clause ( a ) or clause ( b ), either for cash or for a consideration other than cash,",11.04,0,0,112,BODY
A2013-18.pdf,54,2,6.96,0,0,1,BODY
A2013-18.pdf,54,"if the price of such shares is determined by the valuation report [of a registered valuer, subject to the",11.04,0,0,105,BODY
A2013-18.pdf,54,compliance with the applicable provisions of Chapter III and any other conditions as may be,11.04,0,0,91,BODY
A2013-18.pdf,54,prescribed].,11.04,0,0,12,BODY
A2013-18.pdf,54,3 [ The notice referred to in sub-clause ( i ) of clause ( a ) of sub-section ( 1 ) shall be dispatched through,10.88,0,0,111,BODY
A2013-18.pdf,54,( 2 ),9.96,0,0,5,BODY
A2013-18.pdf,54,registered post or speed post or through electronic mode or courier or any other mode having proof of,11.04,0,0,101,BODY
A2013-18.pdf,54,delivery to all the existing shareholders at least three days before the opening of the issue.],11.04,0,0,95,BODY
A2013-18.pdf,54,( 3 ) Nothing in this section shall apply to the increase of the subscribed capital of a company caused by,11.04,0,0,106,BODY
A2013-18.pdf,54,the exercise of an option as a term attached to the debentures issued or loan raised by the company to,11.04,0,0,102,BODY
A2013-18.pdf,54,convert such debentures or loans into shares in the company:,11.04,0,0,60,BODY
A2013-18.pdf,54,Provided that the terms of issue of such debentures or loan containing such an option have been,11.04,0,0,95,BODY
A2013-18.pdf,54,approved before the issue of such debentures or the raising of loan by a special resolution passed by the,11.04,0,0,105,BODY
A2013-18.pdf,54,company in general meeting.,11.04,0,0,27,BODY
A2013-18.pdf,54,"( 4 ) Notwithstanding anything contained in sub-section ( 3 ), where any debentures have been issued, or",11.04,0,0,104,BODY
A2013-18.pdf,54,"loan has been obtained from any Government by a company, and if that Government considers it necessary",11.04,0,0,102,BODY
A2013-18.pdf,54,"in the public interest so to do, it may, by order, direct that such debentures or loans or any part thereof shall",11.04,0,0,113,BODY
A2013-18.pdf,54,be converted into shares in the company on such terms and conditions as appear to the Government to be,11.04,0,0,102,BODY
A2013-18.pdf,54,reasonable in the circumstances of the case even if terms of the issue of such debentures or the raising of,11.04,0,0,107,BODY
A2013-18.pdf,54,such loans do not include a term for providing for an option for such conversion:,11.04,0,0,81,BODY
A2013-18.pdf,54,"Provided that where the terms and conditions of such conversion are not acceptable to the company, it",11.04,0,0,101,BODY
A2013-18.pdf,54,"may, within sixty days from the date of communication of such order, appeal to the Tribunal which shall",11.04,0,0,103,BODY
A2013-18.pdf,54,after hearing the company and the Government pass such order as it deems fit.,11.04,0,0,77,BODY
A2013-18.pdf,54,"( 5 ) In determining the terms and conditions of conversion under sub-section ( 4 ), the Government shall",11.04,0,0,105,BODY
A2013-18.pdf,54,"have due regard to the financial position of the company, the terms of issue of debentures or loans, as the",11.04,0,0,107,BODY
A2013-18.pdf,54,"case may be, the rate of interest payable on such debentures or loans and such other matters as it may",11.04,0,0,102,BODY
A2013-18.pdf,54,consider necessary.,11.04,0,0,19,BODY
A2013-18.pdf,54,"( 6 ) Where the Government has, by an order made under sub-section ( 4 ), directed that any debenture or",11.04,0,0,104,BODY
A2013-18.pdf,54,loan or any part thereof shall be converted into shares in a company and where no appeal has been preferred,11.04,0,0,107,BODY
A2013-18.pdf,54,"to the Tribunal under sub-section ( 4 ) or where such appeal has been dismissed, the memorandum of such",11.04,0,0,103,BODY
A2013-18.pdf,54,"1. Ins. by Act 29 of 2020, s. 11 (w.e.f. 22-1-2021).",9.0,0,0,52,SECTION
A2013-18.pdf,54,"2. Subs. by Act 1 of 2018, s. 14, for “of a registered valuer subject to such conditions as may be prescribed” (w.e.f. 9-2-2018).",9.0,0,0,129,BODY
A2013-18.pdf,54,"3. Subs. by s. 14, ibid ., for sub-section ( 2 ) (w.e.f. 9-2-2018).",9.0,0,0,67,SECTION
A2013-18.pdf,54,54,9.96,0,0,2,BODY
A2013-18.pdf,55,"company shall, where such order has the effect of increasing the authorised share capital of the company,",11.04,0,0,105,BODY
A2013-18.pdf,55,stand altered and the authorised share capital of such company shall stand increased by an amount equal to,11.04,0,0,106,BODY
A2013-18.pdf,55,the amount of the value of shares which such debentures or loans or part thereof has been converted into.,11.04,0,0,105,BODY
A2013-18.pdf,55,"63. Issue of bonus shares. —( 1 ) A company may issue fully paid-up bonus shares to its members, in",11.04,1,0,99,SECTION
A2013-18.pdf,55,"any manner whatsoever, out of—",11.04,0,0,30,BODY
A2013-18.pdf,55,( i ) its free reserves;,11.04,0,0,24,BODY
A2013-18.pdf,55,( ii ) the securities premium account; or,11.04,0,0,41,BODY
A2013-18.pdf,55,( iii ) the capital redemption reserve account:,11.04,0,0,47,BODY
A2013-18.pdf,55,Provided that no issue of bonus shares shall be made by capitalising reserves created by the,11.04,0,0,92,BODY
A2013-18.pdf,55,revaluation of assets.,11.04,0,0,22,BODY
A2013-18.pdf,55,( 2 ) No company shall capitalise its profits or reserves for the purpose of issuing fully paid-up bonus,11.04,0,0,104,BODY
A2013-18.pdf,55,"shares under sub-section ( 1 ), unless—",11.04,0,0,39,BODY
A2013-18.pdf,55,( a ) it is authorised by its articles;,11.04,0,0,39,BODY
A2013-18.pdf,55,"( b ) it has, on the recommendation of the Board, been authorised in the general meeting of the",11.04,0,0,95,BODY
A2013-18.pdf,55,company;,11.04,0,0,8,BODY
A2013-18.pdf,55,( c ) it has not defaulted in payment of interest or principal in respect of fixed deposits or debt,11.04,0,0,99,BODY
A2013-18.pdf,55,securities issued by it;,11.04,0,0,24,BODY
A2013-18.pdf,55,"( d ) it has not defaulted in respect of the payment of statutory dues of the employees, such as,",11.04,0,0,97,BODY
A2013-18.pdf,55,"contribution to provident fund, gratuity and bonus;",11.04,0,0,51,BODY
A2013-18.pdf,55,"( e ) the partly paid-up shares, if any outstanding on the date of allotment, are made fully paid-up;",11.04,0,0,101,BODY
A2013-18.pdf,55,( f ) it complies with such conditions as may be prescribed.,11.04,0,0,60,BODY
A2013-18.pdf,55,( 3 ) The bonus shares shall not be issued in lieu of dividend.,11.04,0,0,63,BODY
A2013-18.pdf,55,64. Notice to be given to Registrar for alteration of share capital. —( 1 ) Where—,11.04,1,0,82,SECTION
A2013-18.pdf,55,( a ) a company alters its share capital in any manner specified in sub-section ( 1 ) of section 61;,11.04,0,0,100,BODY
A2013-18.pdf,55,( b ) an order made by the Government under sub-section ( 4 ) read with sub-section ( 6 ) of section,11.04,0,0,100,BODY
A2013-18.pdf,55,62 has the effect of increasing authorised capital of a company; or,11.04,0,0,67,BODY
A2013-18.pdf,55,"( c ) a company redeems any redeemable preference shares,",11.04,0,0,57,BODY
A2013-18.pdf,55,the company shall file a notice in the prescribed form with the Registrar within a period of thirty days of,11.04,0,0,107,BODY
A2013-18.pdf,55,"such alteration or increase or redemption, as the case may be, along with an altered memorandum.",11.04,0,0,96,BODY
A2013-18.pdf,55,"1 [( 2 ) where any company fails to comply with the provisions of sub-section ( 1 ), such company rupees",10.85,0,0,104,BODY
A2013-18.pdf,55,and every officer who is in default shall be liable to a penalty of 2 [five hundred rupees] for each day during,10.85,0,0,111,BODY
A2013-18.pdf,55,"which such default continues, 3 [subject to a maximum of five lakh rupees in case of a company and one",10.84,0,0,102,BODY
A2013-18.pdf,55,lakh rupees in case of an officer who is in default].],11.04,0,0,54,BODY
A2013-18.pdf,55,65. Unlimited company to provide for reserve share capital on conversion into limited,11.04,1,0,85,SECTION
A2013-18.pdf,55,"company. —An unlimited company having a share capital may, by a resolution for registration as a limited",11.04,1,0,104,BODY
A2013-18.pdf,55,"company under this Act, do either or both of the following things, namely—",11.04,0,0,74,BODY
A2013-18.pdf,55,( a ) increase the nominal amount of its share capital by increasing the nominal amount of each of,11.04,0,0,98,BODY
A2013-18.pdf,55,"its shares, subject to the condition that no part of the increased capital shall be capable of being called",11.04,0,0,107,BODY
A2013-18.pdf,55,up except in the event and for the purposes of the company being wound up;,11.04,0,0,74,BODY
A2013-18.pdf,55,( b ) provide that a specified portion of its uncalled share capital shall not be capable of being called,11.04,0,0,105,BODY
A2013-18.pdf,55,up except in the event and for the purposes of the company being wound up.,11.04,0,0,74,BODY
A2013-18.pdf,55,"1. Subs. by Act 22 of 2019, s. 10, for sub-section ( 2 ) (w.e.f. 2-11-2018).",9.0,0,0,76,SECTION
A2013-18.pdf,55,"2. Subs. by Act 29 of 2020, s. 12, for “one thousand rupees” (w.e.f. 21-12-2020).",9.0,0,0,81,BODY
A2013-18.pdf,55,"3. Subs. by s. 12, ibid., for “or five lakh rupees whichever is less” (w.e.f. 21-12-2020).",9.0,0,0,90,BODY
A2013-18.pdf,55,55,9.96,0,0,2,BODY
A2013-18.pdf,56,66 . Reduction of share capital. —( 1 ) Subject to confirmation by the Tribunal on an application by the,11.04,1,0,104,BODY
A2013-18.pdf,56,"company, a company limited by shares or limited by guarantee and having a share capital may, by a special",11.04,0,0,105,BODY
A2013-18.pdf,56,"resolution, reduce the share capital in any manner and in particular, may—",11.04,0,0,74,BODY
A2013-18.pdf,56,( a ) extinguish or reduce the liability on any of its shares in respect of the share capital not,11.04,0,0,97,BODY
A2013-18.pdf,56,paid-up; or,11.04,0,0,11,BODY
A2013-18.pdf,56,"( b ) either with or without extinguishing or reducing liability on any of its shares,—",11.04,0,0,87,BODY
A2013-18.pdf,56,( i ) cancel any paid-up share capital which is lost or is unrepresented by available assets; or,11.04,0,0,96,BODY
A2013-18.pdf,56,"( ii ) pay off any paid-up share capital which is in excess of the wants of the company,",11.04,0,0,88,BODY
A2013-18.pdf,56,alter its memorandum by reducing the amount of its share capital and of its shares accordingly:,11.04,0,0,95,BODY
A2013-18.pdf,56,Provided that no such reduction shall be made if the company is in arrears in the repayment of any,11.04,0,0,98,BODY
A2013-18.pdf,56,"deposits accepted by it, either before or after the commencement of this Act, or the interest payable thereon.",11.04,0,0,110,BODY
A2013-18.pdf,56,( 2 ) The Tribunal shall give notice of every application made to it under sub-section ( 1 ) to the Central,11.04,0,0,107,BODY
A2013-18.pdf,56,"Government, Registrar and to the Securities and Exchange Board, in the case of listed companies, and the",11.04,0,0,104,BODY
A2013-18.pdf,56,"creditors of the company and shall take into consideration the representations, if any, made to it by that",11.04,0,0,106,BODY
A2013-18.pdf,56,"Government, Registrar, the Securities and Exchange Board and the creditors within a period of three months",11.04,0,0,106,BODY
A2013-18.pdf,56,from the date of receipt of the notice:,11.04,0,0,39,BODY
A2013-18.pdf,56,"Provided that where no representation has been received from the Central Government, Registrar, the",11.04,0,0,99,BODY
A2013-18.pdf,56,"Securities and Exchange Board or the creditors within the said period, it shall be presumed that they have",11.04,0,0,106,BODY
A2013-18.pdf,56,no objection to the reduction.,11.04,0,0,30,BODY
A2013-18.pdf,56,"( 3 ) The Tribunal may, if it is satisfied that the debt or claim of every creditor of the company has been",11.04,0,0,107,BODY
A2013-18.pdf,56,"discharged or determined or has been secured or his consent is obtained, make an order confirming the",11.04,0,0,101,BODY
A2013-18.pdf,56,reduction of share capital on such terms and conditions as it deems fit:,11.04,0,0,72,BODY
A2013-18.pdf,56,Provided that no application for reduction of share capital shall be sanctioned by the Tribunal unless,11.04,0,0,102,BODY
A2013-18.pdf,56,"the accounting treatment, proposed by the company for such reduction is in conformity with the accounting",11.04,0,0,105,BODY
A2013-18.pdf,56,standards specified in section 133 or any other provision of this Act and a certificate to that effect by the,11.04,0,0,109,BODY
A2013-18.pdf,56,company’s auditor has been filed with the Tribunal.,11.04,0,0,51,BODY
A2013-18.pdf,56,( 4 ) The order of confirmation of the reduction of share capital by the Tribunal under sub-section ( 3 ),11.04,0,0,105,BODY
A2013-18.pdf,56,shall be published by the company in such manner as the Tribunal may direct.,11.04,0,0,76,BODY
A2013-18.pdf,56,( 5 ) The company shall deliver a certified copy of the order of the Tribunal under sub-section ( 3 ) and of,11.04,0,0,108,BODY
A2013-18.pdf,56,a minute approved by the Tribunal showing—,11.04,0,0,42,BODY
A2013-18.pdf,56,( a ) the amount of share capital;,11.04,0,0,34,BODY
A2013-18.pdf,56,( b ) the number of shares into which it is to be divided;,11.04,0,0,58,BODY
A2013-18.pdf,56,( c ) the amount of each share; and,11.04,0,0,35,BODY
A2013-18.pdf,56,"( d ) the amount, if any, at the date of registration deemed to be paid-up on each share,",11.04,0,0,89,BODY
A2013-18.pdf,56,"to the Registrar within thirty days of the receipt of the copy of the order, who shall register the same and",11.04,0,0,108,BODY
A2013-18.pdf,56,issue a certificate to that effect.,11.04,0,0,35,BODY
A2013-18.pdf,56,( 6 ) Nothing in this section shall apply to buy-back of its own securities by a company under section,11.04,0,0,102,BODY
A2013-18.pdf,56,68.,11.04,0,0,3,BODY
A2013-18.pdf,56,"( 7 ) A member of the company, past or present, shall not be liable to any call or contribution in respect",11.04,0,0,106,BODY
A2013-18.pdf,56,"of any share held by him exceeding the amount of difference, if any, between the amount paid on the share,",11.04,0,0,106,BODY
A2013-18.pdf,56,"or reduced amount, if any, which is to be deemed to have been paid thereon, as the case may be, and the",11.04,0,0,103,BODY
A2013-18.pdf,56,amount of the share as fixed by the order of reduction.,11.04,0,0,55,BODY
A2013-18.pdf,56,( 8 ) Where the name of any creditor entitled to object to the reduction of share capital under this section,11.04,0,0,108,BODY
A2013-18.pdf,56,"is, by reason of his ignorance of the proceedings for reduction or of their nature and effect with respect to",11.04,0,0,109,BODY
A2013-18.pdf,56,"his debt or claim, not entered on the list of creditors, and after such reduction, the company 1 [commits a",10.84,0,0,107,BODY
A2013-18.pdf,56,"1. Subs. by Act 31 of 2016, s. 255 and the Eleventh Schedule, for “is unable, within the meaning of sub-section ( 2 ) of section 271,",9.0,0,0,133,BODY
A2013-18.pdf,56,"to pay the amount of his debt or claim,” (w.e.f. 15-11-2016).",9.0,0,0,61,BODY
A2013-18.pdf,56,56,9.96,0,0,2,BODY
A2013-18.pdf,57,"default, within the meaning of section 6 of the Insolvency and Bankruptcy Code, 2016 (31 of 2016), in",11.04,0,0,101,BODY
A2013-18.pdf,57,"respect of the amount of his debt or claim],—",11.04,0,0,45,BODY
A2013-18.pdf,57,"( a ) every person, who was a member of the company on the date of the registration of the order for",11.04,0,0,100,BODY
A2013-18.pdf,57,"reduction by the Registrar, shall be liable to contribute to the payment of that debt or claim, an amount",11.04,0,0,105,BODY
A2013-18.pdf,57,not exceeding the amount which he would have been liable to contribute if the company had,11.04,0,0,89,BODY
A2013-18.pdf,57,commenced winding up on the day immediately before the said date; and,11.04,0,0,69,BODY
A2013-18.pdf,57,"( b ) if the company is wound up, the Tribunal may, on the application of any such creditor and proof",11.04,0,0,101,BODY
A2013-18.pdf,57,"of his ignorance as aforesaid, if it thinks fit, settle a list of persons so liable to contribute, and make and",11.04,0,0,111,BODY
A2013-18.pdf,57,"enforce calls and orders on the contributories settled on the list, as if they were ordinary contributories",11.04,0,0,107,BODY
A2013-18.pdf,57,in a winding up.,11.04,0,0,16,BODY
A2013-18.pdf,57,( 9 ) Nothing in sub-section ( 8 ) shall affect the rights of the contributories among themselves.,11.04,0,0,98,BODY
A2013-18.pdf,57,( 10 ) If any officer of the company—,11.04,0,0,37,BODY
A2013-18.pdf,57,( a ) knowingly conceals the name of any creditor entitled to object to the reduction;,11.04,0,0,86,BODY
A2013-18.pdf,57,( b ) knowingly misrepresents the nature or amount of the debt or claim of any creditor; or,11.04,0,0,91,BODY
A2013-18.pdf,57,"( c ) abets or is privy to any such concealment or misrepresentation as aforesaid,",11.04,0,0,82,BODY
A2013-18.pdf,57,he shall be liable under section 447.,11.04,0,0,37,BODY
A2013-18.pdf,57,1 * * * * *.,10.36,0,0,12,BODY
A2013-18.pdf,57,67. Restriction on purchase by company or giving of loans by it for purchase of its shares. —( 1 ),11.04,1,0,98,SECTION
A2013-18.pdf,57,No company limited by shares or by guarantee and having a share capital shall have power to buy its own,11.04,0,0,103,BODY
A2013-18.pdf,57,shares unless the consequent reduction of share capital is effected under the provisions of this Act.,11.04,0,0,101,BODY
A2013-18.pdf,57,"( 2 ) No public company shall give, whether directly or indirectly and whether by means of a loan,",11.04,0,0,98,BODY
A2013-18.pdf,57,"guarantee, the provision of security or otherwise, any financial assistance for the purpose of, or in",11.04,0,0,101,BODY
A2013-18.pdf,57,"connection with, a purchase or subscription made or to be made, by any person of or for any shares in the",11.04,0,0,105,BODY
A2013-18.pdf,57,company or in its holding company.,11.04,0,0,34,BODY
A2013-18.pdf,57,( 3 ) Nothing in sub-section ( 2 ) shall apply to—,11.04,0,0,50,BODY
A2013-18.pdf,57,(a) the lending of money by a banking company in the ordinary course of its business;,11.04,0,0,85,BODY
A2013-18.pdf,57,( b ) the provision by a company of money in accordance with any scheme approved by company,11.04,0,0,91,BODY
A2013-18.pdf,57,"through special resolution and in accordance with such requirements as may be prescribed, for the",11.04,0,0,97,BODY
A2013-18.pdf,57,"purchase of, or subscription for, fully paid-up shares in the company or its holding company, if the",11.04,0,0,100,BODY
A2013-18.pdf,57,"purchase of, or the subscription for, the shares held by trustees for the benefit of the employees or such",11.04,0,0,106,BODY
A2013-18.pdf,57,shares held by the employee of the company;,11.04,0,0,43,BODY
A2013-18.pdf,57,( c ) the giving of loans by a company to persons in the employment of the company other than its,11.04,0,0,97,BODY
A2013-18.pdf,57,"directors or key managerial personnel, for an amount not exceeding their salary or wages for a period",11.04,0,0,101,BODY
A2013-18.pdf,57,of six months with a view to enabling them to purchase or subscribe for fully paid-up shares in the,11.04,0,0,99,BODY
A2013-18.pdf,57,company or its holding company to be held by them by way of beneficial ownership:,11.04,0,0,81,BODY
A2013-18.pdf,57,Provided that disclosures in respect of voting rights not exercised directly by the employees in respect,11.04,0,0,104,BODY
A2013-18.pdf,57,of shares to which the scheme relates shall be made in the Board's report in such manner as may be,11.04,0,0,98,BODY
A2013-18.pdf,57,prescribed.,11.04,0,0,11,BODY
A2013-18.pdf,57,( 4 ) Nothing in this section shall affect the right of a company to redeem any preference shares issued,11.04,0,0,104,BODY
A2013-18.pdf,57,by it under this Act or under any previous company law.,11.04,0,0,55,BODY
A2013-18.pdf,57,"( 5 ) If a company contravenes the provisions of this section, it shall be punishable with fine which shall",11.04,0,0,107,BODY
A2013-18.pdf,57,not be less than one lakh rupees but which may extend to twenty-five lakh rupees and every officer of the,11.04,0,0,105,BODY
A2013-18.pdf,57,company who is in default shall be punishable with imprisonment for a term which may extend to three,11.04,0,0,100,BODY
A2013-18.pdf,57,years and with fine which shall not be less than one lakh rupees but which may extend to twenty-five lakh,11.04,0,0,105,BODY
A2013-18.pdf,57,rupees.,11.04,0,0,7,BODY
A2013-18.pdf,57,"1. Sub-section ( 11 ) omitted by Act 29 of 2020, s. 13 (w.e.f. 21-12-2020).",9.0,0,0,75,SECTION
A2013-18.pdf,57,57,9.96,0,0,2,BODY
A2013-18.pdf,58,68. Power of company to purchase its own securities. —( 1 ) Notwithstanding anything contained in,11.04,1,0,97,SECTION
A2013-18.pdf,58,"this Act, but subject to the provisions of sub-section ( 2 ), a company may purchase its own shares or other",11.04,0,0,108,BODY
A2013-18.pdf,58,specified securities (hereinafter referred to as buy-back) out of—,11.04,0,0,66,BODY
A2013-18.pdf,58,( a ) its free reserves;,11.04,0,0,24,BODY
A2013-18.pdf,58,( b ) the securities premium account; or,11.04,0,0,40,BODY
A2013-18.pdf,58,( c ) the proceeds of the issue of any shares or other specified securities:,11.04,0,0,76,BODY
A2013-18.pdf,58,Provided that no buy-back of any kind of shares or other specified securities shall be made out of the,11.04,0,0,102,BODY
A2013-18.pdf,58,proceeds of an earlier issue of the same kind of shares or same kind of other specified securities.,11.04,0,0,99,BODY
A2013-18.pdf,58,"( 2 ) No company shall purchase its own shares or other specified securities under sub-section ( 1 ),",11.04,0,0,101,BODY
A2013-18.pdf,58,unless—,11.04,0,0,7,BODY
A2013-18.pdf,58,( a ) the buy-back is authorised by its articles;,11.04,0,0,49,BODY
A2013-18.pdf,58,( b ) a special resolution has been passed at a general meeting of the company authorising the,11.04,0,0,94,BODY
A2013-18.pdf,58,buy-back:,11.04,0,0,9,BODY
A2013-18.pdf,58,Provided that nothing contained in this clause shall apply to a case where—,11.04,0,0,75,BODY
A2013-18.pdf,58,"( i ) the buy-back is, ten per cent. or less of the total paid-up equity capital and free reserves of the",11.04,0,0,105,BODY
A2013-18.pdf,58,company; and,11.04,0,0,12,BODY
A2013-18.pdf,58,( ii ) such buy-back has been authorised by the Board by means of a resolution passed at its meeting;,11.04,0,0,101,BODY
A2013-18.pdf,58,( c ) the buy-back is twenty-five per cent. or less of the aggregate of paid-up capital and free reserves,11.04,0,0,105,BODY
A2013-18.pdf,58,of the company:,11.04,0,0,15,BODY
A2013-18.pdf,58,"Provided that in respect of the buy-back of equity shares in any financial year, the reference to twenty-",11.04,0,0,105,BODY
A2013-18.pdf,58,five per cent. in this clause shall be construed with respect to its total paid-up equity capital in that financial,11.04,0,0,115,BODY
A2013-18.pdf,58,year;,11.04,0,0,5,BODY
A2013-18.pdf,58,( d ) the ratio of the aggregate of secured and unsecured debts owed by the company after buy-back,11.04,0,0,98,BODY
A2013-18.pdf,58,is not more than twice the paid-up capital and its free reserves:,11.04,0,0,65,BODY
A2013-18.pdf,58,"Provided that the Central Government may, by order, notify a higher ratio of the debt to capital and",11.04,0,0,100,BODY
A2013-18.pdf,58,free reserves for a class or classes of companies;,11.04,0,0,50,BODY
A2013-18.pdf,58,( e ) all the shares or other specified securities for buy-back are fully paid-up;,11.04,0,0,82,BODY
A2013-18.pdf,58,( f ) the buy-back of the shares or other specified securities listed on any recognized stock exchange,11.04,0,0,102,BODY
A2013-18.pdf,58,is in accordance with the regulations made by the Securities and Exchange Board in this behalf; and,11.04,0,0,99,BODY
A2013-18.pdf,58,( g ) the buy-back in respect of shares or other specified securities other than those specified in clause,11.04,0,0,106,BODY
A2013-18.pdf,58,( f ) is in accordance with such rules as may be prescribed:,11.04,0,0,60,BODY
A2013-18.pdf,58,Provided that no offer of buy-back under this sub-section shall be made within a period of one year,11.04,0,0,99,BODY
A2013-18.pdf,58,"reckoned from the date of the closure of the preceding offer of buy-back, if any.",11.04,0,0,81,BODY
A2013-18.pdf,58,( 3 ) The notice of the meeting at which the special resolution is proposed to be passed under clause ( b ),11.04,0,0,107,BODY
A2013-18.pdf,58,of sub-section ( 2 ) shall be accompanied by an explanatory statement stating—,11.04,0,0,78,BODY
A2013-18.pdf,58,( a ) a full and complete disclosure of all material facts;,11.04,0,0,59,BODY
A2013-18.pdf,58,( b ) the necessity for the buy-back;,11.04,0,0,37,BODY
A2013-18.pdf,58,( c ) the class of shares or securities intended to be purchased under the buy-back;,11.04,0,0,84,BODY
A2013-18.pdf,58,( d ) the amount to be invested under the buy-back; and,11.04,0,0,55,BODY
A2013-18.pdf,58,( e ) the time-limit for completion of buy-back.,11.04,0,0,48,BODY
A2013-18.pdf,58,( 4 ) Every buy-back shall be completed within a period of one year from the date of passing of the,11.04,0,0,99,BODY
A2013-18.pdf,58,"special resolution, or as the case may be, the resolution passed by the Board under clause ( b ) of",11.04,0,0,99,BODY
A2013-18.pdf,58,sub-section ( 2 ).,11.04,0,0,18,BODY
A2013-18.pdf,58,58,9.96,0,0,2,BODY
A2013-18.pdf,59,( 5 ) The buy-back under sub-section ( 1 ) may be—,11.04,0,0,50,BODY
A2013-18.pdf,59,( a ) from the existing shareholders or security holders on a proportionate basis;,11.04,0,0,82,BODY
A2013-18.pdf,59,( b ) from the open market;,11.04,0,0,27,BODY
A2013-18.pdf,59,( c ) by purchasing the securities issued to employees of the company pursuant to a scheme of stock,11.04,0,0,99,BODY
A2013-18.pdf,59,option or sweat equity.,11.04,0,0,23,BODY
A2013-18.pdf,59,( 6 ) Where a company proposes to buy-back its own shares or other specified securities under this,11.04,0,0,98,BODY
A2013-18.pdf,59,section in pursuance of a special resolution under clause ( b ) of sub-section ( 2 ) or a resolution under item,11.04,0,0,111,BODY
A2013-18.pdf,59,"( ii ) of the proviso thereto, it shall, before making such buy-back, file with the Registrar and the Securities",11.04,0,0,112,BODY
A2013-18.pdf,59,"and Exchange Board, a declaration of solvency signed by atleast two directors of the company, one of",11.04,0,0,100,META
A2013-18.pdf,59,"whom shall be the managing director, if any, in such form as may be prescribed and verified by an affidavit",11.04,0,0,107,BODY
A2013-18.pdf,59,to the effect that the Board of Directors of the company has made a full inquiry into the affairs of the,11.04,0,0,104,BODY
A2013-18.pdf,59,company as a result of which they have formed an opinion that it is capable of meeting its liabilities and,11.04,0,0,106,BODY
A2013-18.pdf,59,will not be rendered insolvent within a period of one year from the date of declaration adopted by the Board:,11.04,0,0,109,BODY
A2013-18.pdf,59,Provided that no declaration of solvency shall be filed with the Securities and Exchange Board by a,11.04,0,0,99,BODY
A2013-18.pdf,59,company whose shares are not listed on any recognised stock exchange.,11.04,0,0,69,BODY
A2013-18.pdf,59,"( 7 ) Where a company buys back its own shares or other specified securities, it shall extinguish and",11.04,0,0,101,BODY
A2013-18.pdf,59,physically destroy the shares or securities so bought back within seven days of the last date of completion,11.04,0,0,107,BODY
A2013-18.pdf,59,of buy-back.,11.04,0,0,12,BODY
A2013-18.pdf,59,"( 8 ) Where a company completes a buy-back of its shares or other specified securities under this section,",11.04,0,0,106,BODY
A2013-18.pdf,59,it shall not make a further issue of the same kind of shares or other securities including allotment of new,11.04,0,0,107,BODY
A2013-18.pdf,59,shares under clause ( a ) of sub-section ( 1 ) of section 62 or other specified securities within a period of six,11.04,0,0,113,BODY
A2013-18.pdf,59,months except by way of a bonus issue or in the discharge of subsisting obligations such as conversion of,11.04,0,0,105,BODY
A2013-18.pdf,59,"warrants, stock option schemes, sweat equity or conversion of preference shares or debentures into equity",11.04,0,0,105,BODY
A2013-18.pdf,59,shares.,11.04,0,0,7,BODY
A2013-18.pdf,59,"( 9 ) Where a company buys back its shares or other specified securities under this section, it shall",11.04,0,0,101,BODY
A2013-18.pdf,59,"maintain a register of the shares or securities so bought, the consideration paid for the shares or securities",11.04,0,0,110,BODY
A2013-18.pdf,59,"bought back, the date of cancellation of shares or securities, the date of extinguishing and physically",11.04,0,0,103,BODY
A2013-18.pdf,59,destroying the shares or securities and such other particulars as may be prescribed.,11.04,0,0,84,BODY
A2013-18.pdf,59,"( 10 ) A company shall, after the completion of the buy-back under this section, file with the Registrar",11.04,0,0,104,BODY
A2013-18.pdf,59,and the Securities and Exchange Board a return containing such particulars relating to the buy-back within,11.04,0,0,106,BODY
A2013-18.pdf,59,"thirty days of such completion, as may be prescribed:",11.04,0,0,53,BODY
A2013-18.pdf,59,Provided that no return shall be filed with the Securities and Exchange Board by a company whose,11.04,0,0,96,BODY
A2013-18.pdf,59,shares are not listed on any recognised stock exchange.,11.04,0,0,55,BODY
A2013-18.pdf,59,( 11 ) If a company makes any default in complying with the provisions of this section or any regulation,11.04,0,0,104,BODY
A2013-18.pdf,59,"made by the Securities and Exchange Board, for the purposes of clause ( f ) of sub-section ( 2 ), the company",11.04,0,0,109,BODY
A2013-18.pdf,59,shall be punishable with fine which shall not be less than one lakh rupees but which may extend to three,11.04,0,0,104,BODY
A2013-18.pdf,59,lakh rupees and every officer of the company who is in default shall be punishable 1 *** with fine which,10.84,0,0,104,BODY
A2013-18.pdf,59,2,6.96,0,0,1,BODY
A2013-18.pdf,59,shall not be less than one lakh rupees but which may extend to [three lakh rupees].,11.04,0,0,83,BODY
A2013-18.pdf,59,"Explanation I. —For the purposes of this section and section 70, “specified securities” includes",11.04,0,0,96,BODY
A2013-18.pdf,59,employees’ stock option or other securities as may be notified by the Central Government from time to,11.04,0,0,101,BODY
A2013-18.pdf,59,time.,11.04,0,0,5,BODY
A2013-18.pdf,59,"Explanation II .—For the purposes of this section, “free reserves” includes securities premium account.",11.04,0,0,103,BODY
A2013-18.pdf,59,69. Transfer of certain sums to capital redemption reserve account. —( 1 ) Where a company,11.04,1,0,90,SECTION
A2013-18.pdf,59,"purchases its own shares out of free reserves or securities premium account, a sum equal to the nominal",11.04,0,0,103,BODY
A2013-18.pdf,59,"1. The words “with imprisonment for a term which may extend to three years or” omitted by Act 29 of 2020, s. 14 (w.e.f. 21-12-",9.0,0,0,126,BODY
A2013-18.pdf,59,2020).,9.0,0,0,6,BODY
A2013-18.pdf,59,"2. Subs. by s. 14, ibid., for “three lakh rupees, or with both” (w.e.f. 21-12-2020).",9.0,0,0,84,BODY
A2013-18.pdf,59,59,9.96,0,0,2,BODY
A2013-18.pdf,60,value of the shares so purchased shall be transferred to the capital redemption reserve account and details,11.04,0,0,107,BODY
A2013-18.pdf,60,of such transfer shall be disclosed in the balance sheet.,11.04,0,0,57,BODY
A2013-18.pdf,60,"( 2 ) The capital redemption reserve account may be applied by the company, in paying up unissued",11.04,0,0,97,BODY
A2013-18.pdf,60,shares of the company to be issued to members of the company as fully paid bonus shares.,11.04,0,0,88,BODY
A2013-18.pdf,60,70. Prohibition for buy-back in certain circumstances. —( 1 ) No company shall directly or indirectly,11.04,1,0,101,SECTION
A2013-18.pdf,60,purchase its own shares or other specified securities—,11.04,0,0,54,BODY
A2013-18.pdf,60,( a ) through any subsidiary company including its own subsidiary companies;,11.04,0,0,76,BODY
A2013-18.pdf,60,( b ) through any investment company or group of investment companies; or,11.04,0,0,73,BODY
A2013-18.pdf,60,"( c ) if a default , is made by the company , in the repayment of deposits accepted either before or after",11.04,1,0,106,BODY
A2013-18.pdf,60,"the commencement of this Act, interest payment thereon, redemption of debentures or preference shares",11.04,0,0,101,BODY
A2013-18.pdf,60,"or payment of dividend to any shareholder, or re payment of any term loan or interest payable thereon",11.04,0,0,101,BODY
A2013-18.pdf,60,to any financial institution or banking company:,11.04,0,0,48,BODY
A2013-18.pdf,60,"Provided that the buy-back is not prohibited, if the default is remedied and a period of three years",11.04,0,0,100,BODY
A2013-18.pdf,60,has lapsed after such default ceased to subsist.,11.04,0,0,48,BODY
A2013-18.pdf,60,"( 2 ) No company shall, directly or indirectly, purchase its own shares or other specified securities in",11.04,0,0,104,BODY
A2013-18.pdf,60,"case such company has not complied with the provisions of sections 92, 123,127 and section 129.",11.04,0,0,95,BODY
A2013-18.pdf,60,71. Debentures. —( 1 ) A company may issue debentures with an option to convert such debentures into,11.04,1,0,100,SECTION
A2013-18.pdf,60,"shares, either wholly or partly at the time of redemption:",11.04,0,0,58,BODY
A2013-18.pdf,60,"Provided that the issue of debentures with an option to convert such debentures into shares, wholly or",11.04,0,0,102,BODY
A2013-18.pdf,60,"partly, shall be approved by a special resolution passed at a general meeting.",11.04,0,0,78,BODY
A2013-18.pdf,60,( 2 ) No company shall issue any debentures carrying any voting rights.,11.04,0,0,71,BODY
A2013-18.pdf,60,( 3 ) Secured debentures may be issued by a company subject to such terms and conditions as may be,11.04,0,0,98,BODY
A2013-18.pdf,60,prescribed.,11.04,0,0,11,BODY
A2013-18.pdf,60,"( 4 ) Where debentures are issued by a company under this section, the company shall create a debenture",11.04,0,0,103,BODY
A2013-18.pdf,60,redemption reserve account out of the profits of the company available for payment of dividend and the,11.04,0,0,102,BODY
A2013-18.pdf,60,amount credited to such account shall not be utilised by the company except for the redemption of,11.04,0,0,97,BODY
A2013-18.pdf,60,debentures.,11.04,0,0,11,BODY
A2013-18.pdf,60,( 5 ) No company shall issue a prospectus or make an offer or invitation to the public or to its members,11.04,0,0,104,BODY
A2013-18.pdf,60,"exceeding five hundred for the subscription of its debentures, unless the company has, before such issue or",11.04,0,0,107,BODY
A2013-18.pdf,60,"offer, appointed one or more debenture trustees and the conditions governing the appointment of such",11.04,0,0,100,BODY
A2013-18.pdf,60,trustees shall be such as may be prescribed.,11.04,0,0,44,BODY
A2013-18.pdf,60,( 6 ) A debenture trustee shall take steps to protect the interests of the debenture-holders and redress their,11.04,0,0,110,BODY
A2013-18.pdf,60,grievances in accordance with such rules as may be prescribed.,11.04,0,0,62,BODY
A2013-18.pdf,60,"( 7 ) Any provision contained in a trust deed for securing the issue of debentures, or in any contract with",11.04,0,0,107,BODY
A2013-18.pdf,60,"the debenture-holders secured by a trust deed, shall be void in so far as it would have the effect of exempting",11.04,0,0,111,BODY
A2013-18.pdf,60,"a trustee thereof from, or indemnifying him against, any liability for breach of trust, where he fails to show",11.04,0,0,110,BODY
A2013-18.pdf,60,"the degree of care and due diligence required of him as a trustee, having regard to the provisions of the trust",11.04,0,0,111,BODY
A2013-18.pdf,60,"deed conferring on him any power, authority or discretion:",11.04,0,0,58,BODY
A2013-18.pdf,60,Provided that the liability of the debenture trustee shall be subject to such exemptions as may be agreed,11.04,0,0,105,BODY
A2013-18.pdf,60,upon by a majority of debenture-holders holding not less than three-fourths in value of the total debentures,11.04,0,0,108,BODY
A2013-18.pdf,60,at a meeting held for the purpose.,11.04,0,0,34,BODY
A2013-18.pdf,60,( 8 ) A company shall pay interest and redeem the debentures in accordance with the terms and conditions,11.04,0,0,104,BODY
A2013-18.pdf,60,of their issue.,11.04,0,0,15,BODY
A2013-18.pdf,60,( 9 ) Where at any time the debenture trustee comes to a conclusion that the assets of the company are,11.04,0,0,102,BODY
A2013-18.pdf,60,insufficient or are likely to become in sufficient to discharge the principal amount as and when it becomes,11.04,0,0,107,BODY
A2013-18.pdf,60,"due, the debenture trustee may file a petition before the Tribunal and the Tribunal may, after hearing the",11.04,0,0,106,BODY
A2013-18.pdf,60,60,9.96,0,0,2,BODY
exhibit101.pdf,1,EMPLOYMENT AGREEMENT,12.0,1,1,20,HEADING
exhibit101.pdf,1,"This Employment Agreement (the “Agreement”) is effective as of January 6, 2004",12.0,0,0,78,BODY
exhibit101.pdf,1,"(the “Effective Date”) by and between John O’Keefe (the “Executive”) and Verdisys, Inc., a",12.0,0,0,90,META
exhibit101.pdf,1,California corporation (the “Company”).,12.0,0,0,39,BODY
exhibit101.pdf,1,1. Duties and Scope of Employment.,12.0,1,0,34,SECTION
exhibit101.pdf,1,"(a) Position . For the term of this Agreement, the Company agrees to employ",12.0,1,0,75,BODY
exhibit101.pdf,1,the Executive in the position of Executive Vice President and Chief Financial Officer (the,12.0,0,0,90,BODY
exhibit101.pdf,1,“Employment”). The duties and responsibilities of Executive shall include the duties and,12.0,0,0,88,BODY
exhibit101.pdf,1,responsibilities for the Executive’s corporate office and position as set forth in the,12.0,0,0,86,BODY
exhibit101.pdf,1,Company’s bylaws and such other duties and responsibilities as the Company’s Chief,12.0,0,0,82,BODY
exhibit101.pdf,1,Executive Officer and/or Board of Directors may from time to time reasonably assign to,12.0,0,0,86,BODY
exhibit101.pdf,1,the Executive.,12.0,0,0,14,BODY
exhibit101.pdf,1,"(b) Obligations to the Company . During his Employment, the Executive",12.0,1,0,69,BODY
exhibit101.pdf,1,"shall devote his full business efforts and time to the Company. During his Employment,",12.0,0,0,86,BODY
exhibit101.pdf,1,"without prior written approval from the Company’s Chief Executive Officer, the",12.0,0,0,78,BODY
exhibit101.pdf,1,Executive shall not render services in any capacity to any other person or entity and shall,12.0,0,0,91,BODY
exhibit101.pdf,1,not act as a sole proprietor or partner of any other person or entity or as a shareholder or,12.0,0,0,92,BODY
exhibit101.pdf,1,other owner owning more than ten percent of the stock or other interests of any other,12.0,0,0,85,BODY
exhibit101.pdf,1,"corporation or entity. This obligation, however, shall not preclude Executive from",12.0,0,0,82,BODY
exhibit101.pdf,1,"engaging in appropriate civic, charitable or religious activities or from devoting a",12.0,0,0,84,BODY
exhibit101.pdf,1,reasonable amount of time to private investments or from serving on the boards of,12.0,0,0,81,BODY
exhibit101.pdf,1,"directors of companies, including closely held companies which are controlled by",12.0,0,0,80,BODY
exhibit101.pdf,1,Executive as long as these activities or services do not materially interfere or conflict,12.0,0,0,89,BODY
exhibit101.pdf,1,"with Executive’s responsibilities to, or ability to perform his duties of employment by,",12.0,0,0,88,BODY
exhibit101.pdf,1,the Company under this Agreement. The Executive shall comply with the Company’s,12.0,0,0,79,BODY
exhibit101.pdf,1,policies and rules as they may be in effect from time to time during his Employment.,12.0,0,0,84,BODY
exhibit101.pdf,1,(c) No Conflicting Obligations . The Executive represents and warrants to,12.0,1,0,73,BODY
exhibit101.pdf,1,"the Company that he is under no obligations or commitments, whether contractual or",12.0,0,0,82,BODY
exhibit101.pdf,1,"otherwise, that are inconsistent with his obligations under this Agreement. The Executive",12.0,0,0,89,BODY
exhibit101.pdf,1,"represents and warrants that he will not use or disclose, in connection with his",12.0,0,0,80,BODY
exhibit101.pdf,1,"employment by the Company, any trade secrets or other proprietary information or",12.0,0,0,80,BODY
exhibit101.pdf,1,"intellectual property in which the Executive or any other person has any right, title or",12.0,0,0,88,BODY
exhibit101.pdf,1,interest and that his employment by the Company as contemplated by this Agreement,12.0,0,0,81,BODY
exhibit101.pdf,1,will not infringe or violate the rights of any other person. The Executive represents and,12.0,0,0,89,BODY
exhibit101.pdf,1,warrants to the Company that he has returned all property and confidential information,12.0,0,0,86,BODY
exhibit101.pdf,1,belonging to any prior employer.,12.0,0,0,32,BODY
exhibit101.pdf,2,2. Cash and Incentive Compensation.,12.0,1,0,35,SECTION
exhibit101.pdf,2,(a) Salary . The Company shall pay the Executive as compensation for his,12.0,1,0,72,BODY
exhibit101.pdf,2,services during the first twelve (12) months of his Employment a base salary at a gross,12.0,0,0,87,BODY
exhibit101.pdf,2,"annual rate of $175,000. Such salary shall be payable in accordance with the Company’s",12.0,0,0,86,BODY
exhibit101.pdf,2,standard payroll procedures. Only in the event that the parties extend the term of this,12.0,0,0,87,BODY
exhibit101.pdf,2,"Agreement pursuant to Section 4(a), then Company shall pay the Executive as",12.0,0,0,75,BODY
exhibit101.pdf,2,compensation for his service during the second twelve (12) months of his Employment a,12.0,0,0,85,BODY
exhibit101.pdf,2,"base salary at a gross annual rate of $195,000 and, if applicable, for his service during the",12.0,0,0,93,BODY
exhibit101.pdf,2,third twelve (12) months of his Employment a base salary at a gross annual rate of,12.0,0,0,82,BODY
exhibit101.pdf,2,"$215,000. (The annual compensation specified in this Subsection (a), together with any",12.0,0,0,86,BODY
exhibit101.pdf,2,increases in such compensation as a result of an extension of the term of this Agreement,12.0,0,0,88,BODY
exhibit101.pdf,2,"pursuant to Section 4(a), is referred to in this Agreement as “Base Compensation.”)",12.0,0,0,83,BODY
exhibit101.pdf,2,"(b) Bonus. Executive shall receive a one time payment of $40,000 as a sign",12.0,1,0,74,BODY
exhibit101.pdf,2,"on bonus and shall be included in the Company Executive Compensation program,",12.0,0,0,77,BODY
exhibit101.pdf,2,whereby senior management are eligible to receive annual bonuses of up to 50% of their,12.0,0,0,86,BODY
exhibit101.pdf,2,base compensation.,12.0,0,0,18,BODY
exhibit101.pdf,2,(c) Options . Executive shall be eligible to be considered for stock option,12.0,1,0,75,BODY
exhibit101.pdf,2,"grants under the Company’s annual stock option award program as administered by, and",12.0,0,0,84,BODY
exhibit101.pdf,2,"at the discretion of, the Compensation Committee of the Board of Directors. An initial",12.0,0,0,86,BODY
exhibit101.pdf,2,"option shall be granted to the Executive for the right to purchase an aggregate of 80,000",12.0,0,0,89,BODY
exhibit101.pdf,2,shares of the Company’s common stock at an exercise price based upon the date of,12.0,0,0,80,BODY
exhibit101.pdf,2,approval by the Compensation Committee of the Board of Directors. Such option shall,12.0,0,0,83,BODY
exhibit101.pdf,2,vest quarterly over the initial term of this Agreement.,12.0,0,0,55,BODY
exhibit101.pdf,2,(d) Insurance Coverage Reimbursement . Company agrees to pay Executive,12.0,1,0,70,BODY
exhibit101.pdf,2,"at current rate of $394 per month to cover and to be in lieu of medical benefits, as",12.0,0,0,84,BODY
exhibit101.pdf,2,selected by Executive in his sole discretion. Executive understands and agrees that,12.0,0,0,83,BODY
exhibit101.pdf,2,Company is not required to permit Executive to participate in any Company-sponsored,12.0,0,0,83,BODY
exhibit101.pdf,2,"benefit plans, including but not limited to the Company’s medical plan, in the same or",12.0,0,0,86,BODY
exhibit101.pdf,2,any manner as Company and any third-party benefit provider make such opportunities,12.0,0,0,82,BODY
exhibit101.pdf,2,"available to Company’s regular full-time employees; provided, however, if Company",12.0,0,0,81,BODY
exhibit101.pdf,2,does provide such Company-sponsored benefit plans and Executive is eligible to,12.0,0,0,78,BODY
exhibit101.pdf,2,"participate in such Company-sponsored benefit plans, Executive shall not be entitled to",12.0,0,0,87,BODY
exhibit101.pdf,2,receive such $394 monthly payment.,12.0,0,0,34,BODY
exhibit101.pdf,2,"(e) Vacation . During the term of this Agreement, Executive shall be entitled",12.0,1,0,77,BODY
exhibit101.pdf,2,to vacation each year in accordance with the Company’s policies in effect from time to,12.0,0,0,86,BODY
exhibit101.pdf,2,"time, but in no event less than four (4) weeks paid vacation per calendar year.",12.0,0,0,79,BODY
exhibit101.pdf,2,"3. Business Expenses. During his Employment, the Executive shall be",12.0,1,0,67,SECTION
exhibit101.pdf,2,"authorized to incur necessary and reasonable travel, entertainment and other business",12.0,0,0,85,BODY
exhibit101.pdf,2,expenses in connection with his duties hereunder. The Company shall reimburse the,12.0,0,0,81,BODY
exhibit101.pdf,2,Executive for such expenses upon presentation of an itemized account and appropriate,12.0,0,0,84,BODY
exhibit101.pdf,2,"supporting documentation, all in accordance with the Company’s generally applicable",12.0,0,0,83,BODY
exhibit101.pdf,2,2,12.0,0,0,1,BODY
exhibit101.pdf,3,"policies. The Executive shall have a car allowance of $1,000.00 per month during the",12.0,0,0,84,BODY
exhibit101.pdf,3,term of this Agreement.,12.0,0,0,23,BODY
exhibit101.pdf,3,4. Term of Employment.,12.0,1,0,22,SECTION
exhibit101.pdf,3,(a) Term . This Agreement shall expire on the first anniversary of the,12.0,1,0,70,BODY
exhibit101.pdf,3,"Effective Date, unless otherwise extended by the mutual agreement of Executive and the",12.0,0,0,86,META
exhibit101.pdf,3,"Company; provided, that this Agreement shall automatically be renewed for additional",12.0,0,0,84,BODY
exhibit101.pdf,3,one (1) year terms and shall automatically be continued effective as of the subsequent,12.0,0,0,86,BODY
exhibit101.pdf,3,anniversary date of the Agreement (a “Renewal Date”) unless the Company or Executive,12.0,0,0,84,BODY
exhibit101.pdf,3,has delivered written notice of non-renewal to the other party at least sixty (60) days prior,12.0,0,0,93,BODY
exhibit101.pdf,3,to the relevant Renewal Date.,12.0,0,0,29,BODY
exhibit101.pdf,3,(b) Basic Rule . The Executive’s Employment with the Company shall be “at,12.0,1,0,73,BODY
exhibit101.pdf,3,"will,” meaning that either the Executive or the Company shall be entitled to terminate the",12.0,0,0,90,BODY
exhibit101.pdf,3,"Executive’s Employment at any time and for any reason, with or without Cause (in the",12.0,0,0,84,BODY
exhibit101.pdf,3,case of the Company) or Constructive Termination (in the case of Executive). Any,12.0,0,0,80,BODY
exhibit101.pdf,3,contrary representations that may have been made to the Executive shall be superseded,12.0,0,0,85,BODY
exhibit101.pdf,3,by this Agreement. This Agreement shall constitute the full and complete agreement,12.0,0,0,82,BODY
exhibit101.pdf,3,between the Executive and the Company on the “at will” nature of the Executive’s,12.0,0,0,80,BODY
exhibit101.pdf,3,"Employment, which may be changed only in an express written agreement signed by the",12.0,0,0,83,META
exhibit101.pdf,3,Executive and a duly authorized officer of the Company.,12.0,0,0,55,BODY
exhibit101.pdf,3,(c) Termination . The Company or the Executive may terminate the,12.0,1,0,64,BODY
exhibit101.pdf,3,"Executive’s Employment at any time and for any reason (or no reason), and with or",12.0,0,0,81,BODY
exhibit101.pdf,3,without Cause (in the case of the Company) or Constructive Termination (in the case of,12.0,0,0,86,BODY
exhibit101.pdf,3,"Executive), by giving the other party notice in writing. The Executive’s Employment",12.0,0,0,83,BODY
exhibit101.pdf,3,shall terminate automatically in the event of his death.,12.0,0,0,56,BODY
exhibit101.pdf,3,"(d) Rights Upon Termination . Except as expressly provided in Section 5,",12.0,1,0,72,BODY
exhibit101.pdf,3,"upon the termination of the Executive’s Employment pursuant to this Section 4, the",12.0,0,0,82,BODY
exhibit101.pdf,3,"Executive shall be entitled only to the compensation, benefits and reimbursements",12.0,0,0,81,BODY
exhibit101.pdf,3,described in Sections 2 and 3 for the period preceding the effective date of the,12.0,0,0,80,META
exhibit101.pdf,3,termination.,12.0,0,0,12,BODY
exhibit101.pdf,3,5. Termination Benefits.,12.0,1,0,24,SECTION
exhibit101.pdf,3,(a) General Release . Any other provision of this Agreement,12.0,1,0,59,BODY
exhibit101.pdf,3,"notwithstanding, Subsections (b), (c), and (d) below shall not apply unless the Employee",12.0,0,0,88,BODY
exhibit101.pdf,3,(i) has executed a general release (in a form reasonably prescribed by the Company) of,12.0,0,0,86,BODY
exhibit101.pdf,3,all known and unknown claims that he may then have against the Company or persons,12.0,0,0,81,BODY
exhibit101.pdf,3,"affiliated with the Company, and (ii) has agreed not to prosecute any legal action or other",12.0,0,0,91,BODY
exhibit101.pdf,3,proceeding based upon any of such claims.,12.0,0,0,41,BODY
exhibit101.pdf,3,"(b) Severance Pay . If, during the term of this Agreement, the Company",12.0,1,0,70,BODY
exhibit101.pdf,3,"terminates the Executive’s Employment for any reason other than Cause or Disability, or",12.0,0,0,87,BODY
exhibit101.pdf,3,"if the Executive voluntarily resigns following a Constructive Termination, (collectively, a",12.0,0,0,91,BODY
exhibit101.pdf,3,"“Termination Event”), then the Company shall pay the Executive his Base Compensation",12.0,0,0,84,BODY
exhibit101.pdf,3,3,12.0,0,0,1,BODY
exhibit101.pdf,4,"for the remaining period of the then-current term of this Agreement, but not in excess of",12.0,0,0,89,BODY
exhibit101.pdf,4,six (6) months. Such Base Compensation shall be paid as a lump sum within thirty (30),12.0,0,0,85,BODY
exhibit101.pdf,4,"days after the Termination Event. In addition, the Company shall also reimburse the",12.0,0,0,83,BODY
exhibit101.pdf,4,Executive for the payment of the Executive’s COBRA or equivalent other replacement,12.0,0,0,82,BODY
exhibit101.pdf,4,medical and dental insurance premiums for a period of six (6) months.,12.0,0,0,69,BODY
exhibit101.pdf,4,(c) Stock Options . With respect to all stock options in the Company granted,12.0,1,0,76,BODY
exhibit101.pdf,4,"to Executive prior to the effective date of the Termination Event, an amount of option",12.0,0,0,86,META
exhibit101.pdf,4,shares equal to the number of months for which Executive is entitled to receive severance,12.0,0,0,89,BODY
exhibit101.pdf,4,"pay will become immediately vested, not subject to repurchase and not subject to",12.0,0,0,80,BODY
exhibit101.pdf,4,"assumption, assignment or replacement by the Company or its successors.",12.0,0,0,71,BODY
exhibit101.pdf,4,(d) Disability . If the Executive’s employment is terminated by the Company,12.0,1,0,75,BODY
exhibit101.pdf,4,"by reason of the Executive’s Disability, the Executive shall be entitled to a prompt cash",12.0,0,0,89,BODY
exhibit101.pdf,4,payment of a prorated portion of the payments set forth in Section 2(a) above for the year,12.0,0,0,90,BODY
exhibit101.pdf,4,in which such termination occurs. Executive and his eligible dependents shall be entitled,12.0,0,0,89,BODY
exhibit101.pdf,4,to continued participation so long as he is disabled and is not eligible for coverage under,12.0,0,0,91,BODY
exhibit101.pdf,4,a successor employer’s plans through the month in which the Executive attains age sixty-,12.0,0,0,88,BODY
exhibit101.pdf,4,"five (65) in all medical, dental, vision and hospitalization insurance coverage, and in all",12.0,0,0,91,BODY
exhibit101.pdf,4,"other employee welfare benefit plans, programs and arrangements in which he was",12.0,0,0,79,BODY
exhibit101.pdf,4,participating on the date of termination of his employment for Disability on terms and,12.0,0,0,86,BODY
exhibit101.pdf,4,"conditions that are no less favorable than those applicable, from time to time, to senior",12.0,0,0,89,BODY
exhibit101.pdf,4,"executives of the Company. For purposes of this Agreement, “Disability” means the",12.0,0,0,81,BODY
exhibit101.pdf,4,"Executive’s inability, due to physical or mental incapacity, to substantially perform his",12.0,0,0,89,BODY
exhibit101.pdf,4,duties and responsibilities contemplated by this Agreement. In the event of a dispute as to,12.0,0,0,91,BODY
exhibit101.pdf,4,"whether the Executive is disabled, the determination shall be made by a licensed medical",12.0,0,0,88,BODY
exhibit101.pdf,4,doctor selected by the Company and agreed to by the Executive. If the parties cannot,12.0,0,0,84,BODY
exhibit101.pdf,4,"agree on a medical doctor, each party shall select a medical doctor and the two doctors",12.0,0,0,87,BODY
exhibit101.pdf,4,shall select a third who shall be the approved medical doctor for this purpose. The,12.0,0,0,83,BODY
exhibit101.pdf,4,Executive agrees to submit to such tests and examinations as such medical doctor shall,12.0,0,0,86,BODY
exhibit101.pdf,4,deem appropriate.,12.0,0,0,17,BODY
exhibit101.pdf,4,"(e) Definition of “Cause . ” For all purposes under this Agreement, “Cause”",12.0,1,0,75,BODY
exhibit101.pdf,4,shall mean:,12.0,0,0,11,BODY
exhibit101.pdf,4,"(i) Any breach of the Invention, Confidential Information and Non-",12.0,0,0,66,BODY
exhibit101.pdf,4,Competition Agreement referenced in Section 6 hereof between the Executive,12.0,0,0,74,BODY
exhibit101.pdf,4,"and the Company, as determined by the Board of Directors of the Company;",12.0,0,0,72,BODY
exhibit101.pdf,4,"(ii) Conviction of, or a plea of “guilty” or “no contest” to, a felony, or",12.0,0,0,74,BODY
exhibit101.pdf,4,a plea of “guilty” or “no contest” to a lesser included offense in exchange for,12.0,0,0,79,BODY
exhibit101.pdf,4,"withdrawal of a felony indictment or felony charge by indictment, in each case",12.0,0,0,78,BODY
exhibit101.pdf,4,whether arising under the laws of the United States or any state thereof;,12.0,0,0,73,BODY
exhibit101.pdf,4,(iii) Any act or acts of fraud;,12.0,0,0,31,BODY
exhibit101.pdf,4,"(iv) violations of applicable laws, rules or regulations that expose the",12.0,0,0,72,BODY
exhibit101.pdf,4,4,12.0,0,0,1,BODY
exhibit101.pdf,5,Company to material damages or material liability,12.0,0,0,49,BODY
exhibit101.pdf,5,(v) material breach by the employee of any material provision of the,12.0,0,0,68,BODY
exhibit101.pdf,5,Employment Agreement that remains uncorrected for 30 days following written,12.0,0,0,75,BODY
exhibit101.pdf,5,notice of such breach to the employee by the company.,12.0,0,0,53,BODY
exhibit101.pdf,5,(f) Definition of “Constructive Termination.” For all purposes under this,12.0,1,0,73,BODY
exhibit101.pdf,5,"Agreement, Constructive Termination shall mean the voluntary resignation of the",12.0,0,0,79,BODY
exhibit101.pdf,5,Executive within 60 days following:,12.0,0,0,35,BODY
exhibit101.pdf,5,(i) The failure of the Executive to be elected or reelected to any of,12.0,0,0,69,BODY
exhibit101.pdf,5,the positions described in Section 1(a) or his removal from any such position,12.0,0,0,77,BODY
exhibit101.pdf,5,without his written consent.,12.0,0,0,28,BODY
exhibit101.pdf,5,(ii) A material diminution in the Executive’s duties or the assignment,12.0,0,0,70,BODY
exhibit101.pdf,5,of him of any duties inconsistent with the Executive’s position and status as,12.0,0,0,77,BODY
exhibit101.pdf,5,Executive Vice President and Chief Financial Officer of the Company.,12.0,0,0,68,BODY
exhibit101.pdf,5,(iii) A change in the Executive’s reporting relationship such that the,12.0,0,0,70,BODY
exhibit101.pdf,5,Executive no longer reports directly to the Chief Executive Officer.,12.0,0,0,68,BODY
exhibit101.pdf,5,(iv) A reduction in the Executive’s Base Compensation without his,12.0,0,0,65,BODY
exhibit101.pdf,5,consent;,12.0,0,0,8,BODY
exhibit101.pdf,5,(v) Receipt of notice from Company that the Executive’s principal,12.0,0,0,65,BODY
exhibit101.pdf,5,workplace will be relocated by more than fifty (50) miles without his written,12.0,0,0,77,BODY
exhibit101.pdf,5,consent;,12.0,0,0,8,BODY
exhibit101.pdf,5,(vi) A breach by the Company of any of its material obligations to the,12.0,0,0,70,BODY
exhibit101.pdf,5,Executive under this Agreement; or,12.0,0,0,34,BODY
exhibit101.pdf,5,(vii) The failure of the Company to obtain a satisfactory agreement,12.0,0,0,67,BODY
exhibit101.pdf,5,from any successor to all or substantially all of the assets or business of the,12.0,0,0,79,BODY
exhibit101.pdf,5,Company to assume and agree to perform this Agreement within 15 days after a,12.0,0,0,76,BODY
exhibit101.pdf,5,"merger, consolidation, sale or similar transaction.",12.0,0,0,51,BODY
exhibit101.pdf,5,"6. Invention, Confidential Information and Non-Competition",12.0,1,0,58,SECTION
exhibit101.pdf,5,"Agreement. The Executive has entered into an Invention, Confidential",12.0,1,0,68,BODY
exhibit101.pdf,5,"Information and Non-Competition Agreement with the Company, in the form",12.0,0,0,71,BODY
exhibit101.pdf,5,"attached hereto as Exhibit A, which is incorporated herein by reference.",12.0,0,0,72,META
exhibit101.pdf,5,7. Successors.,12.0,1,0,14,SECTION
exhibit101.pdf,5,(a) Company’s Successors . This Agreement shall be binding upon,12.0,1,0,63,BODY
exhibit101.pdf,5,"any successor (whether direct or indirect and whether by purchase, lease, merger,",12.0,0,0,81,BODY
exhibit101.pdf,5,"consolidation, liquidation or otherwise) to all or substantially all of the Company’s",12.0,0,0,85,BODY
exhibit101.pdf,5,"business and/or assets. For all purposes under this Agreement, the term",12.0,0,0,71,BODY
exhibit101.pdf,5,5,12.0,0,0,1,BODY
exhibit101.pdf,6,“Company” shall include any successor to the Company’s business and/or assets,12.0,0,0,77,BODY
exhibit101.pdf,6,which becomes bound by this Agreement.,12.0,0,0,38,BODY
exhibit101.pdf,6,(b) Executive’s Successors . This Agreement and all rights of the Executive,12.0,1,0,75,BODY
exhibit101.pdf,6,"hereunder shall inure to the benefit of, and be enforceable by, the Executive’s personal or",12.0,0,0,91,BODY
exhibit101.pdf,6,"legal representatives, executors, administrators, successors, heirs, distributees, devisees",12.0,0,0,91,BODY
exhibit101.pdf,6,and legatees.,12.0,0,0,13,BODY
exhibit101.pdf,6,8. Miscellaneous Provisions.,12.0,1,0,28,SECTION
exhibit101.pdf,6,(a) Notice . Notices and all other communications contemplated by this,12.0,1,0,70,BODY
exhibit101.pdf,6,Agreement shall be in writing and shall be deemed to have been duly given when,12.0,0,0,78,BODY
exhibit101.pdf,6,"personally delivered or when mailed by U.S. registered or certified mail, return receipt",12.0,0,0,88,BODY
exhibit101.pdf,6,"requested and postage prepaid. In the case of the Executive, mailed notices shall be",12.0,0,0,84,BODY
exhibit101.pdf,6,addressed to him at the home address which he most recently communicated to the,12.0,0,0,79,BODY
exhibit101.pdf,6,"Company in writing. In the case of the Company, mailed notices shall be addressed to its",12.0,0,0,88,BODY
exhibit101.pdf,6,"corporate headquarters, and all notices shall be directed to the attention of its Secretary.",12.0,0,0,92,BODY
exhibit101.pdf,6,(b) Modifications and Waivers . No provision of this Agreement shall be,12.0,1,0,71,BODY
exhibit101.pdf,6,"modified, waived or discharged unless the modification, waiver or discharge is agreed to",12.0,0,0,88,BODY
exhibit101.pdf,6,in writing and signed by the Executive and by an authorized officer of the Company,12.0,0,0,82,META
exhibit101.pdf,6,"(other than the Executive). No waiver by either party of any breach of, or of compliance",12.0,0,0,88,BODY
exhibit101.pdf,6,"with, any condition or provision of this Agreement by the other party shall be considered",12.0,0,0,89,BODY
exhibit101.pdf,6,a waiver of any other condition or provision or of the same condition or provision at,12.0,0,0,85,BODY
exhibit101.pdf,6,another time.,12.0,0,0,13,BODY
exhibit101.pdf,6,(c) Indemnification . To the fullest extent permitted by the,12.0,1,0,60,BODY
exhibit101.pdf,6,indemnification provisions of the Articles of Incorporation and Bylaws of the Company,12.0,0,0,85,BODY
exhibit101.pdf,6,"in effect as of the date of this Agreement, and the indemnification provision of the laws",12.0,0,0,89,BODY
exhibit101.pdf,6,"of the jurisdiction of the Company’s incorporation in effect from time to time, the",12.0,0,0,83,BODY
exhibit101.pdf,6,"Company shall indemnify the Executive as a director, senior officer or employee of the",12.0,0,0,86,BODY
exhibit101.pdf,6,Company against all liabilities and reasonable expenses that may be incurred in any,12.0,0,0,83,BODY
exhibit101.pdf,6,"threatened, pending or completed action, suit or proceeding, and shall pay for the",12.0,0,0,82,BODY
exhibit101.pdf,6,reasonable expenses incurred by the Executive in the defense of or participation in any,12.0,0,0,87,BODY
exhibit101.pdf,6,proceeding to which the Executive is a party because of his service to the Company. The,12.0,0,0,87,BODY
exhibit101.pdf,6,rights of the Executive under this indemnification provision shall survive the termination,12.0,0,0,90,BODY
exhibit101.pdf,6,of employment.,12.0,0,0,14,BODY
exhibit101.pdf,6,"(d) Whole Agreement . This Agreement and the Invention, Confidential",12.0,1,0,68,BODY
exhibit101.pdf,6,Information and Non-Competition Agreement between the Company and Executive,12.0,0,0,75,BODY
exhibit101.pdf,6,contain the entire understanding of the parties with respect to the subject matter hereof.,12.0,0,0,90,BODY
exhibit101.pdf,6,"No other agreements, representations or understandings (whether oral or written and",12.0,0,0,83,BODY
exhibit101.pdf,6,whether express or implied) which are not expressly set forth in such agreements have,12.0,0,0,85,BODY
exhibit101.pdf,6,been made or entered into by either party with respect to the subject matter hereof.,12.0,0,0,84,BODY
exhibit101.pdf,6,(e) Withholding Taxes . All payments made under this Agreement shall be,12.0,1,0,71,BODY
exhibit101.pdf,6,subject to reduction to reflect taxes or other charges required to be withheld by law.,12.0,0,0,86,BODY
exhibit101.pdf,6,6,12.0,0,0,1,BODY
exhibit101.pdf,7,(f) Choice of Law and Severability . This Agreement is executed by the,12.0,1,0,70,BODY
exhibit101.pdf,7,parties in the State of Texas and shall be interpreted in accordance with the laws of such,12.0,0,0,90,BODY
exhibit101.pdf,7,State (except their provisions governing the choice of law). If any provision of this,12.0,0,0,85,BODY
exhibit101.pdf,7,"Agreement becomes or is deemed invalid, illegal or unenforceable in any jurisdiction by",12.0,0,0,87,BODY
exhibit101.pdf,7,"reason of the scope, extent or duration of its coverage, then such provision shall be",12.0,0,0,85,BODY
exhibit101.pdf,7,deemed amended to the extent necessary to conform to applicable law so as to be valid,12.0,0,0,85,BODY
exhibit101.pdf,7,"and enforceable or, if such provision cannot be so amended without materially altering",12.0,0,0,86,BODY
exhibit101.pdf,7,"the intention of the parties, then such provision shall be stricken and the remainder of this",12.0,0,0,93,BODY
exhibit101.pdf,7,Agreement shall continue in full force and effect. Should there ever occur any conflict,12.0,0,0,87,BODY
exhibit101.pdf,7,"between any provision contained in this Agreement and any present or future statute, law,",12.0,0,0,89,BODY
exhibit101.pdf,7,"ordinance or regulation contrary to which the parties have no legal right to contract, then",12.0,0,0,91,BODY
exhibit101.pdf,7,the latter shall prevail but the provision of this Agreement affected thereby shall be,12.0,0,0,86,BODY
exhibit101.pdf,7,curtailed and limited only to the extent necessary to bring it into compliance with,12.0,0,0,83,BODY
exhibit101.pdf,7,applicable law. All the other terms and provisions of this Agreement shall continue in,12.0,0,0,86,BODY
exhibit101.pdf,7,full force and effect without impairment or limitation.,12.0,0,0,55,BODY
exhibit101.pdf,7,(g) Arbitration . Any controversy or claim arising out of or relating to this,12.0,1,0,77,BODY
exhibit101.pdf,7,"Agreement or the breach thereof, or the Executive’s Employment or the termination",12.0,0,0,81,BODY
exhibit101.pdf,7,"thereof, shall be settled in Houston, Texas, by arbitration in accordance with the National",12.0,0,0,91,BODY
exhibit101.pdf,7,Rules for the Resolution of Employment Disputes of the American Arbitration,12.0,0,0,75,BODY
exhibit101.pdf,7,"Association. The decision of the arbitrator shall be final and binding on the parties, and",12.0,0,0,90,BODY
exhibit101.pdf,7,judgment on the award rendered by the arbitrator may be entered in any court having,12.0,0,0,83,BODY
exhibit101.pdf,7,jurisdiction thereof. The parties hereby agree that the arbitrator shall be empowered to,12.0,0,0,88,BODY
exhibit101.pdf,7,enter an equitable decree mandating specific enforcement of the terms of this Agreement.,12.0,0,0,88,BODY
exhibit101.pdf,7,The Company and the Executive shall share equally all fees and expenses of the,12.0,0,0,78,BODY
exhibit101.pdf,7,arbitrator. The Executive hereby consents to personal jurisdiction of the state and federal,12.0,0,0,91,BODY
exhibit101.pdf,7,courts located in the State of Texas for any action or proceeding arising from or relating,12.0,0,0,90,BODY
exhibit101.pdf,7,to this Agreement or relating to any arbitration in which the parties are participants.,12.0,0,0,87,BODY
exhibit101.pdf,7,(h) No Assignment . This Agreement and all rights and obligations of the,12.0,1,0,72,BODY
exhibit101.pdf,7,Executive hereunder are personal to the Executive and may not be transferred or assigned,12.0,0,0,88,BODY
exhibit101.pdf,7,by the Executive at any time. The Company may assign its rights under this Agreement,12.0,0,0,84,BODY
exhibit101.pdf,7,to any entity that assumes the Company’s obligations hereunder in connection with any,12.0,0,0,85,BODY
exhibit101.pdf,7,sale or transfer of all or a substantial portion of the Company’s assets to such entity.,12.0,0,0,88,BODY
exhibit101.pdf,7,(i) Counterparts . This Agreement may be executed in two or more,12.0,1,0,64,BODY
exhibit101.pdf,7,"counterparts, each of which shall be deemed an original, but all of which together shall",12.0,0,0,88,BODY
exhibit101.pdf,7,constitute one and the same instrument.,12.0,0,0,39,BODY
exhibit101.pdf,7,[SIGNATURE PAGE FOLLOWS],12.0,0,1,24,SECTION
exhibit101.pdf,7,7,12.0,0,0,1,BODY
exhibit101.pdf,8,"IN WITNESS WHEREOF , each of the parties has executed this Agreement, in the case of the",12.0,1,0,88,META
exhibit101.pdf,8,"Company by its duly authorized officer, as of the day and year first above written.",12.0,0,0,83,BODY
exhibit101.pdf,8,/s/ John O’Keefe,12.0,0,0,16,BODY
exhibit101.pdf,8,JOHN O’KEEFE,12.0,0,1,12,SECTION
exhibit101.pdf,8,"VERDISYS, INC.",12.0,0,1,14,HEADING
exhibit101.pdf,8,By: /s/ Dr. Ron Robinson,12.0,0,0,24,BODY
exhibit101.pdf,8,Name: Dr. Ron Robinson,12.0,0,0,22,BODY
exhibit101.pdf,8,Title: Chairman,12.0,0,0,15,BODY
exhibit101.pdf,8,8,12.0,0,0,1,BODY
exhibit101.pdf,9,EXHIBIT A,16.02,1,1,9,META
exhibit101.pdf,9,"Invention, Confidential Information and Non-Competition Agreement",13.98,1,0,65,BODY
exhibit101.pdf,9,9,12.0,0,0,1,BODY
Repair Services Agreement.pdf,1,EX-10.37 3 dex1037.htm REPAIR SERVICES AGREEMENT,9.23,0,0,48,BODY
Repair Services Agreement.pdf,1,Confidential Portions Omitted,7.5,1,0,29,BODY
Repair Services Agreement.pdf,1,Exhibit 10.37,7.5,1,0,13,META
Repair Services Agreement.pdf,1,REPAIR SERVICES AGREEMENT,7.5,1,1,25,HEADING
Repair Services Agreement.pdf,1,BETWEEN,7.5,1,1,7,HEADING
Repair Services Agreement.pdf,1,"VM SERVICES, INC.",7.5,1,1,17,HEADING
Repair Services Agreement.pdf,1,AND,7.5,1,1,3,HEADING
Repair Services Agreement.pdf,1,"POWERWAVE TECHNOLOGIES, INC.",7.5,1,1,28,HEADING
Repair Services Agreement.pdf,1,** INDICATES THAT CONFIDENTIAL PORTIONS ARE OMITTED AND FILED SEPARATELY WITH THE COMMISSION,7.5,1,1,92,BODY
Repair Services Agreement.pdf,1,1,7.5,0,0,1,BODY
Repair Services Agreement.pdf,2,TABLE OF CONTENTS,7.5,1,1,17,META
Repair Services Agreement.pdf,2,Section,5.77,1,0,7,BODY
Repair Services Agreement.pdf,2,Recitals,7.5,1,0,8,BODY
Repair Services Agreement.pdf,2,1. Definitions,7.5,1,0,14,SECTION
Repair Services Agreement.pdf,2,2. Term and Termination,7.5,1,0,23,SECTION
Repair Services Agreement.pdf,2,3. Scope of Work,7.5,1,0,16,SECTION
Repair Services Agreement.pdf,2,4. Performance Standards for Repair Services,7.5,1,0,44,SECTION
Repair Services Agreement.pdf,2,5. Repair Parts and Packaging Materials,7.5,1,0,39,SECTION
Repair Services Agreement.pdf,2,6. Contract Management,7.5,1,0,22,SECTION
Repair Services Agreement.pdf,2,7. Audit Rights/Record Keeping,7.5,1,0,30,SECTION
Repair Services Agreement.pdf,2,8. Condidentiality,7.5,1,0,18,SECTION
Repair Services Agreement.pdf,2,"9. Warranties, Quality Plan, Turnaround Times",7.5,1,0,45,SECTION
Repair Services Agreement.pdf,2,"10. Prices, Payment Terms, Invoicing",7.5,1,0,36,SECTION
Repair Services Agreement.pdf,2,11. Personnel Issues,7.5,1,0,20,SECTION
Repair Services Agreement.pdf,2,12. Facilities,7.5,1,0,14,SECTION
Repair Services Agreement.pdf,2,13. Consigned Materials,7.5,1,0,23,SECTION
Repair Services Agreement.pdf,2,14. IT Systems Support,7.5,1,0,22,SECTION
Repair Services Agreement.pdf,2,15. Force Majuere,7.5,1,0,17,SECTION
Repair Services Agreement.pdf,2,16. Industrial Property Rights,7.5,1,0,30,SECTION
Repair Services Agreement.pdf,2,17. Publicity,7.5,1,0,13,SECTION
Repair Services Agreement.pdf,2,18. Insurance,7.5,1,0,13,SECTION
Repair Services Agreement.pdf,2,19. Indemnification,7.5,1,0,19,SECTION
Repair Services Agreement.pdf,2,20. Limitations of Liability,7.5,1,0,28,SECTION
Repair Services Agreement.pdf,2,21. Miscellaneous,7.5,1,0,17,SECTION
Repair Services Agreement.pdf,2,List of Exhibits.,5.77,1,0,17,META
Repair Services Agreement.pdf,2,A. Product Listing,7.5,1,0,18,BODY
Repair Services Agreement.pdf,2,B. Pricing,7.5,1,0,10,BODY
Repair Services Agreement.pdf,2,C. Scope of Work,7.5,1,0,16,SECTION
Repair Services Agreement.pdf,2,D Employees,7.5,1,0,11,SECTION
Repair Services Agreement.pdf,2,E Description of Space,7.5,1,0,22,BODY
Repair Services Agreement.pdf,2,F. Consigned Equipment,7.5,1,0,22,BODY
Repair Services Agreement.pdf,2,2,7.5,0,0,1,BODY
Repair Services Agreement.pdf,3,Repair Services Agreement,7.5,1,0,25,BODY
Repair Services Agreement.pdf,3,"This Repair Services Agreement (the “Agreement”) is entered into this 26th day of June, 2003 by and between Powerwave Technologies, Inc. (“Powerwave” or “Buyer”)",7.5,0,0,161,BODY
Repair Services Agreement.pdf,3,"and VM Services, Inc. (“Venture.”)",7.5,0,0,34,BODY
Repair Services Agreement.pdf,3,Recitals,7.5,1,0,8,BODY
Repair Services Agreement.pdf,3,"A. WHEREAS, Powerwave markets, distributes and sells RF power amplifiers, racks and related products for use in wireless communications systems. High quality",7.5,0,0,157,BODY
Repair Services Agreement.pdf,3,customer support and product repairs is of paramount importance to Powerwave.,7.5,0,0,77,BODY
Repair Services Agreement.pdf,3,"B. WHEREAS, Powerwave presently performs the following warranty and non-warranty services with respect to its products: (i) the interface with customers and the",7.5,0,0,160,BODY
Repair Services Agreement.pdf,3,issuance of RMA numbers; (ii) the receipt of defective product from customers; (iii) diagnostic testing and the repair of defective product so that the product works in,7.5,0,0,168,BODY
Repair Services Agreement.pdf,3,"accordance with its specifications; (iv) the replacement of defective product with a replacement product, in certain cases; (v) shipping the repaired or replacement product back",7.5,0,0,177,BODY
Repair Services Agreement.pdf,3,to the customer; and (vi) root cause analysis to the component level.,7.5,0,0,69,BODY
Repair Services Agreement.pdf,3,"C. WHEREAS, pursuant to this Agreement, Powerwave desires to outsource to Venture certain warranty and non-warranty repair services for Products returned from",7.5,0,0,158,BODY
Repair Services Agreement.pdf,3,North America as described in this Agreement.,7.5,0,0,45,BODY
Repair Services Agreement.pdf,3,"D. WHEREAS, Powerwave is relying upon Venture’s stated expertise and experience in providing repair services related to high quality complex electronic assemblies.",7.5,0,0,163,BODY
Repair Services Agreement.pdf,3,"NOW THEREFORE, in consideration of the mutual promises hereinafter set forth, the parties agree as follows:",7.5,0,0,107,BODY
Repair Services Agreement.pdf,3,1. Definitions.,7.5,1,0,15,SECTION
Repair Services Agreement.pdf,3,A. “Product” means the RF amplifiers listed on Exhibit A hereto (“Product Attachment”) which list may be amended from time to time by the parties.,7.5,0,0,146,META
Repair Services Agreement.pdf,3,"B. “Repair Information” includes for a particular Product test data sheets, bills of material, operational method sheets, and in certain cases, as determined by Powerwave,",7.5,0,0,171,BODY
Repair Services Agreement.pdf,3,Product schematics and test code.,7.5,0,0,33,BODY
Repair Services Agreement.pdf,3,"C. “Repair Services” means the diagnosis, root cause analysis to the component level (meaning that the faulty component is identified and replaced and does not include an",7.5,0,0,170,BODY
Repair Services Agreement.pdf,3,"analysis of what caused the failure), servicing and repair of the Products so that the Product, after repair, conforms to the Specifications for the Product. Repair Services include",7.5,0,0,181,BODY
Repair Services Agreement.pdf,3,repairs to Products that are within the manufacturer warranty period (“Warranty Repair Services”) and repairs of Products after the expiration of the manufacturer warranty,7.5,0,0,171,BODY
Repair Services Agreement.pdf,3,period (“Non-Warranty Repair Services.”) Repair Services include the replacement of parts when necessary and Repair Services shall be performed in accordance with,7.5,0,0,162,BODY
Repair Services Agreement.pdf,3,applicable Powerwave Repair Information.,7.5,0,0,40,BODY
Repair Services Agreement.pdf,3,"E. “Specifications” means those physical, mechanical, electrical and other characteristics intended to define the performance, form, fit and function of a Product.",7.5,0,0,163,BODY
Repair Services Agreement.pdf,3,3,7.5,0,0,1,BODY
Repair Services Agreement.pdf,4,F. “Replacement Product” means either new or refurbished product which may be shipped to a customer as a replacement for Product which is returned within the applicable,7.5,0,0,168,BODY
Repair Services Agreement.pdf,4,warranty period.,7.5,0,0,16,BODY
Repair Services Agreement.pdf,4,"G. “Business Days” shall mean those days, from Monday through Friday, which are not declared as national holidays in the United States.",7.5,0,0,135,BODY
Repair Services Agreement.pdf,4,"H. “Calendar Days” shall mean all days, Sunday through Saturday, which appear on the calendar from January 1 through December 31.",7.5,0,0,129,BODY
Repair Services Agreement.pdf,4,"I. “Phase I” means the period of time between the date of this Agreement and December 31, 2003. Phase II means the period commencing on January 1, 2004. The above dates",7.5,0,0,168,BODY
Repair Services Agreement.pdf,4,are target dates based on the parties current expectations and may be changed by mutual agreement of the parties. The details on the services to be performed during Phase I and,7.5,0,0,176,BODY
Repair Services Agreement.pdf,4,Phase II are described in Section 3.2 below.,7.5,0,0,44,BODY
Repair Services Agreement.pdf,4,"J. “Repair Parts” means components, materials and spare parts which are required to perform the Repair Services.",7.5,0,0,112,BODY
Repair Services Agreement.pdf,4,K. “RMA” means a return material authorization issued to a customer who desires to return a Product for repair or replacement.,7.5,0,0,126,BODY
Repair Services Agreement.pdf,4,"L. “Affiliate” means with respect to a party hereto, a corporation that directly or indirectly controls, is controlled by or is under common control with that party.",7.5,0,0,165,BODY
Repair Services Agreement.pdf,4,"M. “Intellectual Property” or “IP” means, throughout the world, all copyrights and any rights in the nature of copyright (including, without limitation, so called “neighboring",7.5,0,0,175,BODY
Repair Services Agreement.pdf,4,"rights,” database rights and other “sui generis” rights), all patents, utility models, design patents, registered designs and other design rights, trade secrets and other intellectual or",7.5,0,0,186,BODY
Repair Services Agreement.pdf,4,"industrial proprietary rights including, without limitation, the right to apply for, file or register any of the foregoing and rights under such applications, filings or registrations.",7.5,0,0,184,BODY
Repair Services Agreement.pdf,4,"N. “Quality Plan” shall include all documentation, processes and procedures necessary to repair, inspect, and test Products. The Quality Plan includes (1) IQA inspection and",7.5,0,0,173,BODY
Repair Services Agreement.pdf,4,ECO control of material; (2) repair and process procedures; and (3) repair process control and quality control systems.,7.5,0,0,119,BODY
Repair Services Agreement.pdf,4,2. Term and Termination.,7.5,1,0,24,SECTION
Repair Services Agreement.pdf,4,2.1 This Agreement shall become effective when signed by an authorized representative of Powerwave and Venture and the term of this Agreement is twenty four (24) months,7.5,0,0,168,META
Repair Services Agreement.pdf,4,from the effective date. This Agreement will automatically renew for additional one (1) year terms after the expiration of the initial term unless either party receives from the,7.5,0,0,177,META
Repair Services Agreement.pdf,4,"other, at least six (6) months prior to the end of the initial term or any renewal term, written notice to terminate this Agreement at the end of the then current term.",7.5,0,0,168,BODY
Repair Services Agreement.pdf,4,"2.2 This Agreement may be cancelled in whole or in part by either party by providing six (6) months advance written notice, provided, however, that the parties hereto may",7.5,0,0,170,BODY
Repair Services Agreement.pdf,4,agree in writing to a shorter notice period. In the event of termination pursuant to this section 2.2: (a) termination of this Agreement will not prejudice accrued rights and,7.5,0,0,174,BODY
Repair Services Agreement.pdf,4,"liabilities of either party; (b) on termination or other discharge of this Agreement, Venture, will following Powerwave’s request, deliver to Powerwave all Powerwave property,",7.5,0,0,175,BODY
Repair Services Agreement.pdf,4,including any consigned equipment ; (c) Venture will stop work pursuant to this Agreement to the extent specified in the termination notice or as otherwise agreed to between,7.5,1,0,173,BODY
Repair Services Agreement.pdf,4,the parties; (d) Venture will terminate all subcontracts and orders that relate to terminated work; and (e) Venture will complete the work in progress for all non-terminated work.,7.5,0,0,179,BODY
Repair Services Agreement.pdf,4,4,7.5,0,0,1,BODY
Repair Services Agreement.pdf,5,"2.3 Either Powerwave or Venture may terminate this Agreement upon the other party’s material breach of this Agreement, provided that (a) the non-breaching party first shall",7.5,0,0,172,BODY
Repair Services Agreement.pdf,5,"have sent written notice to the breaching party describing the breach in reasonable detail and requesting it be cured, (b) the breaching party does not cure the breach within sixty",7.5,0,0,180,BODY
Repair Services Agreement.pdf,5,"(60) days following its receipt of such notice and (c) following the expiration of the sixty-day cure period, the non-breaching party sends a second written notice to the",7.5,0,0,170,BODY
Repair Services Agreement.pdf,5,breaching party indicating that the non-breaching party has terminated the Agreement. The following will be considered a material breach of this Agreement: (i) the failure of,7.5,0,0,174,BODY
Repair Services Agreement.pdf,5,"either party to perform or observe any material term, condition or covenant to be performed by it under this Agreement; or (ii) an unauthorized assignment of this Agreement.",7.5,0,0,173,BODY
Repair Services Agreement.pdf,5,"2.4 Powerwave or Venture may terminate this Agreement immediately, upon written notice to the other party if either party becomes insolvent or is declared bankrupt, or if a",7.5,0,0,172,BODY
Repair Services Agreement.pdf,5,"receiver and manager, liquidator, trustee in bankruptcy or other officer with similar powers is appointed over all or a substantial part of the assets of that party, or if that party",7.5,0,0,182,BODY
Repair Services Agreement.pdf,5,files for bankruptcy or any similar law or any equivalent event occurs under any relevant jurisdiction. The termination of this Agreement will not affect any Order which has,7.5,0,0,173,BODY
Repair Services Agreement.pdf,5,been dated and acknowledged prior to the effective date of termination.,7.5,0,0,71,META
Repair Services Agreement.pdf,5,"2.5 Upon any termination, the parties will use commercially reasonable efforts to cooperate in the orderly wind down of repair operations of Powerwave, taking into account",7.5,0,0,171,BODY
Repair Services Agreement.pdf,5,"Powerwave’s need to avoid interruption of repair services. Upon termination of this Agreement, the Venture agrees to meet in good faith with Powerwave to create and execute",7.5,0,0,172,BODY
Repair Services Agreement.pdf,5,"a transition plan which may include: (i) a transfer of all Repair Parts at a price to be agreed upon; (ii) the return of all Powerwave property, including any consigned equipment,",7.5,0,0,179,BODY
Repair Services Agreement.pdf,5,"components, materials or spare parts; (iii) a schedule to complete the remaining repair work; and (iv) any other items to be agreed upon between the parties. Subject to Venture’s",7.5,0,0,178,BODY
Repair Services Agreement.pdf,5,"confidentiality obligations and security requirements, Powerwave may audit the Venture during the winding down of operations concerning any Powerwave assets.",7.5,0,0,157,BODY
Repair Services Agreement.pdf,5,3. Scope of Work.,7.5,1,0,17,SECTION
Repair Services Agreement.pdf,5,"3.1 In consideration of the payment by Powerwave of the prices set forth in the Pricing Schedule attached hereto as Exhibit B, Venture will perform the work and services",7.5,0,0,169,META
Repair Services Agreement.pdf,5,"required by the “Scope of Work,” a copy of which is attached hereto as Exhibit C, and incorporated herein by this reference, and as further described herein. The Scope of Work",7.5,0,0,175,META
Repair Services Agreement.pdf,5,"may evolve during the term of this Agreement as required to support the Powerwave’s business requirements, and any changes in the Scope of Work and the cost of any",7.5,0,0,163,BODY
Repair Services Agreement.pdf,5,"additional work contemplated by such changes must be approved by Powerwave and Venture. From time to time, Powerwave may request that Venture provide additional",7.5,0,0,160,BODY
Repair Services Agreement.pdf,5,services outside the Scope of Work. The additional services shall be priced in a manner which is agreed upon by Powerwave and Venture. In the event of any conflict between,7.5,0,0,171,BODY
Repair Services Agreement.pdf,5,"the Scope of Work and this Agreement, the terms of the Scope of Work shall prevail.",7.5,0,0,83,BODY
Repair Services Agreement.pdf,5,3.2 The Repair Services to be performed by Venture in Phase I generally include the following:,7.5,0,0,94,BODY
Repair Services Agreement.pdf,5,• Root cause analysis to the component level (as described in section 1C).,7.5,0,0,74,BODY
Repair Services Agreement.pdf,5,• The performance of Repair Services with respect to the Product.,7.5,0,0,65,BODY
Repair Services Agreement.pdf,5,"• In certain cases, the replacement of the Product with a Replacement Product, although in Phase I the supply of Replacement Products will be coordinated with",7.5,0,0,158,BODY
Repair Services Agreement.pdf,5,Powerwave.,7.5,0,0,10,BODY
Repair Services Agreement.pdf,5,"During Phase I, Powerwave will interface with the customer and issue RMA numbers as well as handle the logistics of sending Replacement Product to customers, if necessary.",7.5,0,0,171,BODY
Repair Services Agreement.pdf,5,"During Phase II, which is",7.5,0,0,25,BODY
Repair Services Agreement.pdf,5,5,7.5,0,0,1,BODY
Repair Services Agreement.pdf,6,"currently scheduled to begin January 1, 2004, Venture shall be responsible for the following additional services: (1) procuring from third parties who are on Powerwave’s",7.5,0,0,169,BODY
Repair Services Agreement.pdf,6,"authorized vendor list (“AVL”) Repair Parts necessary to meet forecasted demand; (2) logistics support, which includes receiving, planning, packaging and shipping; (3) the",7.5,0,0,171,BODY
Repair Services Agreement.pdf,6,"logistics of sending Replacement Products to customers, if necessary; and (4) receiving of Product that is returned by a customer because it is believed be defective. Prior to",7.5,0,0,175,BODY
Repair Services Agreement.pdf,6,"Phase II, Powerwave and Venture shall develop a transition/project plan for the transfer of such functions to Venture in a manner which is not disruptive to customers.",7.5,0,0,167,BODY
Repair Services Agreement.pdf,6,Powerwave and Venture shall hold regular planning and transition meetings to assure a smooth transition of such functions.,7.5,0,0,122,BODY
Repair Services Agreement.pdf,6,"3.3 In order to enable Venture to perform the Repair Services, Powerwave grants to Venture a non-exclusive, non-transferable, non-sublicensable right and license to use the",7.5,0,0,172,BODY
Repair Services Agreement.pdf,6,"Repair Information and any Powerwave Intellectual Property Rights and Confidential Information contained therein, to provide Repair Services for the Products. The Repair",7.5,0,0,169,BODY
Repair Services Agreement.pdf,6,"Information may not be used for any other purpose. No further rights, either express or implied, are granted to Venture with respect to any other products of Powerwave. All",7.5,0,0,172,BODY
Repair Services Agreement.pdf,6,"right, title and interest in the Repair Information and Powerwave Intellectual Property Rights, including any Intellectual Property Rights contained in the Products or in the",7.5,0,0,174,BODY
Repair Services Agreement.pdf,6,"Repair Information, shall remain in and be owned by Powerwave without any restriction. Except for the limited right to use the Repair Information to provide Repair Services,",7.5,0,0,173,BODY
Repair Services Agreement.pdf,6,"Venture is not granted and will have no right, title or interest in or to any Intellectual Property Rights of Powerwave. Promptly after the execution of this Agreement,",7.5,0,0,168,BODY
Repair Services Agreement.pdf,6,"Powerwave shall disclose to Venture such portions of the Repair Information not previously disclosed, which disclosures shall be under conditions of confidentiality as",7.5,0,0,167,BODY
Repair Services Agreement.pdf,6,specified in section 8 of this Agreement.,7.5,0,0,41,BODY
Repair Services Agreement.pdf,6,3.4 The quality of the Repair Services is of paramount importance to Powerwave’s reputation and the reputation and marketing of the Products. Powerwave relies on the Repair,7.5,0,0,172,BODY
Repair Services Agreement.pdf,6,"Information to identify, communicate, establish and implement standards with respect to the provision of the Repair Services. Accordingly, Venture is obligated to adhere to the",7.5,0,0,176,BODY
Repair Services Agreement.pdf,6,"Repair Information in performing the Repair Services. Venture shall not deviate from or modify the Repair Information when performing Repair Services, without the prior",7.5,0,0,168,BODY
Repair Services Agreement.pdf,6,written consent of Powerwave.,7.5,0,0,29,BODY
Repair Services Agreement.pdf,6,4. Performance Standards for Repair Services.,7.5,1,0,45,SECTION
Repair Services Agreement.pdf,6,4.1 Venture will perform the Repair Services at a level of performance which complies with the warranties and turnaround times specified in Section 9 below. Venture will seek,7.5,0,0,174,BODY
Repair Services Agreement.pdf,6,"to identify methods for improving the quality, efficiency and cost-effectiveness of the Repair Services where practical and will notify Powerwave of such methods. Venture and",7.5,0,0,174,BODY
Repair Services Agreement.pdf,6,Powerwave will mutually agree upon management reports to ensure the performance metrics and service levels specified in the Scope of Work (“Performance Standards”) are,7.5,0,0,167,BODY
Repair Services Agreement.pdf,6,met. These tools are to be detailed in the Scope of Work.,7.5,0,0,57,BODY
Repair Services Agreement.pdf,6,"4.2 If Venture fails to attain or maintain its Performance Standards, Venture will (i) promptly investigate the cause of the problem; (ii) within 5 business days after it has notice",7.5,0,0,181,BODY
Repair Services Agreement.pdf,6,"of such problem, prepare a report that identifies the cause of the problem and recommend solutions; (iii) use best efforts to correct the problem and to begin meeting the",7.5,0,0,170,BODY
Repair Services Agreement.pdf,6,"Performance Standards as soon as practicable, and (iv) keep Powerwave apprised of the status of the remedial efforts.",7.5,0,0,117,BODY
Repair Services Agreement.pdf,6,4.3 Venture and Powerwave will periodically review the existing Performance Standards and Powerwave’s business requirements and goals and will make mutually agreeable,7.5,0,0,166,BODY
Repair Services Agreement.pdf,6,"adjustments to them as appropriate, as well as any mutually acceptable adjustments to the Scope of Work as may be required in connection therewith. The parties expect and",7.5,0,0,170,BODY
Repair Services Agreement.pdf,6,understand that the Performance Standards and the performance by Venture of the Repair Services should improve over time.,7.5,0,0,121,BODY
Repair Services Agreement.pdf,6,6,7.5,0,0,1,BODY
Repair Services Agreement.pdf,7,"5. Repair Parts and Packaging Materials. During Phase I, Powerwave shall supply to Venture, at no charge, all Repair Parts and packaging materials necessary to perform the",7.5,1,0,171,SECTION
Repair Services Agreement.pdf,7,"Repair Services. During Phase I, Powerwave is responsible for insuring that there is no shortage of Repair Parts necessary to perform Repair Services. During Phase II, Venture",7.5,0,0,175,BODY
Repair Services Agreement.pdf,7,"shall maintain an inventory of Repair Parts needed to perform the Repair Services, the quantity and mix of Repair Parts to be mutually agreed on between the parties and based",7.5,0,0,174,BODY
Repair Services Agreement.pdf,7,"on Powerwave’s historical return rates and failure analysis. Venture shall purchase the Repair Parts only from vendors on the AVL. In addition, during Phase II, Venture shall",7.5,0,0,174,BODY
Repair Services Agreement.pdf,7,"maintain a supply of packaging materials to be used when shipping repaired Product, which packaging materials shall be in conformance with the requirements of Powerwave,",7.5,0,0,169,BODY
Repair Services Agreement.pdf,7,at the cost and expense of Venture.,7.5,0,0,35,BODY
Repair Services Agreement.pdf,7,6. Contract Management.,7.5,1,0,23,SECTION
Repair Services Agreement.pdf,7,"6.1 Each party will designate a contract representative. Each party may, from time to time, change the designated contract representative by providing notice to the other party.",7.5,0,0,177,BODY
Repair Services Agreement.pdf,7,"The parties will have the option, but will not be obligated, to designate alternate contract representatives and alternate project managers.",7.5,0,0,140,BODY
Repair Services Agreement.pdf,7,6.2 Powerwave and Venture management will meet at least quarterly during the term of this Agreement. The purpose of these meetings (each of which shall be referred to as a,7.5,0,0,171,BODY
Repair Services Agreement.pdf,7,“Quarterly Business Review”) is to discuss Powerwave’s repair and/or reverse logistics and business requirements and goals and ways to better align the services provided,7.5,0,0,169,BODY
Repair Services Agreement.pdf,7,under this Agreement in support thereof. The Quarterly Business Review meetings will provide a forum for discussions regarding Powerwave’s current and anticipated needs,7.5,0,0,168,BODY
Repair Services Agreement.pdf,7,and Venture’s performance and anticipated requirements.,7.5,0,0,55,BODY
Repair Services Agreement.pdf,7,6.3 Venture may not delegate or subcontract any of its obligations under this Agreement without the prior written consent of Powerwave. With respect to any of obligations,7.5,0,0,170,BODY
Repair Services Agreement.pdf,7,"under this Agreement that Venture proposes to subcontract, Venture will specify to Powerwave in writing (a) the specific portions of the services that it proposes to subcontract,",7.5,0,0,178,BODY
Repair Services Agreement.pdf,7,"(b) the scope of the proposed subcontract, (c) the identity, background and qualifications of the proposed subcontractor, and (d) the financial background of the subcontractor.",7.5,0,0,176,BODY
Repair Services Agreement.pdf,7,Venture will remain responsible for the performance of all obligations performed by sub-contractors to the same extent as if such obligations were performed by its employees.,7.5,0,0,174,BODY
Repair Services Agreement.pdf,7,Venture will not disclose any Confidential Information to any subcontractor unless and until such subcontractor has agreed in writing to protect the confidentiality of such,7.5,0,0,172,BODY
Repair Services Agreement.pdf,7,Confidential Information in a manner substantially equivalent to that required of Venture.,7.5,0,0,90,BODY
Repair Services Agreement.pdf,7,"7. Audit Rights/Record Keeping. Powerwave and its, auditors, consultants and inspectors shall be entitled, upon reasonable notice, to inspect, audit and review Venture’s",7.5,1,0,169,SECTION
Repair Services Agreement.pdf,7,"facility and repair procedures to assess Venture’s compliance with the quality standards, Repair Information and any applicable Specifications and security requirements. At",7.5,0,0,172,BODY
Repair Services Agreement.pdf,7,"Powerwave’s option, such audits shall be conducted at least monthly for the first six months of the term of this Agreement and thereafter on a quarterly basis. Powerwave shall",7.5,0,0,175,BODY
Repair Services Agreement.pdf,7,"also be entitled to conduct “surprise” audits in the event that Powerwave, in good faith believes that, with respect to physical or IT security (i) security has been, or is about to",7.5,0,0,181,BODY
Repair Services Agreement.pdf,7,"be, breached, or (ii) Venture fails to meet Powerwave’s minimal security requirements. Any deficiencies revealed by the audits will be addressed within 10 business days by",7.5,0,0,171,BODY
Repair Services Agreement.pdf,7,"submission to Powerwave by Venture of corrective action plans, each of which will provide a timetable, subject to Powerwave’s approval, for such corrective action. Venture",7.5,0,0,171,BODY
Repair Services Agreement.pdf,7,"will provide reasonable assistance to Powerwave’s auditors and inspectors at no additional cost or expense to Powerwave. Following successful completion of these audits,",7.5,0,0,169,BODY
Repair Services Agreement.pdf,7,Venture shall receive written certification from Powerwave that Venture’s Repair Services comply with Powerwave’s policies and procedures. In the event that Venture does not,7.5,0,0,173,BODY
Repair Services Agreement.pdf,7,correct the deficiencies disclosed by such,7.5,0,0,42,BODY
Repair Services Agreement.pdf,7,7,7.5,0,0,1,BODY
Repair Services Agreement.pdf,8,"audits to Powerwave’s reasonable satisfaction within the agreed-upon timeframes, then Venture shall be in default of this Agreement and the Parties shall have all rights and",7.5,0,0,173,BODY
Repair Services Agreement.pdf,8,remedies pursuant hereto.,7.5,0,0,25,BODY
Repair Services Agreement.pdf,8,"Venture will maintain complete and accurate records of, and supporting documentation for all amounts billable to and payments made by Powerwave in accordance with",7.5,0,0,162,BODY
Repair Services Agreement.pdf,8,generally accepted accounting principles applied on a consistent basis. Venture will retain all records related to this Agreement for a period of three years. During the term of,7.5,0,0,177,BODY
Repair Services Agreement.pdf,8,"this Agreement and during the period for which Venture is required to maintain such records, upon Powerwave’s reasonable prior notice, Venture shall provide access during",7.5,0,0,170,BODY
Repair Services Agreement.pdf,8,"normal business hours to such records relating to bills of material, overhead costs and quality for the purpose of verifying the accuracy of Venture’s charges.",7.5,0,0,159,BODY
Repair Services Agreement.pdf,8,"8. Confidentiality . Venture Corporation Limited and Powerwave entered into a Mutual Non Disclosure Agreement dated as January 13, 2003 (“NDA”) and the relationship of",7.5,1,0,167,META
Repair Services Agreement.pdf,8,"Venture and Powerwave with respect to each other’s Confidential Information shall be governed by the NDA. Venture agrees to the terms and conditions of the NDA, which are",7.5,0,0,170,BODY
Repair Services Agreement.pdf,8,incorporated herein by this reference. The NDA shall remain in force for the term of this Agreement including any renewal or extension terms.,7.5,0,0,141,BODY
Repair Services Agreement.pdf,8,9. Warranties/Quality Plan/Turnaround Times.,7.5,1,0,44,SECTION
Repair Services Agreement.pdf,8,"9.1 Venture represents and warrants to Powerwave that the Repair Services will be performed in a professional manner, in compliance with the applicable Product",7.5,1,0,159,BODY
Repair Services Agreement.pdf,8,Specifications and Repair Information. Venture agrees to follow Powerwave’s Repair Information and service procedures in providing Repair Services for the Products. If,7.5,0,0,167,BODY
Repair Services Agreement.pdf,8,"Venture fails to perform the Repair Services as warranted above, Venture will promptly correct any errors or deficiencies or reperform the Repair Services, at no additional cost",7.5,0,0,177,BODY
Repair Services Agreement.pdf,8,"to the customer. In addition, Venture warrants that any repaired Product will be free from defects in workmanship in connection with the Repair Services performed for a period",7.5,0,0,175,BODY
Repair Services Agreement.pdf,8,of ** (**) years following completion of the Repair Services.,7.5,0,0,61,BODY
Repair Services Agreement.pdf,8,9.2 Venture shall establish and maintain a Quality Plan and inspection program sufficient to assure that the Products repaired by Venture will meet the requirements stated in the,7.5,1,0,178,BODY
Repair Services Agreement.pdf,8,"Specifications and the Repair Information and service procedures for the Products. Venture shall keep and maintain proper repair, test and related records, which shall be",7.5,0,0,170,BODY
Repair Services Agreement.pdf,8,"available for inspection by Powerwave and shall allow copies to be made and extracts to be taken, and shall furnish all information which may be required by Powerwave with",7.5,0,0,171,BODY
Repair Services Agreement.pdf,8,respect thereto.,7.5,0,0,16,BODY
Repair Services Agreement.pdf,8,9.3 All Product repairs shall be completed within ten (10) business days and shall be shipped to the customer within ten (10) business days from the date on which Venture,7.5,1,0,170,BODY
Repair Services Agreement.pdf,8,receives the returned Product from the customer. If Venture does not comply with the ten business day turnaround time and such failure is not caused by Powerwave or an event,7.5,0,0,173,BODY
Repair Services Agreement.pdf,8,"of force majuere and the failure results in Powerwave incurring a penalty or expenses to its customer, then Venture and Powerwave agree to discuss appropriate financial",7.5,0,0,168,BODY
Repair Services Agreement.pdf,8,accommodations.,7.5,0,0,15,BODY
Repair Services Agreement.pdf,8,10. Prices; Payment Terms; Invoicing.,7.5,1,0,37,SECTION
Repair Services Agreement.pdf,8,10.1(a) The unit prices for both Warranty Repair Services and Non-Warranty Repair Services are specified on Exhibit B. The price for the Repair Services for each Product will,7.5,1,0,174,META
Repair Services Agreement.pdf,8,"be quoted in US Dollars using an agreed upon pricing model whereby the Repair Parts cost information is agreed to and the assembly/test labor rates, and profit and overhead",7.5,0,0,172,BODY
Repair Services Agreement.pdf,8,"rates are per Exhibit B. Venture acknowledges that, except as expressly provided otherwise in this Agreement, expenses that Venture expects to incur in",7.5,0,0,151,META
Repair Services Agreement.pdf,8,8,7.5,0,0,1,BODY
Repair Services Agreement.pdf,9,"performing the Repair Services and the other items outlined in the Scope of Work (including overhead, travel and lodging, the operation and maintenance with respect to",7.5,0,0,167,BODY
Repair Services Agreement.pdf,9,"physical facilities,) are included in the Scope of Work and are reflected in the prices to be charged to Powerwave for the Repair Services and, as such, are not separately",7.5,0,0,171,BODY
Repair Services Agreement.pdf,9,reimbursable by Powerwave. Within ninety (90) days following the execution of this Agreement Venture and Powerwave will meet and review the pricing structure for the,7.5,0,0,165,BODY
Repair Services Agreement.pdf,9,Repair Services and the headcount required to perform the Repair Services and make such adjustments as are mutually agreed.,7.5,0,0,123,BODY
Repair Services Agreement.pdf,9,10.1(b) Prices will be subject to review by the parties on a quarterly basis (and at such other times as may be agreed) at the Quarterly Business Review to be arranged by the,7.5,1,0,174,BODY
Repair Services Agreement.pdf,9,"authorised representatives of the parties. Price adjustments may be implemented as the parties agree. Changes to prices, and the manner and timing of their implementation, will",7.5,0,0,176,BODY
Repair Services Agreement.pdf,9,be agreed by the parties on a fair and reasonable basis at such review meeting.,7.5,0,0,79,BODY
Repair Services Agreement.pdf,9,"10.2 . If Venture offers a better price or pricing formula to any third party for similar Repair Services, based on similar volumes, under substantially similar terms and conditions",7.5,1,0,181,BODY
Repair Services Agreement.pdf,9,and in similar geographies then the Venture agrees to offer such price or pricing formula to Powerwave retroactively as of the date first offered to the third party. Venture agrees,7.5,0,0,180,BODY
Repair Services Agreement.pdf,9,to fulfill its obligations in this Section in good faith,7.5,0,0,56,BODY
Repair Services Agreement.pdf,9,"10.3 Repair Services shall be invoiced upon shipment of the Repaired Product to the customer. Payment terms shall be forty-five (45) Calendar Days payable in US Dollars,",7.5,1,0,169,BODY
Repair Services Agreement.pdf,9,from the date of invoice. Powerwave may deduct from Venture’s invoices any moneys owed Powerwave by Venture. If Powerwave in good faith believes that amounts invoiced,7.5,0,0,166,BODY
Repair Services Agreement.pdf,9,"are in excess actual amounts owing or there is a billing error, it shall promptly notify Venture in writing. The parties agree to reconcile disputed invoices, billing inaccuracies",7.5,0,0,179,BODY
Repair Services Agreement.pdf,9,and other discrepancies or errors within ten (10) days after Powerwave has notified Venture in writing of a disputed invoice. Venture agrees to provide Powerwave with,7.5,0,0,166,BODY
Repair Services Agreement.pdf,9,"documentation and other information with respect to each invoice as may be reasonably requested by Powerwave to verify that Venture’s charges to Powerwave are accurate,",7.5,0,0,168,BODY
Repair Services Agreement.pdf,9,"correct, and valid.",7.5,0,0,19,BODY
Repair Services Agreement.pdf,9,"10.4 Unless Powerwave provides appropriate exemption certificates, Powerwave will be responsible for and will pay all taxes including value added taxes, duties or other",7.5,1,0,168,BODY
Repair Services Agreement.pdf,9,"governmental or regulatory charges in any country resulting from the performance of this Agreement, except for any income related taxes for which Venture is directly liable .",7.5,1,0,174,BODY
Repair Services Agreement.pdf,9,Venture shall notify Powerwave of any such tax liabilities incurred on behalf of Powerwave or arising in connection with doing business with Powerwave as soon as practicable,7.5,0,0,173,BODY
Repair Services Agreement.pdf,9,and will make all reasonable efforts to minimize the amount of any such tax liabilities.,7.5,0,0,88,BODY
Repair Services Agreement.pdf,9,11. Personnel Issues.,7.5,1,0,21,SECTION
Repair Services Agreement.pdf,9,"11.1 Venture agrees that upon the execution of this Agreement, it will offer employment to each of the individuals listed on Exhibit D (“Employees.”) Venture agrees to provide",7.5,0,0,175,META
Repair Services Agreement.pdf,9,"base salary or hourly rates of pay to the Employees consistent with their current compensation at Powerwave. Venture shall not be required to assume, adopt or accept any",7.5,0,0,169,BODY
Repair Services Agreement.pdf,9,"employee benefit plan, program, policy or arrangement of Powerwave with respect to the Employees, including, without limitation, any stock option, bonus, compensation,",7.5,0,0,167,BODY
Repair Services Agreement.pdf,9,"retirement, profit sharing, vacation, medical, disability benefit, life insurance or severance pay plan, contract, practice, program, policy or arrangement and shall have no",7.5,0,0,173,BODY
Repair Services Agreement.pdf,9,"liability whatsoever under any such employee benefit plan, contract, practice, program, policy or arrangement.",7.5,0,0,110,BODY
Repair Services Agreement.pdf,9,"11.2 Except as expressly set forth herein, during the term of this Agreement and for a period of six (6) months after the expiration or earlier termination of this Agreement,",7.5,0,0,174,BODY
Repair Services Agreement.pdf,9,"Venture will not without the prior written consent of Powerwave, solicit for employment directly or indirectly, nor employ, any employee of Powerwave or its Affiliates",7.5,0,0,167,BODY
Repair Services Agreement.pdf,9,substantially involved in the performance of Powerwave’s or its Affiliate’s,7.5,0,0,75,BODY
Repair Services Agreement.pdf,9,9,7.5,0,0,1,BODY
Repair Services Agreement.pdf,10,"obligations under this Agreement, without the prior written consent of Powerwave (other than employees of Powerwave or its Affiliates who are terminated thereby). Except as",7.5,0,0,172,BODY
Repair Services Agreement.pdf,10,"expressly set forth herein during the term of this Agreement and for a period of six (6) months after the expiration or earlier termination of this Agreement, Powerwave will not,",7.5,0,0,178,BODY
Repair Services Agreement.pdf,10,"and will cause its Affiliates to not, solicit for employment directly or indirectly, nor employ, any employee of Venture involved in the performance of Venture’s obligations",7.5,0,0,173,BODY
Repair Services Agreement.pdf,10,"under this Agreement, without the prior consent of Venture (other than Venture’s employees who have been terminated by Venture). Notwithstanding the foregoing, any Party",7.5,0,0,169,BODY
Repair Services Agreement.pdf,10,may at any time make general solicitations for employment to a broad class of persons which may include the aforedescribed employees. General solicitations shall include any,7.5,0,0,173,BODY
Repair Services Agreement.pdf,10,solicitation for employment by any party that is not targeted primarily to one or more of the aforedescribed employees.,7.5,0,0,119,BODY
Repair Services Agreement.pdf,10,12. Facilities.,7.5,1,0,15,SECTION
Repair Services Agreement.pdf,10,"12.1 During the term of this Agreement, Powerwave shall provide to Venture approximately 10,000 square feet of production floor space on the first floor at its facility at 1801",7.5,0,0,176,BODY
Repair Services Agreement.pdf,10,"E. St. Andrew Place, Santa Ana, California (the “Space”), at no charge, to enable Venture to perform the Repair Services at Powerwave’s facility. The Space shall encompass",7.5,0,0,171,BODY
Repair Services Agreement.pdf,10,"that portion of the facility as depicted on the diagram on Exhibit E and shall be the area where Powerwave presently performs RMA. In addition, Powerwave shall provide two",7.5,0,0,171,META
Repair Services Agreement.pdf,10,offices on the second floor of its facility at 1801 St. Andrew Place for use by Venture management.,7.5,0,0,99,BODY
Repair Services Agreement.pdf,10,"12.2 In addition, Powerwave shall provide the following additional services/materials for the Space, at no charge: (i) telephone service to the Space, which includes telephone",7.5,0,0,175,BODY
Repair Services Agreement.pdf,10,cabling and telephone hand sets; and (ii) cubicles per the diagram specified on Exhibit E; and (iii) office furniture and telephones for the two offices on the first floor. Venture,7.5,0,0,180,META
Repair Services Agreement.pdf,10,shall be responsible for supplying all other office equipment it requires. Powerwave will monitor the telephone usage charges incurred by Venture and if it believes the charges,7.5,0,0,176,BODY
Repair Services Agreement.pdf,10,"are excessive it shall raise the issue with Venture and the parties shall negotiate, in good faith, an equitable split of the costs.",7.5,0,0,132,BODY
Repair Services Agreement.pdf,10,12.3 Venture agrees to use the Space only to perform Repair Services for Powerwave and shall control the conduct of its employees. Venture agrees to comply with all,7.5,0,0,164,BODY
Repair Services Agreement.pdf,10,"Powerwave security rules and policies regarding the conduct of work while on Powerwave property. If Venture desires to use additional space in Powerwave’s facility, the",7.5,0,0,168,BODY
Repair Services Agreement.pdf,10,parties shall discuss and mutually agree upon terms for such additional space.,7.5,0,0,78,BODY
Repair Services Agreement.pdf,10,13. Consigned Equipment.,7.5,1,0,24,SECTION
Repair Services Agreement.pdf,10,13.1 It is anticipated that Powerwave will consign certain test equipment (“Consigned Equipment”) to Venture to enable Venture to repair Products. Exhibit F is a listing of,7.5,1,0,172,META
Repair Services Agreement.pdf,10,Consigned Equipment and the parties agree to update this listing as necessary to reflect additions or deletions. The Consigned Equipment may not be used to repair products for,7.5,0,0,175,BODY
Repair Services Agreement.pdf,10,"any party other than Powerwave and Venture agrees to not use any of the Consigned Equipment in the repair, testing, assembly or shipping of product for any third party. In",7.5,0,0,171,BODY
Repair Services Agreement.pdf,10,"addition, Venture shall not rent or loan any of the Consigned Equipment to a third party or do any other act that would infringe the ownership rights of Powerwave. During",7.5,0,0,170,BODY
Repair Services Agreement.pdf,10,"Phase I, Powerwave shall be responsible for scheduled maintenance and calibration of the Consigned Equipment as well all major repairs. During Phase II, if requested by",7.5,0,0,168,BODY
Repair Services Agreement.pdf,10,"Powerwave, Venture, at its own cost, shall be responsible for providing scheduled maintenance and calibration of the Consigned Equipment and the parties shall mutually agree",7.5,0,0,173,BODY
Repair Services Agreement.pdf,10,upon who shall pay for major repairs to Consigned Equipment. Venture shall maintain proper and separate books and records for the Consigned Equipment. Venture shall,7.5,0,0,164,BODY
Repair Services Agreement.pdf,10,"exercise due care for the Consigned Equipment and they will be stored in a manner that affords ready inspection and identification. Powerwave, may upon reasonable notice",7.5,0,0,169,BODY
Repair Services Agreement.pdf,10,"and subject to security requirements, request an",7.5,0,0,48,BODY
Repair Services Agreement.pdf,10,10,7.5,0,0,2,BODY
Repair Services Agreement.pdf,11,"inspection of the Consigned Equipment. Venture shall bear the risk of loss of and damage to the Consigned Equipment while in its possession. Upon reasonable notice,",7.5,0,0,164,BODY
Repair Services Agreement.pdf,11,"Powerwave may require the return or transfer of equipment that it owns, if any and Venture shall promptly comply with any such request. Venture, on a quarterly basis, will do",7.5,0,0,174,BODY
Repair Services Agreement.pdf,11,an inventory of Consigned Equipment and tag all Consigned Equipment with identification indicating that they are owned by Powerwave.,7.5,0,0,132,BODY
Repair Services Agreement.pdf,11,14. IT Systems Support. Venture agrees to facilitate the communication and system logic links of specific IT functions and data bases with Powerwave systems including but,7.5,1,0,170,SECTION
Repair Services Agreement.pdf,11,"not limited to quality and shop floor control systems, documentation and ECO control systems, advanced shipping notices and inventory and order management systems as",7.5,0,0,165,BODY
Repair Services Agreement.pdf,11,described in the Scope of Work. Venture will conform to information technology best practices to ensure the security of intellectual property both residing at Venture and,7.5,0,0,170,BODY
Repair Services Agreement.pdf,11,communicated externally to/from Powerwave. Venture and Powerwave will jointly develop web based systems to improve communications.,7.5,0,0,130,BODY
Repair Services Agreement.pdf,11,"15. Force Majuere. Neither of the parties shall be in default for any failure or delay in performance hereunder when such failure or delay is the result of any event, which is",7.5,1,0,175,SECTION
Repair Services Agreement.pdf,11,"beyond their control and without its fault or negligence. Such events (collectively referred to herein as “Excusable Delay”) may include, but are not restricted to Acts of God, or",7.5,0,0,179,BODY
Repair Services Agreement.pdf,11,"of the public enemy, acts of government in either its sovereign or contractual capacity, strikes, lockouts, transportation disruptions or freight embargoes, and riots, quarantine",7.5,0,0,178,BODY
Repair Services Agreement.pdf,11,"restrictions, mutinies, civil commotion, floods, fire, epidemics, power shortages or war.",7.5,0,0,89,BODY
Repair Services Agreement.pdf,11,16. Industrial Property Rights.,7.5,1,0,31,SECTION
Repair Services Agreement.pdf,11,16.1 No Repair Information or Specifications furnished under this Agreement or Consigned Equipment shall be duplicated or furnished to others or used to produce or repair,7.5,1,0,170,BODY
Repair Services Agreement.pdf,11,"products for others without the prior written consent of Powerwave. Venture shall take appropriate measures to protect Powerwave proprietary rights in the Repair Information,",7.5,0,0,174,BODY
Repair Services Agreement.pdf,11,"Specifications and Products, including the following: (1) restricting access to the portion of the Venture facility used for repairing Powerwave Products to only Venture’s",7.5,0,0,171,BODY
Repair Services Agreement.pdf,11,"employees on a need to know basis or need to perform basis or involved in the repair, assembly and testing of the Products or when specifically approved by Powerwave; and",7.5,0,0,170,BODY
Repair Services Agreement.pdf,11,"(2) treating all proprietary information of Powerwave with the same degree of care it uses to protect the confidentiality of its own information, which shall not be less than",7.5,0,0,174,BODY
Repair Services Agreement.pdf,11,reasonable care. Venture shall not use or disclose any Powerwave intellectual property except in furtherance of the repairing the Product in accordance with the terms of this,7.5,0,0,174,BODY
Repair Services Agreement.pdf,11,Agreement. Venture shall provide secure facilities and segregate Powerwave’s Products from Powerwave’s competitor’s products within the facility. Venture shall take the,7.5,0,0,168,BODY
Repair Services Agreement.pdf,11,following measures to maintain the security of the dedicated area related to the Products: (i) maintain walls or partitions to segregate the physical area; and (ii) restrict access to,7.5,0,0,183,BODY
Repair Services Agreement.pdf,11,the segregated area through card key access or other such security procedures that prevent unauthorized individuals from entering the work area and keep entry-exit logs.,7.5,0,0,169,BODY
Repair Services Agreement.pdf,11,16.2 All existing IP owned by or licensed to Powerwave will continue to be owned by Powerwave. Venture is licensed to use such of the Powerwave IP as may be necessary,7.5,1,0,166,BODY
Repair Services Agreement.pdf,11,only for the limited purpose of performing its obligations under this Agreement as specified in Section 3.3. No ownership rights are granted to Venture and Venture’s,7.5,0,0,165,BODY
Repair Services Agreement.pdf,11,permissible use of the Powerwave IP is as stated in this Agreement. All existing IP of Venture will continue to be owned by Venture and all IP arising in the course of Venture’s,7.5,0,0,177,BODY
Repair Services Agreement.pdf,11,performance of this Agreement relating to Venture’s repair know-how or repair process will be owned by Venture other than IP developed based on Powerwave’s IP related to,7.5,0,0,169,BODY
Repair Services Agreement.pdf,11,"the Products which shall be owned by Powerwave. With respect to any IP licensed to Venture by third parties, Venture warrants that such license is in good standing and",7.5,0,0,167,BODY
Repair Services Agreement.pdf,11,includes all necessary rights to permit Venture to perform its obligations under this Agreement. Nothing contained herein will be deemed to grant to Venture either directly or by,7.5,0,0,178,BODY
Repair Services Agreement.pdf,11,11,7.5,0,0,2,BODY
Repair Services Agreement.pdf,12,"implication, estoppel or otherwise, any license or other right under any patents, patent applications, or non-patent rights owned by or licensed to Powerwave or its affiliates,",7.5,0,0,176,BODY
Repair Services Agreement.pdf,12,except as necessary only for the limited purpose of performing its obligations under this Agreement. Powerwave and Venture may not use any IP of the other party for any other,7.5,0,0,174,BODY
Repair Services Agreement.pdf,12,purpose.,7.5,0,0,8,BODY
Repair Services Agreement.pdf,12,"17. Publicity. Neither party shall, without first obtaining the prior written consent of the other party, in any manner advertise or publish the fact that either party has entered to",7.5,1,0,182,SECTION
Repair Services Agreement.pdf,12,"this Agreement, or use any trademarks or trade names of the other party in advertising or promotional material. In the event that one party is required by law to make a",7.5,0,0,168,BODY
Repair Services Agreement.pdf,12,disclosure or press release the review and approval of the other party of such press release shall not be unreasonably delayed or withheld.,7.5,0,0,139,BODY
Repair Services Agreement.pdf,12,"18. Insurance. Prior to performing its obligations under this Agreement, Venture shall procure and maintain insurance for the types of coverage and limits of liability as",7.5,1,0,170,SECTION
Repair Services Agreement.pdf,12,"follows: (a) Commercial general liability, including suppliers, contractual liability, business interruption insurance, personal injury, broad form property damage,",7.5,0,0,164,BODY
Repair Services Agreement.pdf,12,"products/completed operations with limits of at least $3,000,000 per occurrence and in the aggregate; (b) Workers compensation to the extent required by statute together with",7.5,0,0,174,BODY
Repair Services Agreement.pdf,12,statutory disability benefits liability in all applicable jurisdictions; (c) such other comparable insurance or other types of insurance that are required or customary in the,7.5,0,0,174,BODY
Repair Services Agreement.pdf,12,jurisdiction where Venture will perform repair services for Powerwave. Powerwave shall be named an additional insured under the general liability policy. The insuring,7.5,0,0,166,BODY
Repair Services Agreement.pdf,12,"company must be reputable. All coverages must be primary and noncontributory, and maintained without interruption during the term of this Agreement. Upon request, Venture",7.5,0,0,170,BODY
Repair Services Agreement.pdf,12,"shall provide Powerwave with certificates of insurance evidencing the above coverages. Upon reasonable notice to Venture, and subject to Venture’s security and confidentiality",7.5,0,0,175,BODY
Repair Services Agreement.pdf,12,requirements Powerwave’s insurance carriers may inspect the facilities where Powerwave’s assets are maintained.,7.5,0,0,111,BODY
Repair Services Agreement.pdf,12,19. Indemnification.,7.5,1,0,20,SECTION
Repair Services Agreement.pdf,12,"19.1 Venture shall and hereby does defend, indemnify and hold harmless Powerwave, its Affiliates, officers, directors and employees (all referred to in this section 19 as",7.5,1,0,170,BODY
Repair Services Agreement.pdf,12,"“Powerwave”) from any and all third party claims, damages, costs, fees, expenses, losses, including reasonable attorneys’ fees to the extent that such claims, damages, costs,",7.5,0,0,174,BODY
Repair Services Agreement.pdf,12,"fees, expenses, losses, result from (i) a claim that Venture’s repair of a Product was the cause of any property damage or personal injury or (ii) death, personal injury or property",7.5,0,0,181,BODY
Repair Services Agreement.pdf,12,"damage arising from the negligent acts or omissions of Venture or the willful misconduct of Venture, provided that Venture is given prompt notice of such claim and Powerwave",7.5,0,0,173,BODY
Repair Services Agreement.pdf,12,provides Venture with reasonable assistance and cooperation in the defense of the claim and shall permit Venture to control the defense of the claim. Powerwave may employ,7.5,0,0,170,BODY
Repair Services Agreement.pdf,12,"counsel, at its own expense, to assist in the defense of the claim. Powerwave shall have no authority to settle any claim on behalf of Venture.",7.5,0,0,143,BODY
Repair Services Agreement.pdf,12,"19.2 Powerwave shall and hereby does indemnify, defend and hold harmless Venture, its Affiliates, officers, directors, employees (all referred to in this section 19 as “Venture”)",7.5,1,0,178,BODY
Repair Services Agreement.pdf,12,"from and against all third party claims, costs, damages, fines, losses and expenses (including reasonable attorneys fees) to the extent that such claims, costs damages, fines,",7.5,0,0,175,BODY
Repair Services Agreement.pdf,12,"losses and expenses result from: (i) death, personal injury or property damage arising from Powerwave’s negligent acts or omissions or willful misconduct; or (ii) any",7.5,0,0,166,BODY
Repair Services Agreement.pdf,12,"intellectual property infringement claim arising from any written specifications supplied by Powerwave to Venture, provided that Venture gives Powerwave prompt notice in",7.5,0,0,169,BODY
Repair Services Agreement.pdf,12,"writing of the claim, provides reasonable assistance and co-operation to Powerwave in defense of the claim and permits Powerwave to control the defense of the claim. Venture",7.5,0,0,173,BODY
Repair Services Agreement.pdf,12,"may employ counsel, at its own expense, to assist in the defense of the claim. Venture shall have no authority to settle any claim on behalf of Powerwave.",7.5,0,0,154,BODY
Repair Services Agreement.pdf,12,20. Limitations of Liability.,7.5,1,0,29,SECTION
Repair Services Agreement.pdf,12,12,7.5,0,0,2,BODY
Repair Services Agreement.pdf,13,20.1 Neither party excludes or limits its liability for death or personal injury resulting from its negligence nor liability for breach of any term implied by statute to the extent that,7.5,1,0,185,BODY
Repair Services Agreement.pdf,13,such liabilities cannot by law be limited or excluded.,7.5,0,0,54,BODY
Repair Services Agreement.pdf,13,"20.2 IN NO EVENT SHALL EITHER PARTY, WHETHER AS A RESULT OF BREACH OF CONTRACT, TORT (INCLUDING NEGLIGENCE) OR ANY OTHER",7.5,1,1,120,BODY
Repair Services Agreement.pdf,13,"THEORY OF LIABILITY, HAVE ANY LIABILITY TO THE OTHER PARTY OR ANY THIRD PARTY FOR ANY INDIRECT, SPECIAL, INCIDENTAL,",7.5,0,1,116,BODY
Repair Services Agreement.pdf,13,"CONSEQUENTIAL, EXEMPLARY OR PUNITIVE DAMAGES, INCLUDING WITHOUT LIMITATION, LOSS OF PROFITS, LOST SAVINGS, OR LOSS OF USE",7.5,0,1,121,BODY
Repair Services Agreement.pdf,13,ARISING OUT OF THIS AGREEMENT.,7.5,0,1,30,HEADING
Repair Services Agreement.pdf,13,21. Miscellaneous.,7.5,1,0,18,SECTION
Repair Services Agreement.pdf,13,21.1 The waiver of either party of a breach of any provision of this Agreement shall not constitute a waiver of any succeeding breach of the same or any other provision. The,7.5,1,0,173,BODY
Repair Services Agreement.pdf,13,failure of either party to require performance by the other party of any provision of this Agreement shall not affect the right to require such performance in the future.,7.5,0,0,170,BODY
Repair Services Agreement.pdf,13,21.2 All notices required or permitted to be given by Powerwave or Venture to the other party under the terms of this Agreement shall be written in English and shall be,7.5,1,0,168,BODY
Repair Services Agreement.pdf,13,"effective on the day of service if served personally or by facsimile transmission with confirmation, or three business days after mailing if mailed by First Class mail, registered",7.5,0,0,179,BODY
Repair Services Agreement.pdf,13,"or certified, postage prepaid. All notices and correspondence concerning this Agreement shall be sent to the parties hereto at:",7.5,0,0,127,BODY
Repair Services Agreement.pdf,13,Powerwave Venture,7.5,1,0,17,BODY
Repair Services Agreement.pdf,13,"Powerwave Technologies, Inc. VM Services, Inc.",7.5,0,0,46,BODY
Repair Services Agreement.pdf,13,1801 E. St. Andrew Place 6701 Mowry Ave,7.5,0,0,39,BODY
Repair Services Agreement.pdf,13,"Santa Ana, CA 92705 Newark, CA 94560",7.5,0,0,36,BODY
Repair Services Agreement.pdf,13,Attn: Chief Financial Officer Attn: Soin Singh/Mark Wettasinghe,7.5,0,0,63,BODY
Repair Services Agreement.pdf,13,Fax: 714 466-5801 Fax: (510) 744-3738,7.5,0,0,37,BODY
Repair Services Agreement.pdf,13,"21.3 This Agreement is for the benefit of the parties hereto and not for any other person except as specifically provided herein. The invalidity, in whole or in part, of any article",7.5,1,0,181,BODY
Repair Services Agreement.pdf,13,or paragraph hereof shall not affect the validity of the remainder of such article or paragraph or of any agreement resulting therefrom. Any rights or obligations under this,7.5,0,0,173,BODY
Repair Services Agreement.pdf,13,Agreement which by their nature continue after termination will remain in effect until they are completed.,7.5,0,0,106,BODY
Repair Services Agreement.pdf,13,21.4 The laws of the State of California govern this Agreement and all transactions hereunder exclusive of any provisions of the United Nations Convention on the International,7.5,1,0,175,BODY
Repair Services Agreement.pdf,13,Sale of Goods and,7.5,0,0,17,BODY
Repair Services Agreement.pdf,13,13,7.5,0,0,2,BODY
Repair Services Agreement.pdf,14,without regard to principles of conflicts of law. The parties submit to the non-exclusive jurisdiction of the courts of California. The parties hereto expressly waive any right they,7.5,0,0,181,BODY
Repair Services Agreement.pdf,14,may have to a jury trial and agree that any proceedings under this Agreement shall be tried by a judge without a jury. In the event of any litigation relating to or arising out of,7.5,0,0,179,BODY
Repair Services Agreement.pdf,14,"this Agreement, the prevailing party shall be entitled to recover its reasonable attorney’s fees and costs.",7.5,0,0,107,BODY
Repair Services Agreement.pdf,14,"21.5 This Agreement, together with the Exhibits hereto and any other attachment, constitutes the entire Agreement between the parties hereto with respect to the subject matter",7.5,1,0,175,BODY
Repair Services Agreement.pdf,14,"hereof and all prior or contemporaneous oral or written communications, understandings or agreements with respect to the subject matter hereof are superseded. This",7.5,0,0,163,BODY
Repair Services Agreement.pdf,14,Agreement may not be modified or amended except by an instrument in writing signed by a duly authorized representative of each of the parties.,7.5,0,0,142,META
Repair Services Agreement.pdf,14,"21.6 The relationship of Venture and Powerwave as established under this Agreement will be and at all times remain one of independent contractors, and neither party will at",7.5,1,0,172,BODY
Repair Services Agreement.pdf,14,"any time nor in any way represent itself as being a dealer, agent or other representative of the other party or as having authority to assume or create obligations or otherwise act",7.5,0,0,180,BODY
Repair Services Agreement.pdf,14,in any manner on behalf of the other party.,7.5,0,0,43,BODY
Repair Services Agreement.pdf,14,"21.7 Neither party may assign this Agreement in whole or in part without the prior written consent of the other party, and such consent shall not be unreasonably withheld.",7.5,1,0,171,BODY
Repair Services Agreement.pdf,14,"Notwithstanding the above, this Agreement may be assigned without the consent of the other party to any successor corporation or entity whether by purchase of all or",7.5,0,0,165,BODY
Repair Services Agreement.pdf,14,substantially all of the assets or outstanding capital of a party or by merger or consolidation provided that (a) the transferee agrees in writing to be bound by and subject to all of,7.5,0,0,183,BODY
Repair Services Agreement.pdf,14,"the terms and provisions of this Agreement, and (b) provided that the transferee is not a competitor of the non-assigning party. Should any of the foregoing conditions not be",7.5,0,0,174,BODY
Repair Services Agreement.pdf,14,"met, the assignment shall be null and void, unless the other party’s prior written consent has been given.",7.5,0,0,106,BODY
Repair Services Agreement.pdf,14,"21.8 Venture or Powerwave will not use, distribute, transfer or transmit any products, software or technical information (even if incorporated into other products) provided",7.5,1,0,172,BODY
Repair Services Agreement.pdf,14,"under this Agreement except in compliance with U.S. export laws and regulations (the “Export Laws”). Venture or Powerwave will not, directly or indirectly, export or re-",7.5,0,0,169,BODY
Repair Services Agreement.pdf,14,export the following items to any country which is in the then current list of prohibited countries specified in the applicable Export Laws: (a) software or technical data,7.5,0,0,171,BODY
Repair Services Agreement.pdf,14,disclosed or provided to the other party; or (b) the direct product of such software or technical data. Venture or Powerwave agrees to promptly inform the other party in writing,7.5,0,0,177,BODY
Repair Services Agreement.pdf,14,of any written authorization issued by the U.S. Department of Commerce office of export licensing to export or re-export any such items referenced in (a) or (b). The,7.5,0,0,165,BODY
Repair Services Agreement.pdf,14,"obligations stated above in this clause will survive the expiration, cancellation or termination of this Agreement or any other related agreement.",7.5,0,0,146,BODY
Repair Services Agreement.pdf,14,"21.9 In the event that either party makes or receives, directly or indirectly, any payments, loans, gifts, favors, or other special considerations or forms of compensation (1) to or",7.5,1,0,181,BODY
Repair Services Agreement.pdf,14,"from the other party, to its employees, other than payments set forth in this Agreement, the Order, or in other contractual agreements between Venture and Powerwave; or (2) to",7.5,0,0,175,BODY
Repair Services Agreement.pdf,14,"or from any third party for the purpose of influencing the performance by Powerwave or Venture of its duties hereunder, then this Agreement may be terminated at the option of",7.5,0,0,174,BODY
Repair Services Agreement.pdf,14,the party after ten (10) days’ written notice to the other party.,7.5,0,0,65,BODY
Repair Services Agreement.pdf,14,"21.10 Before filing any litigation relating to a claim or controversy, Venture and Powerwave will attempt to settle any claim or controversy between them through consultation",7.5,1,0,174,BODY
Repair Services Agreement.pdf,14,"and negotiation in good faith and with a spirit of mutual cooperation. After attempts to resolve a dispute by Venture and Powerwave have failed, before resorting to litigation,",7.5,0,0,176,BODY
Repair Services Agreement.pdf,14,"either party may, upon notice to the other, request that such controversy or claim be referred to the appropriate management personnel of each party for negotiation and",7.5,0,0,168,BODY
Repair Services Agreement.pdf,14,"resolution. If such a request is made, the applicable and appropriate management-level personnel of the parties shall meet in person or by telephone within seven (7) days after",7.5,0,0,176,BODY
Repair Services Agreement.pdf,14,such request and,7.5,0,0,16,BODY
Repair Services Agreement.pdf,14,14,7.5,0,0,2,BODY
Repair Services Agreement.pdf,15,shall review and attempt to negotiate a mutually acceptable resolution of the claim or controversy in dispute. Nothing in this clause shall be construed to preclude any party,7.5,0,0,174,BODY
Repair Services Agreement.pdf,15,from seeking injunctive relief to prevent irreparable harm or to preserve the status quo.,7.5,0,0,89,BODY
Repair Services Agreement.pdf,15,"IN WITNESS WHEREOF, the parties have executed this Agreement on the dates indicated below.",7.5,0,0,90,META
Repair Services Agreement.pdf,15,"Venture: VM Services, Inc. Powerwave Technologies, Inc.",7.5,0,0,55,BODY
Repair Services Agreement.pdf,15,By: /s/ Mark Wettasinghe By:/s/ Ron Buschur,7.5,0,0,43,BODY
Repair Services Agreement.pdf,15,Name Date Name Date,7.5,0,0,19,BODY
Repair Services Agreement.pdf,15,"Title GM. EFS June 26, 2003 Title COO June 26, 2003",7.5,0,0,51,BODY
Repair Services Agreement.pdf,15,Address: Address:,7.5,0,0,17,BODY
Repair Services Agreement.pdf,15,6701 Mowry Ave. 1801 E. St. Andrew Place,7.5,0,0,40,BODY
Repair Services Agreement.pdf,15,"Newark, California 94560 Santa Ana, California 92705",7.5,0,0,52,BODY
Repair Services Agreement.pdf,15,15,7.5,0,0,2,BODY
Repair Services Agreement.pdf,16,Confidential Portions Omitted,7.5,1,0,29,BODY
Repair Services Agreement.pdf,16,Exhibit A—Product Listing,7.5,1,0,25,META
Repair Services Agreement.pdf,16,RMA Code Category Model #,5.77,1,0,25,BODY
Repair Services Agreement.pdf,16,** **,7.5,0,0,5,BODY
Repair Services Agreement.pdf,16,** **,7.5,0,0,5,BODY
Repair Services Agreement.pdf,16,** **,7.5,0,0,5,BODY
Repair Services Agreement.pdf,16,** **,7.5,0,0,5,BODY
Repair Services Agreement.pdf,16,**,7.5,0,0,2,BODY
Repair Services Agreement.pdf,16,** **,7.5,0,0,5,BODY
Repair Services Agreement.pdf,16,** **,7.5,0,0,5,BODY
Repair Services Agreement.pdf,16,** **,7.5,0,0,5,BODY
Repair Services Agreement.pdf,16,**,7.5,0,0,2,BODY
Repair Services Agreement.pdf,16,** **,7.5,0,0,5,BODY
Repair Services Agreement.pdf,16,** **,7.5,0,0,5,BODY
Repair Services Agreement.pdf,16,** **,7.5,0,0,5,BODY
Repair Services Agreement.pdf,16,**,7.5,0,0,2,BODY
Repair Services Agreement.pdf,16,**,7.5,0,0,2,BODY
Repair Services Agreement.pdf,16,**,7.5,0,0,2,BODY
Repair Services Agreement.pdf,16,**,7.5,0,0,2,BODY
Repair Services Agreement.pdf,16,**,7.5,0,0,2,BODY
Repair Services Agreement.pdf,16,**,7.5,0,0,2,BODY
Repair Services Agreement.pdf,16,**,7.5,0,0,2,BODY
Repair Services Agreement.pdf,16,**,7.5,0,0,2,BODY
Repair Services Agreement.pdf,16,**,7.5,0,0,2,BODY
Repair Services Agreement.pdf,16,** **,7.5,0,0,5,BODY
Repair Services Agreement.pdf,16,**,7.5,0,0,2,BODY
Repair Services Agreement.pdf,16,**,7.5,0,0,2,BODY
Repair Services Agreement.pdf,16,**,7.5,0,0,2,BODY
Repair Services Agreement.pdf,16,**,7.5,0,0,2,BODY
Repair Services Agreement.pdf,16,**,7.5,0,0,2,BODY
Repair Services Agreement.pdf,16,**,7.5,0,0,2,BODY
Repair Services Agreement.pdf,16,** **,7.5,0,0,5,BODY
Repair Services Agreement.pdf,16,**,7.5,0,0,2,BODY
Repair Services Agreement.pdf,16,**,7.5,0,0,2,BODY
Repair Services Agreement.pdf,16,**,7.5,0,0,2,BODY
Repair Services Agreement.pdf,16,** **,7.5,0,0,5,BODY
Repair Services Agreement.pdf,17,** **,7.5,0,0,5,BODY
Repair Services Agreement.pdf,17,**,7.5,0,0,2,BODY
Repair Services Agreement.pdf,17,**,7.5,0,0,2,BODY
Repair Services Agreement.pdf,17,** **,7.5,0,0,5,BODY
Repair Services Agreement.pdf,17,** **,7.5,0,0,5,BODY
Repair Services Agreement.pdf,17,** **,7.5,0,0,5,BODY
Repair Services Agreement.pdf,17,** **,7.5,0,0,5,BODY
Repair Services Agreement.pdf,17,** **,7.5,0,0,5,BODY
Repair Services Agreement.pdf,17,**,7.5,0,0,2,BODY
Repair Services Agreement.pdf,17,**,7.5,0,0,2,BODY
Repair Services Agreement.pdf,17,** **,7.5,0,0,5,BODY
Repair Services Agreement.pdf,17,** **,7.5,0,0,5,BODY
Repair Services Agreement.pdf,17,** **,7.5,0,0,5,BODY
Repair Services Agreement.pdf,17,** **,7.5,0,0,5,BODY
Repair Services Agreement.pdf,17,**,7.5,0,0,2,BODY
Repair Services Agreement.pdf,17,**,7.5,0,0,2,BODY
Repair Services Agreement.pdf,17,** **,7.5,0,0,5,BODY
Repair Services Agreement.pdf,18,Exhibit B—Pricing,7.5,1,0,17,META
Repair Services Agreement.pdf,18,See Attached Schedule,7.5,1,0,21,BODY
Repair Services Agreement.pdf,18,CONFIDENTIAL PORTIONS OMITTED : ** INCICATES THAT CONFIDENTIAL PORTIONS ARE OMITTED AND FILED SEPARATELY WITH THE,7.5,1,1,113,BODY
Repair Services Agreement.pdf,18,COMMISSION,7.5,1,1,10,HEADING
Repair Services Agreement.pdf,18,EXHIBIT B—PRICING SCHEDULE,7.5,0,1,26,META
Repair Services Agreement.pdf,18,Cost of Repair,7.5,1,0,14,BODY
Repair Services Agreement.pdf,18,Minutes Minutes Hours (a) (b) 12 months Return Activity,5.77,1,0,55,BODY
Repair Services Agreement.pdf,18,Part To Service Type Tech Time Assy Time Total Time Labor Material Total Annual Cost EXC NWA UPG WAR Total Labour (wt) Material (wt),5.77,1,0,132,BODY
Repair Services Agreement.pdf,18,MCA9129-90 MC 310 30 5.67 ** ** ** ** ** ** ** ** ** ** **,5.77,0,1,58,SECTION
Repair Services Agreement.pdf,18,300331402 MC 310 30 5.67 ** ** ** ** ** ** ** ** ** ** **,5.77,0,1,57,SECTION
Repair Services Agreement.pdf,18,G3S-800-140-030 MC 310 30 5.67 ** ** ** ** ** ** ** ** ** ** **,5.77,0,1,63,SECTION
Repair Services Agreement.pdf,18,NTGY71AB MC 180 30 3.50 ** ** ** ** ** ** ** ** ** ** **,5.77,0,1,56,SECTION
Repair Services Agreement.pdf,18,G3L-2100-28 MC 120 30 2.50 ** ** ** ** ** ** ** ** ** ** **,5.77,0,1,59,SECTION
Repair Services Agreement.pdf,18,NTGY81AB MC 180 30 3.50 ** ** ** ** ** ** ** ** ** ** **,5.77,0,1,56,SECTION
Repair Services Agreement.pdf,18,NTFC07BA MC 310 30 5.67 ** ** ** ** ** ** ** ** ** ** **,5.77,0,1,56,SECTION
Repair Services Agreement.pdf,18,G3L-2100-30 MC 120 30 2.50 ** ** ** ** ** ** ** ** ** ** **,5.77,0,1,59,SECTION
Repair Services Agreement.pdf,18,NTL107AA MC 310 30 5.67 ** ** ** ** ** ** ** ** ** ** **,5.77,0,1,56,SECTION
Repair Services Agreement.pdf,18,G3L-1900-14 MC 120 15 2.25 ** ** ** ** ** ** ** ** ** ** **,5.77,0,1,59,SECTION
Repair Services Agreement.pdf,18,MCR4109-1 MC 90 20 1.83 ** ** ** ** ** ** ** ** ** ** **,5.77,0,1,56,SECTION
Repair Services Agreement.pdf,18,1/KRB-101-1046 MC 310 30 5.67 ** ** ** ** ** ** ** ** ** ** **,5.77,0,1,62,SECTION
Repair Services Agreement.pdf,18,G3S-1900-80 MC 120 30 2.50 ** ** ** ** ** ** ** ** ** ** **,5.77,0,1,59,SECTION
Repair Services Agreement.pdf,18,NTL107AC MC 90 30 2.00 ** ** ** ** ** ** ** ** ** ** **,5.77,0,1,55,SECTION
Repair Services Agreement.pdf,18,MCA9126-40 MC 310 30 5.67 ** ** ** ** ** ** ** ** ** ** **,5.77,0,1,58,SECTION
Repair Services Agreement.pdf,18,MCA9129-60 MC 310 30 5.67 ** ** ** ** ** ** ** ** ** ** **,5.77,0,1,58,SECTION
Repair Services Agreement.pdf,18,Average MC ** ** ** ** ** ** ** **,5.77,1,0,34,BODY
Repair Services Agreement.pdf,18,Weighted** MC Weighted ** **,5.77,1,0,28,BODY
Repair Services Agreement.pdf,18,Average average,5.77,1,0,15,BODY
Repair Services Agreement.pdf,18,MC with mgmt **,5.77,0,0,15,SECTION
Repair Services Agreement.pdf,18,QCPA-1804 SC 60 30 1.50 ** ** ** ** ** ** ** ** ** ** **,5.77,0,1,56,SECTION
Repair Services Agreement.pdf,18,QCPA-0914 SC 60 30 1.50 ** ** ** ** ** ** ** ** ** ** **,5.77,0,1,56,SECTION
Repair Services Agreement.pdf,18,AWP-903A SC 30 30 1.00 ** ** ** ** ** ** ** ** ** ** **,5.77,0,1,55,SECTION
Repair Services Agreement.pdf,18,QCPA-1906 SC 60 30 1.50 ** ** ** ** ** ** ** ** ** ** **,5.77,0,1,56,SECTION
Repair Services Agreement.pdf,18,QCPA-0920 SC 60 30 1.50 ** ** ** ** ** ** ** ** ** ** **,5.77,0,1,56,SECTION
Repair Services Agreement.pdf,18,QCPA-1910 SC 60 30 1.50 ** ** ** ** ** ** ** ** ** ** **,5.77,0,1,56,SECTION
Repair Services Agreement.pdf,18,QCPA-1903 SC 45 20 1.08 ** ** ** ** ** ** ** ** ** ** **,5.77,0,1,56,SECTION
Repair Services Agreement.pdf,18,AWP-903 SC 30 30 1.00 ** ** ** ** ** ** ** ** ** ** **,5.77,0,1,54,SECTION
Repair Services Agreement.pdf,18,Average SC ** ** ** ** ** ** ** **,5.77,1,0,34,BODY
Repair Services Agreement.pdf,18,Weighted ** SC Weighted average** **,5.77,1,0,36,BODY
Repair Services Agreement.pdf,18,Average,5.77,1,0,7,BODY
Repair Services Agreement.pdf,18,SC with mgmt **,5.77,0,0,15,BODY
Repair Services Agreement.pdf,18,MC : SC per unit **,5.77,0,0,19,SECTION
Repair Services Agreement.pdf,18,price ratio,5.77,0,0,11,BODY
Repair Services Agreement.pdf,18,MC : SC per unit **,5.77,0,0,19,SECTION
Repair Services Agreement.pdf,18,price ratio with mgmt,5.77,0,0,21,BODY
Repair Services Agreement.pdf,18,(a) Assumes Powerwave consigns all test equipment,7.5,1,0,49,BODY
Repair Services Agreement.pdf,18,Mgmt Costs Cost Per mth Cost per day Cost per hr Average,5.77,1,0,56,BODY
Repair Services Agreement.pdf,18,Mgr ** ** **,7.5,0,0,12,BODY
Repair Services Agreement.pdf,18,Engr ** ** **,7.5,0,0,13,BODY
Repair Services Agreement.pdf,18,Fin/HR ** ** **,7.5,0,0,15,BODY
Repair Services Agreement.pdf,18,Planning ** ** **,7.5,0,0,17,BODY
Repair Services Agreement.pdf,18,** ** **,7.5,0,0,8,BODY
Repair Services Agreement.pdf,18,**,7.5,0,0,2,BODY
Repair Services Agreement.pdf,18,# of people cost Cost per day (8 hrs) Cost per mth (22 days) 30% burden TOTAL mthly TOTAL yrly,5.77,1,0,94,BODY
Repair Services Agreement.pdf,18,Tech ** ** ** ** ** ** **,7.5,0,0,25,BODY
Repair Services Agreement.pdf,18,Assem ** ** ** ** ** ** **,7.5,0,0,26,BODY
Repair Services Agreement.pdf,18,** ** ** ** **,7.5,0,0,14,BODY
Repair Services Agreement.pdf,18,Mgmt ** **,7.5,0,0,10,BODY
Repair Services Agreement.pdf,18,Corporate alloc ** **,7.5,0,0,21,BODY
Repair Services Agreement.pdf,18,TOTAL ** **,7.5,0,1,11,SECTION
Repair Services Agreement.pdf,18,profit **% ** **,7.5,0,0,16,BODY
Repair Services Agreement.pdf,18,** **,7.5,0,0,5,BODY
Repair Services Agreement.pdf,18,Annual Volumes Mthly Volumes,5.77,1,0,28,BODY
Repair Services Agreement.pdf,18,Multi Channel ** **,7.5,0,0,19,BODY
Repair Services Agreement.pdf,18,Single Channel ** **,7.5,0,0,20,BODY
Repair Services Agreement.pdf,18,Average price per unit ** **,7.5,0,0,28,BODY
Repair Services Agreement.pdf,18,"NOTE : Powerwave tends to use ** as the annual volumes, instead of the above annual volumes.",7.5,0,0,92,BODY
Repair Services Agreement.pdf,18,Vol Price Per Unit,5.77,1,0,18,BODY
Repair Services Agreement.pdf,18,** ** **,7.5,0,0,8,BODY
Repair Services Agreement.pdf,18,** ** **,7.5,0,0,8,BODY
Repair Services Agreement.pdf,18,Annualised cost **,7.5,0,0,18,BODY
Repair Services Agreement.pdf,18,"For MC, Powerwave will pay Venture ** per unit of a multi-carrier unit",7.5,0,0,70,BODY
Repair Services Agreement.pdf,18,"For SC, Powerwave will pay Venture ** per unit of a single-carrier unit",7.5,0,0,71,BODY
Repair Services Agreement.pdf,19,Assumptions,7.5,1,0,11,BODY
Repair Services Agreement.pdf,19,The above calculations have been based on ** units per year.,7.5,0,0,60,BODY
Repair Services Agreement.pdf,19,"First 90 days breakeven, after 90-120 days, rvw cycle time, headcount, etc....",7.5,0,0,78,BODY
Repair Services Agreement.pdf,19,IT not included yet,7.5,0,0,19,BODY
Repair Services Agreement.pdf,19,"Cost of space, utilities, facilities, building costs, etc… are not included.",7.5,0,0,76,BODY
Repair Services Agreement.pdf,19,Cost of equipment support and calibration not included,7.5,0,0,54,BODY
Repair Services Agreement.pdf,19,"Insurance for equipment, facilities, site, etc… are not included.",7.5,0,0,65,BODY
Repair Services Agreement.pdf,19,"Efficiencies due to equipment downtime, change overs, NPIs, training, etc… have not been included.",7.5,0,0,98,BODY
Repair Services Agreement.pdf,19,Assumption is that the cycle times are reflective of the actual repair times that Powerwave has given.,7.5,0,0,102,BODY
Repair Services Agreement.pdf,19,Venture will have the option to review and negotiate the prices in 90 days,7.5,0,0,74,BODY
Repair Services Agreement.pdf,19,Purchasing and procurement is not include. There is no purchasing of anything included. It’s purely headcount.,7.5,0,0,110,BODY
Repair Services Agreement.pdf,19,All prices are in US$,7.5,0,0,21,BODY
Repair Services Agreement.pdf,19,18,7.5,0,0,2,BODY
Repair Services Agreement.pdf,20,Exhibit C—Scope of Work,7.5,1,0,23,META
Repair Services Agreement.pdf,20,POWERWAVE/VENTURE RMA - SCOPE OF WORK,7.5,1,1,37,HEADING
Repair Services Agreement.pdf,20,"Pursuant to this Scope of Work and the terms of the attached Repair Services Agreement, POWERWAVE engages VENTURE to perform “repair” of Power Amplifiers returned",7.5,0,0,162,BODY
Repair Services Agreement.pdf,20,"from the North America and Eurpoean market regions through the POWERWAVE RMA system. For this Scope of Work, repair generally is defined as the operation of",7.5,0,0,156,BODY
Repair Services Agreement.pdf,20,"transforming defective POWERWAVE POWER AMPLIFIER Products into functional amplifiers for use as replacements or for resale. This operation includes, but is not",7.5,0,0,159,BODY
Repair Services Agreement.pdf,20,"limited to; receipt and exchange of defective material, root cause analysis to the component level, testing, final configuration, labelling, packaging, and shipment. The following",7.5,0,0,179,BODY
Repair Services Agreement.pdf,20,sections describe the functions to be performed by the respective companies in accordance with this Schedule.,7.5,0,0,109,BODY
Repair Services Agreement.pdf,20,1. Products: VENTURE will assume the repair activities of power amplifier products manufactured by POWERWAVE and returned from the North American and Europe,7.5,1,0,156,SECTION
Repair Services Agreement.pdf,20,regions as well as Asia if the product was manufactured by POWERWAVE in the United States. Power amplifier products will be repaired by VENTURE approximately,7.5,0,0,157,BODY
Repair Services Agreement.pdf,20,1-3 months after start of POWERWAVE volume production (see New Product Introduction Section).,7.5,0,0,93,BODY
Repair Services Agreement.pdf,20,"2. Facility and Personnel: Over time, VENTURE will assume all management responsibility for the existing POWERWAVE Customer Service Center (CSC) Operation",7.5,1,0,154,SECTION
Repair Services Agreement.pdf,20,"located in Santa Ana California. Intitially, POWERWAVE will retain the call center function (i.e. customers will call POWERWAVE and obtain RMA numbers).",7.5,0,0,152,BODY
Repair Services Agreement.pdf,20,"Ultimately POWERWAVE desires VENTURE to perform this function as well. The timing of this transition is dependent on the resolution of logistics, IT and systems",7.5,0,0,160,BODY
Repair Services Agreement.pdf,20,issues. VENTURE will offer employment to selected direct labor and indirect support personnel at POWERWAVE found to be fit for the job.,7.5,0,0,135,BODY
Repair Services Agreement.pdf,20,"3. Equipment: POWERWAVE will identify the equipment necessary to perform the repair services. This equipment will be provided to VENTURE, on a consignment",7.5,1,0,154,SECTION
Repair Services Agreement.pdf,20,basis. POWERWAVE will provide all support for calibration and maintenance of the equipment.,7.5,0,0,91,BODY
Repair Services Agreement.pdf,20,4. Omitted .,7.5,1,0,12,SECTION
Repair Services Agreement.pdf,20,5. Process Flow: VENTURE shall test and repair Products in accordance with procedures used by POWERWAVE. Deviations from the process must be approved in,7.5,1,0,152,SECTION
Repair Services Agreement.pdf,20,writing by POWERWAVE.,7.5,0,0,21,BODY
Repair Services Agreement.pdf,20,"6. Unique Customer Requirements: VENTURE will abide by all documented Approved Vendor Lists (AVL), and configuration requirements for each POWERWAVE",7.5,1,0,148,SECTION
Repair Services Agreement.pdf,20,part number in the repair operation. Various specification requirements exist for each POWERWAVE part number that will be provided to VENTURE via a Quality,7.5,0,0,155,BODY
Repair Services Agreement.pdf,20,"Management Plan. Specific assembly, test and firmware requirements exist for each amplifier. POWERWAVE will provide the Operational Method Sheets (OMS),",7.5,0,0,152,BODY
Repair Services Agreement.pdf,20,"schematics and test code for each product type to be repaired. Any deviations from the OMS, schematics, test code, Bill of Material or AVL, must be approved and",7.5,0,0,160,BODY
Repair Services Agreement.pdf,20,authorized by POWERWAVE prior to implementation.,7.5,0,0,48,BODY
Repair Services Agreement.pdf,20,19,7.5,0,0,2,BODY
Repair Services Agreement.pdf,21,7. Quality and Reliability: VENTURE will report quality results to POWERWAVE via an agreed-upon system that will provide daily information. This reporting will,7.5,1,0,159,SECTION
Repair Services Agreement.pdf,21,"include average TAT (turn around time—10 business days maximum), % of units with no defect found, final test data results by unit, root cause analysis results to sub-",7.5,0,0,166,BODY
Repair Services Agreement.pdf,21,"assembly and component level by unit and final inspection results. POWERWAVE will provide specific criteria, along with the RMA process flow to be used. All",7.5,0,0,156,BODY
Repair Services Agreement.pdf,21,"reliability and laboratory testing required by POWERWAVE will be supported by the reliability and failure analysis labs located in POWERWAVE’s Santa Ana,",7.5,0,0,153,BODY
Repair Services Agreement.pdf,21,California facility. Second time returns for repaired material will be monitored and reported by POWERWAVE.,7.5,0,0,107,BODY
Repair Services Agreement.pdf,21,"8. Logistics Support: During Phase II (as defined in the attached Repair Services Agreement), VENTURE will be responsible for RMA Logistics Processing activities,",7.5,1,0,162,SECTION
Repair Services Agreement.pdf,21,"including: Receiving, planning, packaging, shipping and discrepancy resolution for POWERWAVE. The level of logistical support will depend on the facility location",7.5,0,0,162,BODY
Repair Services Agreement.pdf,21,"that VENTURE selects to operate the Customer Service Center (CSC). If the CSC resides in POWERWAVE’S facility, POWERWAVE will be responsible for dock",7.5,0,0,149,BODY
Repair Services Agreement.pdf,21,"management including physical receipt from carriers and outbound shipment processing. In addition, during the initial phase, POWERWAVE will be responsible for the",7.5,0,0,162,BODY
Repair Services Agreement.pdf,21,"inventory management of Finished Goods “exchange” units and current raw material to support the CSC. Under this scenario, POWERWVE will be responsible for the",7.5,0,0,158,BODY
Repair Services Agreement.pdf,21,delivery of raw materials (material requisition) and RMA products to a VENTURE representative. VENTURE will be responsible for the transfer of repaired RMA units,7.5,0,0,161,BODY
Repair Services Agreement.pdf,21,"to the POWERWAVE representative. If VENTURE elects to operate the CSC out of its existing facility, VENTURE will be responsible for physical receipts, some",7.5,0,0,155,BODY
Repair Services Agreement.pdf,21,"inventory management and outbound shipments. Under this scenario, a systems solution must be implemented that will allow the VENTURE and POWERWVE ERP",7.5,0,0,149,BODY
Repair Services Agreement.pdf,21,systems to collaborate. It is assumed that the logistical support plan will be implemented in phases as necessary with the objective of total optimization of resources.,7.5,0,0,168,BODY
Repair Services Agreement.pdf,21,"9. Supplier Management and Material Planning: Quarterly, POWERWAVE and VENTURE will jointly develop and agree on forecasts of expected warranty and non-",7.5,1,0,152,SECTION
Repair Services Agreement.pdf,21,"warranty returns for each POWERWAVE model. Based on this forecast, VENTURE will plan and schedule all materials required for repair. During the initial phase,",7.5,0,0,158,BODY
Repair Services Agreement.pdf,21,POWERWAVE has the responsibility for negotiating with suppliers on pricing and schedule for availability. Only authorized POWERWAVE suppliers and part numbers,7.5,0,0,158,BODY
Repair Services Agreement.pdf,21,"may be used in the repair. POWERWAVE will provide to VENTURE all AVL suppliers and part numbers. If shortages occur due to availability of materials, VENTURE",7.5,0,0,157,BODY
Repair Services Agreement.pdf,21,"may, with approval from POWERWAVE, qualify alternate suppliers for use. The scope of qualification activities and POWERWAVE support responsibilities will be",7.5,0,0,156,BODY
Repair Services Agreement.pdf,21,"agreed prior to the start of any qualification activities. In the second phase, VENTURE will take over the responsibility for acquiring materials.",7.5,0,0,146,BODY
Repair Services Agreement.pdf,21,"10. Engineering Support: VENTURE will provide direct engineering support of the service operations and assume compliance to all existing POWERWAVE processes,",7.5,1,0,157,SECTION
Repair Services Agreement.pdf,21,"tests, and product specifications that has been defined, documented and provided to VENTURE. This includes, but is not limited to, tester software qualification and",7.5,0,0,164,BODY
Repair Services Agreement.pdf,21,"control test equipment calibration, tooling, fixtures, process support, yield improvements, process enhancements, disposition accuracy, and material utilization",7.5,0,0,160,BODY
Repair Services Agreement.pdf,21,"improvement. Direct support for the repair operations may require expertise or skills that exist only within POWERWAVE. Issues with supplier quality, technical",7.5,0,0,159,BODY
Repair Services Agreement.pdf,21,"questions, training, reliability testing, test software improvements and firmware changes may require direct POWERWAVE personnel support. POWERWAVE will",7.5,0,0,152,BODY
Repair Services Agreement.pdf,21,provide a contact and procedure for,7.5,0,0,35,BODY
Repair Services Agreement.pdf,21,20,7.5,0,0,2,BODY
Repair Services Agreement.pdf,22,"requesting assistance, and will expedite the support necessary, assign and manage resources, and facilitate delivery of information and/or systems. In addition,",7.5,0,0,160,BODY
Repair Services Agreement.pdf,22,"POWERWAVE will provide resources, as needed, to achieve successful repair at the required output (e.g. material usage beyond cost targets, specific yield issues",7.5,0,0,160,BODY
Repair Services Agreement.pdf,22,"requiring POWERWAVE technical expertise, and tester design support, training, etc.).",7.5,0,0,84,BODY
Repair Services Agreement.pdf,22,"11. New Product Introduction: At the time of new product transfer to its selected production site, POWERWAVE will deliver data packages outlining the repair",7.5,1,0,156,SECTION
Repair Services Agreement.pdf,22,"requirements to VENTURE for review. A list of all applicable equipment (and availability), process descriptions, tester and product codes, technical manuals, BOM’s,",7.5,0,0,164,BODY
Repair Services Agreement.pdf,22,"complete manufacturing documentation trees, and names of engineers responsible for working with VENTURE on the transfer of new products, will be included. In",7.5,0,0,157,BODY
Repair Services Agreement.pdf,22,"addition, a plan for process maturity test (PMT) requirements will be developed and signed by both parties. VENTURE will choose a team of engineers and/or",7.5,0,0,154,META
Repair Services Agreement.pdf,22,"technicians responsible for transfer and qualification of the repair process for these new products. If applicable, VENTURE may send personnel to the POWERWAVE",7.5,0,0,159,BODY
Repair Services Agreement.pdf,22,prime factory for training and/or request that POWERWAVE provide training in the VENTURE repair facility (facilitated by an assigned POWERWAVE liaison). Upon,7.5,0,0,157,BODY
Repair Services Agreement.pdf,22,"successful completion of new product transfer and qualification of process as outlined in the PMT agreement, a formal buy-off document will be signed by both parties.",7.5,0,0,166,META
Repair Services Agreement.pdf,22,"At that point, VENTURE will assume full ownership of repair for these new products (POWERWAVE will continue to provide prime engineering support until buy-off).",7.5,0,0,160,BODY
Repair Services Agreement.pdf,22,"12. IT Systems and Support: The IT infrastructure, systems and processes will remain as they currently exist, utilizing ROI Manage-2000 to capture repair and testing data",7.5,1,0,170,SECTION
Repair Services Agreement.pdf,22,throughout the RMA process (see “VENTURERMAFlow.doc”).,7.5,0,0,54,BODY
Repair Services Agreement.pdf,22,13. VENTURE plans to incorporate its own systems into the repair operation. A mutually agreed upon schedule and system requirements document will be developed to,7.5,1,0,161,SECTION
Repair Services Agreement.pdf,22,"accomplish this task. If POWERWAVE direct assistance is necessary, a negotiated agreement between the two parties will be developed. All other VENTURE IT systems",7.5,0,0,161,BODY
Repair Services Agreement.pdf,22,"(Glovia, Email, Internet, Intranet, phones, MS Office, etc.) will be controlled and maintained by VENTURE as well as hardware physically located within the",7.5,0,0,155,BODY
Repair Services Agreement.pdf,22,VENTURE facility.,7.5,0,0,17,BODY
Repair Services Agreement.pdf,22,"14. ISO 9002 Certification: Within 18 months after the execution of the Repair Services Agreement, VENTURE will be required to obtain and maintain ISO 9002 and TL",7.5,1,0,162,SECTION
Repair Services Agreement.pdf,22,"9000 certification for the repair facility. Documentation and quality procedures, currently in place within POWERWAVE, shall be made available to VENTURE for this",7.5,0,0,162,BODY
Repair Services Agreement.pdf,22,"effort. These POWERWAVE processes and documents are for reference and not necessarily required for a VENTURE-owned overall quality system. If desired,",7.5,0,0,150,BODY
Repair Services Agreement.pdf,22,VENTURE may incorporate current POWERWAVE systems.,7.5,0,0,50,BODY
Repair Services Agreement.pdf,22,15. Hazard Insurance and Disaster Recovery: VENTURE shall provide POWERWAVE with a copy of their disaster recovery plan for review and will carry general,7.5,1,0,153,SECTION
Repair Services Agreement.pdf,22,"liability, Workers Compensation, and other customary insurance coverage.",7.5,0,0,72,BODY
Repair Services Agreement.pdf,22,"16. No Offers of Employment: During the term of this agreement, neither party shall solicit for the purpose of employment the other parties’ employees without the other",7.5,1,0,168,SECTION
Repair Services Agreement.pdf,22,parties written consent. For the purposes of this agreement “solicit does not mean general solicitations of employment,7.5,0,0,118,BODY
Repair Services Agreement.pdf,22,21,7.5,0,0,2,BODY
Repair Services Agreement.pdf,23,"not specifically directed towards the other parties employees such as advertisements, nor shall it mean making an offer of employment to a person who has sought",7.5,0,0,160,BODY
Repair Services Agreement.pdf,23,"employment from one of the parties if there has been no prior suggestion by such party, or who responds to a general solicitation.",7.5,0,0,130,BODY
Repair Services Agreement.pdf,23,"17. Regulatory Agency Approvals: POWERWAVE will be responsible for all regulatory approvals for POWERWAVE labelled ‘Repaired Product’ including UL, TUV,",7.5,1,0,152,SECTION
Repair Services Agreement.pdf,23,"FCC, Anatel and CE mark.",7.5,0,0,24,BODY
Repair Services Agreement.pdf,23,"18. Service Level Agreements: Detailed procedures, outlining roles and responsibilities for both POWERWAVE and VENTURE will be developed and agreed for the",7.5,1,0,155,SECTION
Repair Services Agreement.pdf,23,following:,7.5,0,0,10,BODY
Repair Services Agreement.pdf,23,• IT Support: POWERWAVE systems and roadmap for incorporation of VENTURE systems (Oracle/Glovia). Joint team development for information sharing,7.5,0,0,144,BODY
Repair Services Agreement.pdf,23,between VENTURE and POWERWAVE IT personnel for transition of the current POWERWAVE systems and databases to VENTURE.,7.5,0,0,116,BODY
Repair Services Agreement.pdf,23,• Logistics Support: Team to define roles and responsibilities for all logistical system management.,7.5,0,0,100,BODY
Repair Services Agreement.pdf,23,"• Financial Systems: All financial information will remain within POWERWAVE’s current ERP system. On a monthly basis, POWERWAVE will run a self-billing",7.5,0,0,151,BODY
Repair Services Agreement.pdf,23,report to VENTURE for services rendered in connection with all completed repairs.,7.5,0,0,81,BODY
Repair Services Agreement.pdf,23,"• Materials Support: Purchasing, pricing, supplier management, warranty agreements, EOL buys for repair, etc. Full planning and purchasing support for material",7.5,0,0,159,BODY
Repair Services Agreement.pdf,23,transfer from prime production to CSC (excess at prime production EOL,7.5,0,0,69,BODY
Repair Services Agreement.pdf,23,• VENTURE Communication and Escalation Process,7.5,0,0,46,BODY
Repair Services Agreement.pdf,23,"• Engineering support. Training, technical exchanges, stop order and ECO approval and/or notification process. NPI. Supplier Quality Engineering support when",7.5,0,0,157,BODY
Repair Services Agreement.pdf,23,material no longer available or issue exists with quality of delivered material.,7.5,0,0,80,BODY
Repair Services Agreement.pdf,23,"• Reliability testing—Requirements, roles and responsibilities, reporting format and frequency.",7.5,0,0,95,BODY
Repair Services Agreement.pdf,23,• Analytical; Services Lab Support,7.5,0,0,34,BODY
Repair Services Agreement.pdf,23,"• Test and Debug Code Development. Tools, training, special test suites and/or sequences, script modification, and training.",7.5,0,0,124,BODY
Repair Services Agreement.pdf,23,• Firmware Code Development,7.5,0,0,27,BODY
Repair Services Agreement.pdf,23,• Training and technical exchanges.,7.5,0,0,35,BODY
Repair Services Agreement.pdf,23,• Stop Order / ECO Approval and/or Notification Process.,7.5,0,0,56,BODY
Repair Services Agreement.pdf,23,• NPI,7.5,0,1,5,SECTION
Repair Services Agreement.pdf,23,• Supplier Quality Engineering support when material no longer available or issue exists with quality of parts.,7.5,0,0,111,BODY
Repair Services Agreement.pdf,23,• IQA (Incoming Quality Assurance). Use of existing POWERWAVE source inspection processes and procedures at the supplier sites.,7.5,0,0,127,BODY
Repair Services Agreement.pdf,23,22,7.5,0,0,2,BODY
Repair Services Agreement.pdf,24,"19. Inventory Management: During the implementation phase, POWERWAVE will assume all management responsibility for Finished Goods Inventory (RMA, Exchange",7.5,1,0,154,SECTION
Repair Services Agreement.pdf,24,"/ Swap, Refurb, Products), provide forecasts for demand and mix to the repair facility, develop schedule (MPS) to support POWERWAVE demand, and manage upgrades",7.5,0,0,159,BODY
Repair Services Agreement.pdf,24,and substitution matrices. VENTURE will be responsible for the procurement of new raw material requirements (not in existing POWERWAVE inventory). Inventory,7.5,0,0,156,BODY
Repair Services Agreement.pdf,24,management will be implemented in phases as necessary with the objective of total optimization of resources.,7.5,0,0,108,BODY
Repair Services Agreement.pdf,24,20. Performance Metrics for Repair Facility:,7.5,1,0,44,SECTION
Repair Services Agreement.pdf,24,• VENTURE:,7.5,0,1,10,SECTION
Repair Services Agreement.pdf,24,• Turn-Around Time (TAT): 10 business day repair requirement,7.5,0,0,60,BODY
Repair Services Agreement.pdf,24,• Cost Of Repair: VENTURE to develop metrics to reduce repair costs.,7.5,0,0,68,BODY
Repair Services Agreement.pdf,24,• RMA Inventory: Set targets for maximum inventory on hand.,7.5,0,0,59,BODY
Repair Services Agreement.pdf,24,• Second Time Technical Return Rate: Metric to be baselined at current levels calculated from the POWERWAVE ROI database by product.,7.5,0,0,132,BODY
Repair Services Agreement.pdf,24,• Percentage of No Fault Found (NFF) units.,7.5,0,0,43,BODY
Repair Services Agreement.pdf,24,• POWERWAVE:,7.5,0,1,12,SECTION
Repair Services Agreement.pdf,24,• Return rate calculations by product,7.5,0,0,37,BODY
Repair Services Agreement.pdf,24,• Corrective actions to VENTURE identified root cause analyses,7.5,0,0,62,BODY
Repair Services Agreement.pdf,24,Note: Measurement baselines and improvement % will be mutually agreed upon prior to the facility transfer.,7.5,0,0,106,BODY
Repair Services Agreement.pdf,24,23,7.5,0,0,2,BODY
Repair Services Agreement.pdf,25,Exhibit D—Employees,7.5,1,0,19,META
Repair Services Agreement.pdf,25,"TRINH, HOANG",7.5,0,1,12,HEADING
Repair Services Agreement.pdf,25,"COLEMAN, PATRICK",7.5,0,1,16,HEADING
Repair Services Agreement.pdf,25,"LE, DAVID",7.5,0,1,9,HEADING
Repair Services Agreement.pdf,25,"DELGADO, OMAR",7.5,0,1,13,HEADING
Repair Services Agreement.pdf,25,"ESQUIVEL, ROMULO",7.5,0,1,16,HEADING
Repair Services Agreement.pdf,25,"FAVELA, RUBEN",7.5,0,1,13,HEADING
Repair Services Agreement.pdf,25,"FRANQUEZ, DAVID JR.",7.5,0,1,19,HEADING
Repair Services Agreement.pdf,25,"HO, VAN",7.5,0,1,7,HEADING
Repair Services Agreement.pdf,25,"HUYNH, THAO",7.5,0,1,11,HEADING
Repair Services Agreement.pdf,25,"JUANICO, JULIUS",7.5,0,1,15,HEADING
Repair Services Agreement.pdf,25,"JIMENEZ, SERGIO JR.",7.5,0,1,19,HEADING
Repair Services Agreement.pdf,25,"DOAN, CHAU",7.5,0,1,10,HEADING
Repair Services Agreement.pdf,25,"HATOORI, JUAN",7.5,0,1,13,HEADING
Repair Services Agreement.pdf,25,"HERNANDEZ, ROGELIO",7.5,0,1,18,HEADING
Repair Services Agreement.pdf,25,"HO, FRANCIS",7.5,0,1,11,HEADING
Repair Services Agreement.pdf,25,"THONGDONNOI, NAWAPOL",7.5,0,1,20,HEADING
Repair Services Agreement.pdf,25,"NGUYEN, TUONG",7.5,0,1,13,HEADING
Repair Services Agreement.pdf,25,"NGUYEN, THU-VAN",7.5,0,1,15,HEADING
Repair Services Agreement.pdf,25,"NGUYEN, SONNY",7.5,0,1,13,HEADING
Repair Services Agreement.pdf,25,"NGUYEN, NHAN",7.5,0,1,12,HEADING
Repair Services Agreement.pdf,25,"NGUYEN, JOHN",7.5,0,1,12,HEADING
Repair Services Agreement.pdf,25,"NGUYEN, HOANG",7.5,0,1,13,HEADING
Repair Services Agreement.pdf,25,"LE, KIM VAN",7.5,0,1,11,HEADING
Repair Services Agreement.pdf,25,"PATEL, MITESH",7.5,0,1,13,HEADING
Repair Services Agreement.pdf,25,"NGUYEN, TRACY TRANG",7.5,0,1,19,HEADING
Repair Services Agreement.pdf,25,"NGUYEN, THAO",7.5,0,1,12,HEADING
Repair Services Agreement.pdf,25,"NGUYEN, LIEM",7.5,0,1,12,HEADING
Repair Services Agreement.pdf,25,"NGUYEN, JOHNATHON",7.5,0,1,17,HEADING
Repair Services Agreement.pdf,25,"NGUYEN, CINDY",7.5,0,1,13,HEADING
Repair Services Agreement.pdf,25,"LE, NHA",7.5,0,1,7,HEADING
Repair Services Agreement.pdf,25,"LE, HINH PHAN VAN",7.5,0,1,17,HEADING
Repair Services Agreement.pdf,25,"WANG, EDWARD",7.5,0,1,12,HEADING
Repair Services Agreement.pdf,25,"VU, PHUONG",7.5,0,1,10,HEADING
Repair Services Agreement.pdf,25,"VU, LUCY",7.5,0,1,8,HEADING
Repair Services Agreement.pdf,25,"VU, ANTHONY",7.5,0,1,11,HEADING
Repair Services Agreement.pdf,25,"VO, TUNG",7.5,0,1,8,HEADING
Repair Services Agreement.pdf,25,"VO, THONG THIEN",7.5,0,1,15,HEADING
Repair Services Agreement.pdf,25,"TRAN, KIM-LOAN T.",7.5,0,1,17,HEADING
Repair Services Agreement.pdf,25,"TRAN, HAU",7.5,0,1,9,HEADING
Repair Services Agreement.pdf,25,"TRINH, VINH T.",7.5,0,1,14,HEADING
Repair Services Agreement.pdf,25,"TOVAR, SANDRA",7.5,0,1,13,HEADING
Repair Services Agreement.pdf,25,"STRAHSBURG, SCOTT",7.5,0,1,17,HEADING
Repair Services Agreement.pdf,25,"SEGOVIA, ARTURO JR.",7.5,0,1,19,HEADING
Repair Services Agreement.pdf,25,"PEREZ, MIGUEL",7.5,0,1,13,HEADING
Repair Services Agreement.pdf,25,24,7.5,0,0,2,BODY
Repair Services Agreement.pdf,26,Exhibit E—Description/Diagram of Space,7.5,1,0,38,META
Repair Services Agreement.pdf,26,25,7.5,0,0,2,BODY
Repair Services Agreement.pdf,27,Exhibit F—Consigned Equipment,7.5,1,0,29,META
Repair Services Agreement.pdf,27,CAJUN LCR LGC,5.77,1,1,13,HEADING
Repair Services Agreement.pdf,27,PWAV PWAV PWAV,5.77,1,1,14,HEADING
Repair Services Agreement.pdf,27,EQUIP. ATE S/N ASSET# EQUIP. ATE S/N ASSET# EQUIP. ATE S/N ASSET#,5.77,1,1,65,SECTION
Repair Services Agreement.pdf,27,"T-S, Final",7.5,0,0,10,BODY
Repair Services Agreement.pdf,27,Main Pallet 2266 23098 LCR ALIGNMENT 2254 20167 Ambient 2240 16994,7.5,0,0,66,BODY
Repair Services Agreement.pdf,27,"PWR 020127,",7.5,0,1,11,HEADING
Repair Services Agreement.pdf,27,"Gain/ Phase station— ALIGNMENT 2256, 2255, 020128,",7.5,0,0,50,BODY
Repair Services Agreement.pdf,27,Manual CAJ.A.3119 T/S—Final ATE 2260 20062 (MANUAL) 2214 020126,7.5,0,0,63,BODY
Repair Services Agreement.pdf,27,Error / Driver Mod RMA.T.2269 23089 REWORK BENCH N/A REWORK BENCH,7.5,0,0,65,BODY
Repair Services Agreement.pdf,27,Initial power check-,7.5,0,0,20,BODY
Repair Services Agreement.pdf,27,Manual T-S station RMA.T.2265 21525 ICQ Balancing 2250 20123 RF Alignment 2258 20066,7.5,0,0,84,BODY
Repair Services Agreement.pdf,27,Initial power check/ 52,7.5,0,0,23,BODY
Repair Services Agreement.pdf,27,deg test—FINAL ATE 2264 23361 RF Alignment 2230 20125 Burn-in #10,7.5,0,0,65,BODY
Repair Services Agreement.pdf,27,"DC coverter check, Final",7.5,0,0,24,SECTION
Repair Services Agreement.pdf,27,"switch check / Ambient(Ambient, 020166,",7.5,0,0,39,BODY
Repair Services Agreement.pdf,27,Rework ASSY N/A N/A Burn-in (RACK) RACK cold & hot) 2259 2215 016990,7.5,0,0,68,BODY
Repair Services Agreement.pdf,27,PRE HEAT OVEN N/A 6008 Final Ambient 2260 20062 Post Final 2263 16997,7.5,0,0,69,BODY
Repair Services Agreement.pdf,27,"Final Test, down load",7.5,0,0,21,BODY
Repair Services Agreement.pdf,27,"firmware, label,",7.5,0,0,16,BODY
Repair Services Agreement.pdf,27,flight recorder—inv,7.5,0,0,19,BODY
Repair Services Agreement.pdf,27,data(82,7.5,0,0,7,BODY
Repair Services Agreement.pdf,27,& 10dB) 2267 23100 Post Final 2263 16997 FINAL ASSY N/A N/A,7.5,0,0,59,BODY
Repair Services Agreement.pdf,27,100 % Inspection N/A N/A FINAL ASSY N/A N/A Label machine N/A 18450,7.5,0,0,67,BODY
Repair Services Agreement.pdf,27,B.I (RACK) N/A CHILLER N/A 10740 Label computer N/A 4378,7.5,0,0,56,BODY
Repair Services Agreement.pdf,27,(HASA test to,7.5,0,0,13,BODY
Repair Services Agreement.pdf,27,done temporarily,7.5,0,0,16,BODY
Repair Services Agreement.pdf,27,HASA Test / on upgrade unit IN-COMING,7.5,0,0,37,BODY
Repair Services Agreement.pdf,27,Chamber only) Label machine N/A 12614 RACK QTY.1 N/A,7.5,0,0,52,BODY
Repair Services Agreement.pdf,27,Final Test 2268 23079 Label computer N/A 5816 IP RACK QTY.1 N/A,7.5,0,0,63,BODY
Repair Services Agreement.pdf,27,Final Assy. / 100% OUTGOING,7.5,0,0,27,BODY
Repair Services Agreement.pdf,27,inspection QTY.1 N/A IN-COMING RACK QTY.1 N/A RACK QTY.1 N/A,7.5,0,0,60,BODY
Repair Services Agreement.pdf,27,Label machine N/A N/A IP RACK QTY.1 N/A,7.5,0,0,39,BODY
Repair Services Agreement.pdf,27,IN-COMING RACK QTY.1 N/A OUTGOING RACK QTY.1 N/A,7.5,0,1,48,SECTION
Repair Services Agreement.pdf,27,IP RACK QTY.1 N/A,7.5,0,1,17,HEADING
Repair Services Agreement.pdf,27,OUTGOING RACK QTY.1 N/A,7.5,0,1,23,HEADING
Repair Services Agreement.pdf,27,YOSEMITE LINEAR TURBO,5.77,1,1,21,HEADING
Repair Services Agreement.pdf,27,PWAV PWAV PWAV,5.77,1,1,14,HEADING
Repair Services Agreement.pdf,27,EQUIP. ATE S/N ASSET# EQUIP. ATE S/N ASSET# EQUIP. ATE S/N ASSET#,5.77,1,1,65,SECTION
Repair Services Agreement.pdf,27,T-S/ Final Main Amp ATE-,7.5,0,0,24,BODY
Repair Services Agreement.pdf,27,(Ambient) Test 2261 20063 PRE D TEST LIN.A..244 N/A PWR Mod 4602 233382,7.5,0,0,71,BODY
Repair Services Agreement.pdf,27,Pallet Alignment MAIN/ ERROR/ ERROR/,7.5,0,0,36,BODY
Repair Services Agreement.pdf,27,2252 23092 DRIVER TEST LIN.T.163 21504 DRIVER TEST LIN.T.4613 21155,7.5,0,1,67,SECTION
Repair Services Agreement.pdf,27,Troubleshootstation/4-8,7.5,0,0,23,BODY
Repair Services Agreement.pdf,27,RF Alignment 2253 20076 T-S BENCH LIN.T.211 tones LIN.T.4642,7.5,0,0,60,BODY
Repair Services Agreement.pdf,27,REWORK N/A N/A REWORK BENCH N/A REWORK BENCH N/A,7.5,0,1,48,SECTION
Repair Services Agreement.pdf,27,"FF 1ST, 2ND",7.5,0,1,11,HEADING
Repair Services Agreement.pdf,27,"LOOP, 4/8 2ND LOOP/ 1st",7.5,0,0,23,BODY
Repair Services Agreement.pdf,27,Burn-in Rack TONE TEST SEA.A.4513 loop LIN.T.4611,7.5,0,0,49,BODY
Repair Services Agreement.pdf,27,Final (Ambient) Test PRE TEST /,7.5,0,0,31,BODY
Repair Services Agreement.pdf,27,2261 20063 FINAL TEST LIN.T.103 pre test TBD,7.5,0,0,44,BODY
Repair Services Agreement.pdf,27,Post Final 2263 16997 FINAL TEST LIN.T.117 N/A FINAL ATE TBD,7.5,0,0,60,BODY
Repair Services Agreement.pdf,27,FINAL ASSY N/A N/A ATE TBD PAF TBD,7.5,0,1,34,HEADING
Repair Services Agreement.pdf,27,CHILLER N/A 10740 B.I RACK#22 B.I #30,7.5,0,1,37,SECTION
Repair Services Agreement.pdf,27,"SONY SCREW MACHINE 0150030,",7.5,0,1,27,HEADING
Repair Services Agreement.pdf,27,N/A 0230047 B.I RACK#24 B.I #34,7.5,0,1,31,SECTION
Repair Services Agreement.pdf,27,IN-COMINGRACK,7.5,0,1,13,HEADING
Repair Services Agreement.pdf,27,QTY.1 N/A FINAL ASSY N/A N/A FINAL ASSY N/A N/A,7.5,0,1,47,SECTION
Repair Services Agreement.pdf,27,IP RACK IN-COMING IN-COMING,7.5,0,1,27,HEADING
Repair Services Agreement.pdf,27,QTY.1 N/A RACK QTY.1 N/A RACK QTY.1 N/A,7.5,0,1,39,HEADING
Repair Services Agreement.pdf,27,OUTGOINGRACK,7.5,0,1,12,HEADING
Repair Services Agreement.pdf,27,QTY.1 N/A IP RACK QTY.1 N/A IP RACK QTY.1 N/A,7.5,0,1,45,SECTION
Repair Services Agreement.pdf,27,OUTGOING OUTGOING,7.5,0,1,17,HEADING
Repair Services Agreement.pdf,27,RACK QTY.1 N/A RACK QTY.1 N/A,7.5,0,1,29,HEADING
Repair Services Agreement.pdf,27,PARAGON MAPLE SEQUOIA,5.77,1,1,21,HEADING
Repair Services Agreement.pdf,27,PWAV PWAV PWAV,5.77,1,1,14,HEADING
Repair Services Agreement.pdf,27,EQUIP. ATE S/N ASSET# EQUIP. ATE S/N ASSET# EQUIP. ATE S/N ASSET#,5.77,1,1,65,SECTION
Repair Services Agreement.pdf,27,POWER MOD T3621 23214 TITAN TBD TBD TITAN TBD TBD,7.5,0,1,49,SECTION
Repair Services Agreement.pdf,27,MAIN AMP 3630 19018 IMF TBD TBD IMF TBD TBD,7.5,0,1,43,SECTION
Repair Services Agreement.pdf,27,ERROR/DRIVERTEST,7.5,0,1,16,HEADING
Repair Services Agreement.pdf,27,T3623 23211 ANDROMEDA TBD TBD ANDROMEDA TBD TBD,7.5,0,1,47,SECTION
Repair Services Agreement.pdf,27,CONTROLLER RACK.T.1012 19038 2ND LOOP TBD TBD S.I ATE TBD TBD,7.5,0,1,61,SECTION
Repair Services Agreement.pdf,27,T-S /TOP LEVEL,7.5,0,1,14,HEADING
Repair Services Agreement.pdf,27,ATE /PRE TEST T3613 19027 S.I ATE TBD TBD REWORK N/A N/A,7.5,0,1,56,SECTION
Repair Services Agreement.pdf,27,REWORK BENCH N/A REWORK N/A N/A FINAL ATE,7.5,0,1,41,SECTION
Repair Services Agreement.pdf,27,TOP LEVEL T3613 19027 FINAL ATE FINAL ASSY N/A N/A,7.5,0,1,50,SECTION
Repair Services Agreement.pdf,28,ATE / PRE TEST,7.5,0,1,14,HEADING
Repair Services Agreement.pdf,28,B.I/RACK & PAF N/A 23217 B.I B.I TBD TBD,7.5,0,1,40,HEADING
Repair Services Agreement.pdf,28,IN-COMING,7.5,0,1,9,HEADING
Repair Services Agreement.pdf,28,FINAL ASSY N/A N/A FINAL ASSY N/A N/A RACK QTY.1 N/A,7.5,0,1,52,SECTION
Repair Services Agreement.pdf,28,IN-COMINGRACK,7.5,0,1,13,HEADING
Repair Services Agreement.pdf,28,QTY.1 N/A OVER TEMP FLEX 5003 23065 IP RACK QTY.1 N/A,7.5,0,1,53,SECTION
Repair Services Agreement.pdf,28,OUTGOING,7.5,0,1,8,HEADING
Repair Services Agreement.pdf,28,IP RACK QTY.1 N/A OVER TEMP PEL50 11466 RACK QTY.1 N/A,7.5,0,1,54,SECTION
Repair Services Agreement.pdf,28,OUTGOING IN-COMING,7.5,0,1,18,HEADING
Repair Services Agreement.pdf,28,RACK QTY.1 N/A RACK QTY.1 N/A,7.5,0,1,29,HEADING
Repair Services Agreement.pdf,28,IP RACK QTY.1 N/A,7.5,0,1,17,HEADING
Repair Services Agreement.pdf,28,OUTGOING,7.5,0,1,8,HEADING
Repair Services Agreement.pdf,28,RACK QTY.1 N/A,7.5,0,1,14,HEADING
Repair Services Agreement.pdf,28,CHAMELEON SEAHAWK HURRICANE,5.77,1,1,27,HEADING
Repair Services Agreement.pdf,28,PWAV PWAV PWAV,5.77,1,1,14,HEADING
Repair Services Agreement.pdf,28,EQUIP. ATE S/N ASSET# EQUIP. ATE S/N ASSET# EQUIP. ATE S/N ASSET#,5.77,1,1,65,SECTION
Repair Services Agreement.pdf,28,CCA ERROR,7.5,0,1,9,HEADING
Repair Services Agreement.pdf,28,TEST 3825 23003 POWER MOD SEA.T.4610 21533 DIGITAL 2278 23002,7.5,0,1,61,SECTION
Repair Services Agreement.pdf,28,RF TUNE 1ST-,7.5,0,1,12,HEADING
Repair Services Agreement.pdf,28,CCA MAIN TEST 3828 11184 LOOP 4608 21531 REWORK N/A,7.5,0,1,51,SECTION
Repair Services Agreement.pdf,28,CCA PRE,7.5,0,1,7,HEADING
Repair Services Agreement.pdf,28,ERROR TEST 3843 23006 DIGITAL TEST SEA.T.4627 21546 RF MANUAL 2271 23337,7.5,0,1,72,SECTION
Repair Services Agreement.pdf,28,CCA DRIVER,7.5,0,1,10,HEADING
Repair Services Agreement.pdf,28,TEST 3842 23351 REWORK ASSY N/A PRE TEST 2273 23064,7.5,0,1,51,SECTION
Repair Services Agreement.pdf,28,INPUT 3877 19021 PRE TEST SEA.T.4615 21526 FINAL 2272 23061,7.5,0,1,59,SECTION
Repair Services Agreement.pdf,28,FINAL ASSY. /,7.5,0,1,13,HEADING
Repair Services Agreement.pdf,28,TEST IMF 3894 21548 B.I (RACK) N/A 100% inspection QTY.1,7.5,0,0,56,BODY
Repair Services Agreement.pdf,28,HIPOT (A/C DC- IN-COMING,7.5,0,1,24,HEADING
Repair Services Agreement.pdf,28,DC CONV.) 3895 23549 FINAL ATE SEA.T.4617 21524 RACK QTY.1,7.5,0,1,58,SECTION
Repair Services Agreement.pdf,28,RF TUNE 2nd 4020 23360 FINAL ASSY N/A N/A IP RACK QTY.1,7.5,0,0,55,BODY
Repair Services Agreement.pdf,28,IN-COMING OUTGOING,7.5,0,1,18,HEADING
Repair Services Agreement.pdf,28,RWK. ASSY. N/A N/A RACK QTY.1 N/A RACK QTY.1,7.5,0,1,44,SECTION
Repair Services Agreement.pdf,28,SI TEST ATE,7.5,0,1,11,HEADING
Repair Services Agreement.pdf,28,(DC/AC) 4005 23082 IP RACK QTY.1 N/A,7.5,0,1,36,HEADING
Repair Services Agreement.pdf,28,OUTGOING,7.5,0,1,8,HEADING
Repair Services Agreement.pdf,28,BURN IN (DC) TBD RACK QTY.1 N/A,7.5,0,1,31,HEADING
Repair Services Agreement.pdf,28,BURN IN (AC) TBD,7.5,0,1,16,HEADING
Repair Services Agreement.pdf,28,ATE-FINAL TEST,7.5,0,1,14,HEADING
Repair Services Agreement.pdf,28,(DC/AC) 4026 20169,7.5,0,1,18,HEADING
Repair Services Agreement.pdf,28,FINAL ASSY. /,7.5,0,1,13,HEADING
Repair Services Agreement.pdf,28,100% inspection QTY.1 N/A,7.5,0,0,25,BODY
Repair Services Agreement.pdf,28,IN-COMINGRACK,7.5,0,1,13,HEADING
Repair Services Agreement.pdf,28,QTY.1 N/A,7.5,0,1,9,HEADING
Repair Services Agreement.pdf,28,IP RACK QTY.1 N/A,7.5,0,1,17,HEADING
Repair Services Agreement.pdf,28,OUTGOINGRACK,7.5,0,1,12,HEADING
Repair Services Agreement.pdf,28,QTY.1 N/A,7.5,0,1,9,HEADING
Repair Services Agreement.pdf,28,TORNADO CDMA NTGS/ LOGAN/ CUSTOM,5.77,1,1,32,HEADING
Repair Services Agreement.pdf,28,PWAV PWAV PWAV,5.77,1,1,14,HEADING
Repair Services Agreement.pdf,28,EQUIP. ATE S/N ASSET# EQUIP. ATE S/N ASSET# EQUIP. ATE S/N ASSET#,5.77,1,1,65,SECTION
Repair Services Agreement.pdf,28,"LIN.A.201 ,",7.5,0,1,11,HEADING
Repair Services Agreement.pdf,28,Power module NORT.T.1509,7.5,0,0,24,BODY
Repair Services Agreement.pdf,28,DIGITAL 2278 23002 test LUC.T.803 21517 RF Tune* & 1510 N/A,7.5,0,0,59,BODY
Repair Services Agreement.pdf,28,MAIN PALLET 2276 23070 REWORK ASSY N/A N/A REWORK ASSY N/A N/A,7.5,0,1,62,SECTION
Repair Services Agreement.pdf,28,LUC.T.801 21516 &,7.5,0,1,17,HEADING
Repair Services Agreement.pdf,28,REWORK N/A Top level alignment & 802 21515 Burn-In RACK RACK,7.5,0,0,60,BODY
Repair Services Agreement.pdf,28,"RF MANUAL 1508, 021519,",7.5,0,1,23,HEADING
Repair Services Agreement.pdf,28,2277 23338 Rf overdrive LUC.T.807 21514 Final ATE 825 021518,7.5,0,0,60,BODY
Repair Services Agreement.pdf,28,PRE-TEST /,7.5,0,1,10,HEADING
Repair Services Agreement.pdf,28,PRE TEST / FINAL 2274 23067 FINAL ATE LUC.T.809 21513 ALARM STATION NORT.T.1505 N/A,7.5,0,1,83,BODY
Repair Services Agreement.pdf,28,FINAL ASSY. /,7.5,0,1,13,HEADING
Repair Services Agreement.pdf,28,FINAL 2275 23349 Burn in LUC.T.805 21512 100% inspection N/A N/A,7.5,0,0,64,BODY
Repair Services Agreement.pdf,28,FINAL ASSY. / IN-COMING,7.5,0,1,23,HEADING
Repair Services Agreement.pdf,28,100% inspection QTY.1 Final ate LUC.T.806 21515 RACK QTY.1 N/A,7.5,0,0,62,BODY
Repair Services Agreement.pdf,28,IN-COMING FINAL ASSY. /,7.5,0,1,23,HEADING
Repair Services Agreement.pdf,28,RACK QTY.1 100% inspection N/A N/A IP RACK QTY.1 N/A,7.5,0,0,52,BODY
Repair Services Agreement.pdf,28,OUTGOING,7.5,0,1,8,HEADING
Repair Services Agreement.pdf,28,IP RACK QTY.1 CHILLER N/A 11513 RACK QTY.1 N/A,7.5,0,1,46,SECTION
Repair Services Agreement.pdf,28,OUTGOINGRACK,7.5,0,1,12,HEADING
Repair Services Agreement.pdf,28,QTY.1 IN-COMING RACK,7.5,0,1,20,HEADING
Repair Services Agreement.pdf,28,IP RACK,7.5,0,1,7,HEADING
Repair Services Agreement.pdf,28,OUTGOING RACK,7.5,0,1,13,HEADING
Repair Services Agreement.pdf,28,AWP NOKIA BOOSTER TIGER PAW,5.77,1,1,27,HEADING
Repair Services Agreement.pdf,28,PWAV PWAV PWAV,5.77,1,1,14,HEADING
Repair Services Agreement.pdf,28,EQUIP. ATE S/N ASSET# EQUIP. ATE S/N ASSET# EQUIP. ATE S/N ASSET#,5.77,1,1,65,SECTION
Repair Services Agreement.pdf,28,BOOSTER TEST EEPROM,7.5,0,1,19,HEADING
Repair Services Agreement.pdf,28,Final ATE (AUTO) 2208 21542 STATION RMA.T.2235 N/A PROGRAM 2218 6022,7.5,0,0,68,BODY
Repair Services Agreement.pdf,28,FINAL ASSY. / MANUAL TEST REWORK ASSY / 100%,7.5,0,1,44,SECTION
Repair Services Agreement.pdf,28,100% inspection N/A N/A STATION NOT.T.1503 N/A inspection N/A N/A,7.5,0,0,65,BODY
Repair Services Agreement.pdf,28,IN-COMING QTY.1 N/A FINAL ATE 2270 83792,7.5,0,1,40,HEADING
Repair Services Agreement.pdf,29,RACK (TEMP),7.5,0,1,11,HEADING
Repair Services Agreement.pdf,29,IP RACK QTY.1 N/A Burn-In NO S/N,7.5,0,0,32,BODY
Repair Services Agreement.pdf,29,OUTGOING Final ATE,7.5,0,0,18,BODY
Repair Services Agreement.pdf,29,RACK QTY.1 N/A (HOT/COLD) 2217 10197,7.5,0,1,36,HEADING
Repair Services Agreement.pdf,29,FINAL ASSY. /,7.5,0,1,13,HEADING
Repair Services Agreement.pdf,29,100% inspection N/A N/A,7.5,0,0,23,BODY
Repair Services Agreement.pdf,29,IN-COMING,7.5,0,1,9,HEADING
Repair Services Agreement.pdf,29,RACK QTY.1 N/A,7.5,0,1,14,HEADING
Repair Services Agreement.pdf,29,IP RACK QTY.1 N/A,7.5,0,1,17,HEADING
Repair Services Agreement.pdf,29,OUTGOING,7.5,0,1,8,HEADING
Repair Services Agreement.pdf,29,RACK QTY.1 N/A,7.5,0,1,14,HEADING
Repair Services Agreement.pdf,29,OFFICE/CUBICLE,5.77,1,1,14,HEADING
Repair Services Agreement.pdf,29,TDMA SPACE RAW MATERIAL,5.77,1,1,23,HEADING
Repair Services Agreement.pdf,29,PWAV PWAV PWAV,5.77,1,1,14,HEADING
Repair Services Agreement.pdf,29,EQUIP. ATE S/N ASSET# ASSET# QTY. ASSET# QTY.,5.77,1,1,45,SECTION
Repair Services Agreement.pdf,29,REWORK N/A N/A CUBICAL FOR SUPERVISOR 1 IPK RACK N/A 20,7.5,0,1,55,SECTION
Repair Services Agreement.pdf,29,DC Bias TBD TBD CUBICAL FOR LEAD PERSONEL 1 TOTAL,7.5,0,0,49,SECTION
Repair Services Agreement.pdf,29,Burn-in TBD TBD CUBICAL FOR MATERIAL HANDLER 1,7.5,0,0,46,BODY
Repair Services Agreement.pdf,29,RF Alignment TBD TBD CUBICAL FOR TOOLS & FIXTURES 1,7.5,0,0,51,BODY
Repair Services Agreement.pdf,29,CHILLER TBD TBD TOTAL,7.5,0,1,21,HEADING
Repair Services Agreement.pdf,29,FINAL (COLD/ HOT,7.5,0,1,16,HEADING
Repair Services Agreement.pdf,29,TEST) TBD TBD,7.5,0,1,13,HEADING
Repair Services Agreement.pdf,29,EEPROM FINAL TBD TBD,7.5,0,1,20,HEADING
Repair Services Agreement.pdf,29,FINAL ASSYM N/A N/A,7.5,0,1,19,HEADING
Repair Services Agreement.pdf,29,IN-COMING RACK QTY.1 N/A,7.5,0,1,24,HEADING
Repair Services Agreement.pdf,29,IP RACK QTY.1 N/A,7.5,0,1,17,HEADING
Repair Services Agreement.pdf,29,OUTGOING RACK QTY.1 N/A,7.5,0,1,23,HEADING
Repair Services Agreement.pdf,29,INCOMING OUTGOING,5.77,1,1,17,HEADING
Repair Services Agreement.pdf,29,STAGING & DAT STAGING & DAT,5.77,1,1,27,HEADING
Repair Services Agreement.pdf,29,ENTRY DISPOSITION STAGING AREA ENTRY,5.77,1,1,36,HEADING
Repair Services Agreement.pdf,29,PWAV PWAV PWAV,5.77,1,1,14,HEADING
Repair Services Agreement.pdf,29,ASSET# QTY. ASSET# QTY. ASSET# QTY.,5.77,1,1,35,SECTION
Repair Services Agreement.pdf,29,ESD station n/a 1 IPK RACK N/A 15 Data entry HP-PC 12041 1,7.5,0,0,58,BODY
Repair Services Agreement.pdf,29,Data entry HP-PC 4288 1 TOTAL IPK RACK N/A 20,7.5,0,0,45,BODY
Repair Services Agreement.pdf,29,Data entry HP-,7.5,0,0,14,BODY
Repair Services Agreement.pdf,29,Printer 5230 1 TOTAL,7.5,0,0,20,BODY
Repair Services Agreement.pdf,29,HP-PC for Lead,7.5,0,0,14,BODY
Repair Services Agreement.pdf,29,personnel report N/A 1,7.5,0,0,22,BODY
Repair Services Agreement.pdf,29,IPK RACK N/A 20,7.5,0,1,15,HEADING
Repair Services Agreement.pdf,29,TOTAL,7.5,0,1,5,HEADING
Repair Services Agreement.pdf,29,26,7.5,0,0,2,BODY
SHORT FORM CONSULTANT AGREEMENT.pdf,1,EX-10 2 ecrypt_8kexhibit106consultin.htm,10.0,0,0,40,BODY
SHORT FORM CONSULTANT AGREEMENT.pdf,1,"eCRYPT TECHNOLOGIES, INC.",10.99,1,0,25,SECTION
SHORT FORM CONSULTANT AGREEMENT.pdf,1,CONSULTING AGREEMENT,10.99,1,1,20,HEADING
SHORT FORM CONSULTANT AGREEMENT.pdf,1,"THIS CONSULTING AGREEMENT (this “Agreement”) is entered into by eCrypt Technologies, Inc., a",10.99,0,0,92,BODY
SHORT FORM CONSULTANT AGREEMENT.pdf,1,Colorado corporation (“Company”) and Gabriel Rosu (“Consultant”) to enable Company to receive services from,10.99,0,0,107,BODY
SHORT FORM CONSULTANT AGREEMENT.pdf,1,Consultant under the terms and conditions set forth herein.,10.99,0,0,59,BODY
SHORT FORM CONSULTANT AGREEMENT.pdf,1,RECITALS,10.99,1,1,8,HEADING
SHORT FORM CONSULTANT AGREEMENT.pdf,1,"A WHEREAS, the Company is involved in the establishment and development of encryption software for",10.99,0,0,98,BODY
SHORT FORM CONSULTANT AGREEMENT.pdf,1,wireless hand held devices;,10.99,0,0,27,BODY
SHORT FORM CONSULTANT AGREEMENT.pdf,1,"B WHEREAS, the Consultant serves as the Company’s Chief Development Officer; and",10.99,0,0,80,BODY
SHORT FORM CONSULTANT AGREEMENT.pdf,1,"C WHEREAS, the parties wish to enter this Agreement to set forth the terms and conditions under which",10.99,0,0,101,SECTION
SHORT FORM CONSULTANT AGREEMENT.pdf,1,Consultant will continue to serve as the Company’s Chief Development Officer.,10.99,0,0,77,BODY
SHORT FORM CONSULTANT AGREEMENT.pdf,1,"NOW, THEREFORE, for and in consideration of the foregoing recitals and of the following covenants, the",10.99,0,0,102,BODY
SHORT FORM CONSULTANT AGREEMENT.pdf,1,Parties hereby agree:,10.99,0,0,21,BODY
SHORT FORM CONSULTANT AGREEMENT.pdf,1,"1. TERM. This Agreement is effective as of April 15, 2010 and will continue for a one (1) year term through",10.95,1,0,107,SECTION
SHORT FORM CONSULTANT AGREEMENT.pdf,1,"April 14, 2011 unless terminated earlier as provided in this Agreement (the “Initial Term”). The Agreement shall be",10.99,0,0,115,BODY
SHORT FORM CONSULTANT AGREEMENT.pdf,1,"automatically renewed for a successive one (1) year term commencing on April 15, 2011 (the “Successive Term”),",10.99,0,0,110,BODY
SHORT FORM CONSULTANT AGREEMENT.pdf,1,"unless terminated as provided in this Agreement, or otherwise modified by both parties in writing prior to the",10.99,0,0,110,BODY
SHORT FORM CONSULTANT AGREEMENT.pdf,1,beginning of the Successive Term.,10.99,0,0,33,BODY
SHORT FORM CONSULTANT AGREEMENT.pdf,1,"2. SCOPE. Consultant will provide the services, including any reports, documentation and/or other",10.92,1,0,97,SECTION
SHORT FORM CONSULTANT AGREEMENT.pdf,1,"deliverables (the ""Services"") described in Exhibit A attached to and made a part of this Agreement.",10.99,0,0,99,META
SHORT FORM CONSULTANT AGREEMENT.pdf,1,"3. ACCEPTANCE AND WARRANTY. Services will be performed in a professional manner, consistent with",10.92,1,0,96,SECTION
SHORT FORM CONSULTANT AGREEMENT.pdf,1,"industry standards, and will be free of deficiencies and defects in materials, workmanship, design and/or",10.99,0,0,105,BODY
SHORT FORM CONSULTANT AGREEMENT.pdf,1,"performance. Services will conform to any specifications described in Exhibit A, and will be fit and sufficient for",10.99,0,0,115,META
SHORT FORM CONSULTANT AGREEMENT.pdf,1,the purposes expressed in or reasonably inferred from this Agreement. Company reserves the right to inspect,10.99,0,0,107,BODY
SHORT FORM CONSULTANT AGREEMENT.pdf,1,Services at any time prior to acceptance.,10.99,0,0,41,BODY
SHORT FORM CONSULTANT AGREEMENT.pdf,1,4. TIME IS OF ESSENCE. Consultant will perform Services promptly and will meet all time commitments.,10.93,1,0,100,SECTION
SHORT FORM CONSULTANT AGREEMENT.pdf,1,Consultant agrees that this is a material term of this Agreement.,10.99,0,0,65,BODY
SHORT FORM CONSULTANT AGREEMENT.pdf,1,5. INDEPENDENT CONTRACTOR . Consultant certifies that it is engaged in an independent business and,10.93,1,0,98,SECTION
SHORT FORM CONSULTANT AGREEMENT.pdf,1,will perform its obligations pursuant to this Agreement as an independent contractor and not as an employee of,10.99,0,0,110,BODY
SHORT FORM CONSULTANT AGREEMENT.pdf,1,"Company. This Agreement does not create a partnership, joint venture or similar relationship between the parties,",10.99,0,0,113,BODY
SHORT FORM CONSULTANT AGREEMENT.pdf,1,and neither party will have the power to obligate the other in any manner whatsoever. Consultant is solely,10.99,0,0,106,BODY
SHORT FORM CONSULTANT AGREEMENT.pdf,1,"responsible for all international, federal and state income taxes with respect to its income under this Agreement.",10.99,0,0,114,BODY
SHORT FORM CONSULTANT AGREEMENT.pdf,1,"6. CONSULTANT LIABILITY . Except to the extent of Company’s negligence, Consultant will indemnify",10.92,1,0,97,SECTION
SHORT FORM CONSULTANT AGREEMENT.pdf,1,"Company, its affiliates, and their officers, directors and/or employees from any and all claims, demands, litigation,",10.99,0,0,117,BODY
SHORT FORM CONSULTANT AGREEMENT.pdf,1,expenses or liabilities (including costs and attorneys’ fees) of every kind and character arising from or incident to,10.99,0,0,117,BODY
SHORT FORM CONSULTANT AGREEMENT.pdf,1,the performance of Services; the Work Product as defined below and/or the use thereof; or Consultant’s breach of,10.99,0,0,112,BODY
SHORT FORM CONSULTANT AGREEMENT.pdf,1,"this Agreement. This includes but is not limited to indemnification relating to infringement of copyright,",10.99,0,0,106,BODY
SHORT FORM CONSULTANT AGREEMENT.pdf,1,"trademark, patent or other intellectual property rights.",10.99,0,0,56,BODY
SHORT FORM CONSULTANT AGREEMENT.pdf,1,Consulting Agreement,10.0,0,0,20,BODY
SHORT FORM CONSULTANT AGREEMENT.pdf,1,1,10.0,0,0,1,BODY
SHORT FORM CONSULTANT AGREEMENT.pdf,1,7 SAFETY HEALTHANDACCIDENT REPORTS Th f d h l h f C l C ’,10.93,1,0,57,BODY
SHORT FORM CONSULTANT AGREEMENT.pdf,2,7. . The safety and health of Consultant on Company’s,10.9,1,0,53,SECTION
SHORT FORM CONSULTANT AGREEMENT.pdf,2,"SAFETY, HEALTH AND ACCIDENT REPORTS",10.99,1,1,35,HEADING
SHORT FORM CONSULTANT AGREEMENT.pdf,2,"premises will be the sole responsibility of Consultant. Consultant will comply with all local, state, federal, and",10.99,0,0,114,BODY
SHORT FORM CONSULTANT AGREEMENT.pdf,2,"international environmental, health and safety requirements. Consultant will report all accidents, injury-inducing",10.99,0,0,114,BODY
SHORT FORM CONSULTANT AGREEMENT.pdf,2,occurrences or property damage arising from the performance of Services as soon as reasonably practical.,10.99,0,0,104,BODY
SHORT FORM CONSULTANT AGREEMENT.pdf,2,"Company will have the right to receive, at its request, copies of any reports filed with Consultant’s insurer or",10.99,0,0,112,BODY
SHORT FORM CONSULTANT AGREEMENT.pdf,2,others.,10.99,0,0,7,BODY
SHORT FORM CONSULTANT AGREEMENT.pdf,2,"8. COMPLIANCE WITH LAWS . Consultant will, at its expense, obtain all permits and licenses, pay all",10.94,1,0,99,SECTION
SHORT FORM CONSULTANT AGREEMENT.pdf,2,"fees, and comply with all federal, state and local laws, ordinances, rules, regulations and orders applicable to",10.99,0,0,112,BODY
SHORT FORM CONSULTANT AGREEMENT.pdf,2,Consultant's performance under this Agreement.,10.99,0,0,46,BODY
SHORT FORM CONSULTANT AGREEMENT.pdf,2,9. COMPANY PROPERTY . Any items furnished by Company to Consultant hereunder are and will remain,10.93,1,0,96,SECTION
SHORT FORM CONSULTANT AGREEMENT.pdf,2,"the property of Company. While in Consultant’s possession, Consultant will maintain Company property in good",10.99,0,0,108,BODY
SHORT FORM CONSULTANT AGREEMENT.pdf,2,"condition, will bear the risk of loss therefor, and will not use Company property for any purpose other than the",10.99,0,0,112,BODY
SHORT FORM CONSULTANT AGREEMENT.pdf,2,provision of Services.,10.99,0,0,22,BODY
SHORT FORM CONSULTANT AGREEMENT.pdf,2,10. CONFIDENTIALITY ; WORK PRODUCT.,10.8,1,1,35,SECTION
SHORT FORM CONSULTANT AGREEMENT.pdf,2,"10.1 Confidentiality . Any business or technical information furnished, disclosed or made accessible by",10.92,1,0,103,BODY
SHORT FORM CONSULTANT AGREEMENT.pdf,2,"Company to Consultant, whether verbally or in writing (including, but not limited to, trade secrets, marketing plans,",10.99,0,0,117,BODY
SHORT FORM CONSULTANT AGREEMENT.pdf,2,"financial data, specifications, drawings, sketches, models, samples, computer programs and documentation),",10.99,0,0,106,BODY
SHORT FORM CONSULTANT AGREEMENT.pdf,2,whether of Company or a third party (“Confidential Information”) is confidential and proprietary. Consultant will,10.99,0,0,113,BODY
SHORT FORM CONSULTANT AGREEMENT.pdf,2,hold Confidential Information in confidence and will use it solely for the purpose of providing Services. Consultant,10.99,0,0,116,BODY
SHORT FORM CONSULTANT AGREEMENT.pdf,2,"further agrees that it will not disclose Confidential Information to anyone without Company’s prior written consent,",10.99,0,0,116,BODY
SHORT FORM CONSULTANT AGREEMENT.pdf,2,"except as required by law, provided that Consultant has notified Company of the required disclosure as soon as",10.99,0,0,110,BODY
SHORT FORM CONSULTANT AGREEMENT.pdf,2,possible before such disclosure is made. All Confidential Information will be returned to Company upon request,10.99,0,0,110,BODY
SHORT FORM CONSULTANT AGREEMENT.pdf,2,along with any copies.,10.99,0,0,22,BODY
SHORT FORM CONSULTANT AGREEMENT.pdf,2,"10.2 Work Product . All items prepared or originated in connection with the Services, in whatever medium",10.94,1,0,104,BODY
SHORT FORM CONSULTANT AGREEMENT.pdf,2,"(including but not limited to prototypes, drawings and documentation) and any ideas, designs, techniques,",10.99,0,0,105,BODY
SHORT FORM CONSULTANT AGREEMENT.pdf,2,"inventions, discoveries, improvements, information, creations, software, and any other items discovered, prepared",10.99,0,0,113,BODY
SHORT FORM CONSULTANT AGREEMENT.pdf,2,"or developed by Consultant in connection with the provision of Services (""Work Product"") will be promptly",10.99,0,0,105,BODY
SHORT FORM CONSULTANT AGREEMENT.pdf,2,"disclosed and furnished to Company. All right, title and interest in the Work Product will vest in Company and the",10.99,0,0,114,BODY
SHORT FORM CONSULTANT AGREEMENT.pdf,2,Work Product will be deemed to be a work made for hire. To the extent it may not be considered a work made for,10.99,0,0,110,BODY
SHORT FORM CONSULTANT AGREEMENT.pdf,2,"hire, Consultant assigns to Company all right, title and interest in the Work Product, including all copyrights, patent",10.99,0,0,119,BODY
SHORT FORM CONSULTANT AGREEMENT.pdf,2,"rights, patents and applications therefor. All Work Product will be deemed to be Confidential Information of",10.99,0,0,108,BODY
SHORT FORM CONSULTANT AGREEMENT.pdf,2,Company.,10.99,0,0,8,BODY
SHORT FORM CONSULTANT AGREEMENT.pdf,2,"In addition to the foregoing provisions, in conjunction with Consultant’s execution of this Agreement, Consultant",10.99,0,0,113,BODY
SHORT FORM CONSULTANT AGREEMENT.pdf,2,"hereby agrees to enter into and be bound by the terms and conditions of the “Confidentiality, Non-Solicitation, and",10.99,0,0,115,BODY
SHORT FORM CONSULTANT AGREEMENT.pdf,2,"Invention Assignment Agreement” attached hereto as Exhibit B, which is hereby incorporated by reference.",10.99,0,0,104,META
SHORT FORM CONSULTANT AGREEMENT.pdf,2,11. NONCOMPETITION . During Consultant’s engagement with Company (or other affiliation with,10.91,1,0,91,SECTION
SHORT FORM CONSULTANT AGREEMENT.pdf,2,"Company) and for twelve (12) months after termination, for any reason, Consultant shall not without Company’s",10.99,0,0,109,BODY
SHORT FORM CONSULTANT AGREEMENT.pdf,2,"prior written consent (or outside of the scope of Consultant’s engagement), directly or indirectly: (a) cause or",10.99,0,0,112,BODY
SHORT FORM CONSULTANT AGREEMENT.pdf,2,"attempt to cause any employee, consultant, agent, contractor or subcontractor of Company, or any Company",10.99,0,0,104,BODY
SHORT FORM CONSULTANT AGREEMENT.pdf,2,"customer, to terminate his or her employment, engagement, agency, contractor or subcontractor relationship with",10.99,0,0,111,BODY
SHORT FORM CONSULTANT AGREEMENT.pdf,2,Company or any Company customer; interfere or attempt to interfere with the relationship between Company and,10.99,0,0,108,BODY
SHORT FORM CONSULTANT AGREEMENT.pdf,2,"any Consultant, agent, contractor or subcontractor; or attempt to hire any Consultant, agent, contractor, or",10.99,0,0,108,BODY
SHORT FORM CONSULTANT AGREEMENT.pdf,2,subcontractor of Company or any Company customer; (b) solicit business from or conduct business with any,10.99,0,0,104,BODY
SHORT FORM CONSULTANT AGREEMENT.pdf,2,"customer, suppliers, or affiliates of the Company at any point during Consultant’s engagement; solicit business from",10.99,0,0,116,BODY
SHORT FORM CONSULTANT AGREEMENT.pdf,2,"or conduct any business with any person or entity that was, during Consultant’s engagement, solicited or identified",10.99,0,0,115,BODY
SHORT FORM CONSULTANT AGREEMENT.pdf,2,"as a business prospect by Consultant or any other Company consultant, agent or consultant; or interfere",10.99,0,0,103,BODY
SHORT FORM CONSULTANT AGREEMENT.pdf,2,Consulting Agreement,10.0,0,0,20,BODY
SHORT FORM CONSULTANT AGREEMENT.pdf,2,2,10.0,0,0,1,BODY
SHORT FORM CONSULTANT AGREEMENT.pdf,3,"or attempt to interfere with any transaction, agreement, prospective agreement, business opportunity or business",10.99,0,0,112,BODY
SHORT FORM CONSULTANT AGREEMENT.pdf,3,relationship in which Company or any customer was involved at any point during Consultant’s engagement; or (c),10.99,0,0,110,BODY
SHORT FORM CONSULTANT AGREEMENT.pdf,3,"own, manage, operate, control, be employed or engaged as an employee or Consultant by, or participate in or be",10.99,0,0,110,BODY
SHORT FORM CONSULTANT AGREEMENT.pdf,3,"connected in any manner with the ownership, management, operation, or control of any business, entity or",10.99,0,0,104,BODY
SHORT FORM CONSULTANT AGREEMENT.pdf,3,"operation that is (i) involved in the development and/or establishment of encryption software; (ii) is similar to, in",10.99,0,0,117,BODY
SHORT FORM CONSULTANT AGREEMENT.pdf,3,"competition with, or with interests adverse to the business or operations of the Company or any affiliate of",10.99,0,0,108,BODY
SHORT FORM CONSULTANT AGREEMENT.pdf,3,"Company, and (ii) conducts business operations in whole or in part within the following territory: United States and",10.99,0,0,116,BODY
SHORT FORM CONSULTANT AGREEMENT.pdf,3,Canada. Consultant acknowledges and agrees that the foregoing restrictions have been fully negotiated and are,10.99,0,0,109,BODY
SHORT FORM CONSULTANT AGREEMENT.pdf,3,reasonable in scope and geographic area and are necessary to protect the Company’s legitimate business interests,10.99,0,0,112,BODY
SHORT FORM CONSULTANT AGREEMENT.pdf,3,and trade secrets and are fully enforceable in accordance with the Colorado Revised Statutes Section 8-2-113(2)(b),10.99,0,0,114,BODY
SHORT FORM CONSULTANT AGREEMENT.pdf,3,and (d).,10.99,0,0,8,BODY
SHORT FORM CONSULTANT AGREEMENT.pdf,3,12. . The Company may terminate this Agreement immediately in its,10.9,1,0,65,SECTION
SHORT FORM CONSULTANT AGREEMENT.pdf,3,TERMINATION; CANCELLATION,10.99,1,1,25,SECTION
SHORT FORM CONSULTANT AGREEMENT.pdf,3,sole and absolute discretion. Consultant will be entitled to payment for all Services satisfactorily performed to date,10.99,0,0,118,BODY
SHORT FORM CONSULTANT AGREEMENT.pdf,3,"of termination. If Consultant’s fee is a definite sum for completion of Services, Consultant will be paid for the",10.99,0,0,113,BODY
SHORT FORM CONSULTANT AGREEMENT.pdf,3,percent of Services satisfactorily completed. Company will be entitled to receive all Work Product completed or in,10.99,0,0,114,BODY
SHORT FORM CONSULTANT AGREEMENT.pdf,3,progress as of the date of termination or cancellation. Company will have no other liability arising out of,10.99,0,0,107,BODY
SHORT FORM CONSULTANT AGREEMENT.pdf,3,"termination. Either party may cancel this Agreement immediately, in whole or in part, for default, breach,",10.99,0,0,106,BODY
SHORT FORM CONSULTANT AGREEMENT.pdf,3,"insolvency, bankruptcy, inability to pay debts, or similar financial circumstances by the other. If the default or",10.99,0,0,114,BODY
SHORT FORM CONSULTANT AGREEMENT.pdf,3,"breach is capable of cure, the non-defaulting party will give the other party written notice and three days",10.99,0,0,107,BODY
SHORT FORM CONSULTANT AGREEMENT.pdf,3,opportunity to cure.,10.99,0,0,20,BODY
SHORT FORM CONSULTANT AGREEMENT.pdf,3,"13. FORCE MAJEURE . Neither party will be liable to the other party for any delay, error, failure in",10.94,1,0,100,SECTION
SHORT FORM CONSULTANT AGREEMENT.pdf,3,performance or interruption of performance resulting from causes beyond its reasonable control.,10.99,0,0,95,BODY
SHORT FORM CONSULTANT AGREEMENT.pdf,3,"14. NOTICES . All communications, notices, requests, consents or demands given or required under this",10.93,1,0,101,SECTION
SHORT FORM CONSULTANT AGREEMENT.pdf,3,"Agreement shall be in writing and shall be deemed to have been duly given when delivered to, or received by",10.99,0,0,107,BODY
SHORT FORM CONSULTANT AGREEMENT.pdf,3,"prepaid registered or certified mail or recognized overnight courier addressed to, or upon receipt of a facsimile sent",10.99,0,0,118,BODY
SHORT FORM CONSULTANT AGREEMENT.pdf,3,"to, the party for whom intended, as follows, or to such other address or facsimile number as may be furnished by",10.99,0,0,112,BODY
SHORT FORM CONSULTANT AGREEMENT.pdf,3,that party by notice in the manner provided herein:,10.99,0,0,51,BODY
SHORT FORM CONSULTANT AGREEMENT.pdf,3,If to Company:,10.99,0,0,14,BODY
SHORT FORM CONSULTANT AGREEMENT.pdf,3,"eCrypt Technologies, Inc.",10.99,0,0,25,BODY
SHORT FORM CONSULTANT AGREEMENT.pdf,3,"c/o Frascona, Joiner, Goodman and Greenstein, P.C.",10.99,0,0,50,BODY
SHORT FORM CONSULTANT AGREEMENT.pdf,3,4750 Table Mesa Drive,10.99,0,0,21,BODY
SHORT FORM CONSULTANT AGREEMENT.pdf,3,"Boulder, Colorado 80305",10.99,0,0,23,BODY
SHORT FORM CONSULTANT AGREEMENT.pdf,3,If to Consultant:,10.99,0,0,17,BODY
SHORT FORM CONSULTANT AGREEMENT.pdf,3,Gabriel Rosu,10.99,0,0,12,BODY
SHORT FORM CONSULTANT AGREEMENT.pdf,3,"7092 Sussex Ave.,",10.99,0,0,17,BODY
SHORT FORM CONSULTANT AGREEMENT.pdf,3,"Burnaby, BC, Canada V5J3V3",10.99,0,0,26,BODY
SHORT FORM CONSULTANT AGREEMENT.pdf,3,"15. INDEMNIFICATION . Consultant agrees to indemnify, defend and hold harmless the Company against",10.92,1,0,98,SECTION
SHORT FORM CONSULTANT AGREEMENT.pdf,3,"all claims, losses, liabilities and demands the Company may suffer arising out of (a) any breach of the terms of this",10.99,0,0,117,BODY
SHORT FORM CONSULTANT AGREEMENT.pdf,3,Agreement by Consultant; (b) the performance of the Services by Consultant; and (c) any acts or omissions of,10.99,0,0,108,BODY
SHORT FORM CONSULTANT AGREEMENT.pdf,3,Consultant hereunder.,10.99,0,0,21,BODY
SHORT FORM CONSULTANT AGREEMENT.pdf,3,16. RECORDS AND AUDITS . Consultant will maintain complete and accurate records of all charges,10.93,1,0,94,SECTION
SHORT FORM CONSULTANT AGREEMENT.pdf,3,"incurred by Company under this Agreement, in accordance with generally accepted accounting principles, for a",10.99,0,0,108,BODY
SHORT FORM CONSULTANT AGREEMENT.pdf,3,period of twenty-four months from the date of termination of the Agreement. Company will have the right to,10.99,0,0,106,BODY
SHORT FORM CONSULTANT AGREEMENT.pdf,3,inspect Consultant’s records upon reasonable notice and to retain copies thereof.,10.99,0,0,81,BODY
SHORT FORM CONSULTANT AGREEMENT.pdf,3,Consulting Agreement,10.0,0,0,20,BODY
SHORT FORM CONSULTANT AGREEMENT.pdf,3,3,10.0,0,0,1,BODY
SHORT FORM CONSULTANT AGREEMENT.pdf,4,17. ASSIGNMENT AND DELEGATION . No rights or interests in the Agreement will be assigned by,10.93,1,0,91,SECTION
SHORT FORM CONSULTANT AGREEMENT.pdf,4,Consultant (including the hiring of subcontractors to perform any part of Services) without the prior written consent,10.99,0,0,117,BODY
SHORT FORM CONSULTANT AGREEMENT.pdf,4,of Company.,10.99,0,0,11,BODY
SHORT FORM CONSULTANT AGREEMENT.pdf,4,18. . No modifications or amendments will be made to this,10.9,1,0,57,SECTION
SHORT FORM CONSULTANT AGREEMENT.pdf,4,MODIFICATIONS OR AMENDMENTS,10.99,1,1,27,HEADING
SHORT FORM CONSULTANT AGREEMENT.pdf,4,Agreement unless in writing and signed by the parties.,10.99,0,0,54,META
SHORT FORM CONSULTANT AGREEMENT.pdf,4,19. WAIVER. No waiver of any provision of this Agreement or any right or obligation of a party will be,10.95,1,0,102,SECTION
SHORT FORM CONSULTANT AGREEMENT.pdf,4,"effective unless in writing, signed by the parties. The failure of either party to enforce a right will not constitute a",10.99,0,0,120,META
SHORT FORM CONSULTANT AGREEMENT.pdf,4,waiver.,10.99,0,0,7,BODY
SHORT FORM CONSULTANT AGREEMENT.pdf,4,20. SEVERABILITY . Nothing contained in this Agreement shall be construed as requiring the commission of,10.93,1,0,104,SECTION
SHORT FORM CONSULTANT AGREEMENT.pdf,4,any act contrary to law. In the event that there is any conflict between any provisions of this Agreement and any,10.99,0,0,113,BODY
SHORT FORM CONSULTANT AGREEMENT.pdf,4,"statute, law, ordinance, or regulation contrary to which the Partners have no legal right to contract, the latter shall",10.99,0,0,119,BODY
SHORT FORM CONSULTANT AGREEMENT.pdf,4,"prevail, but in such event the provisions of this Agreement thus affected shall be curtailed and limited only to the",10.99,0,0,116,BODY
SHORT FORM CONSULTANT AGREEMENT.pdf,4,"extent necessary to conform with said requirement of law. In the event that any party, article, section, paragraph, or",10.99,0,0,118,BODY
SHORT FORM CONSULTANT AGREEMENT.pdf,4,"clause of this Agreement shall be held to be indefinite, invalid, or otherwise unenforceable, the entire Agreement",10.99,0,0,114,BODY
SHORT FORM CONSULTANT AGREEMENT.pdf,4,"shall not fail on account thereof, and the balance of the Agreement shall continue in full force and effect.",10.99,0,0,108,BODY
SHORT FORM CONSULTANT AGREEMENT.pdf,4,"21. SURVIVAL OF OBLIGATIONS. The respective obligations of Consultant and Company which, by their",10.92,1,0,97,SECTION
SHORT FORM CONSULTANT AGREEMENT.pdf,4,"nature, would continue beyond the termination, cancellation or expiration of this Agreement will survive.",10.99,0,0,105,BODY
SHORT FORM CONSULTANT AGREEMENT.pdf,4,"22. HEADINGS . The headings herein are inserted only as a matter of convenience and reference, and in no",10.94,1,0,104,SECTION
SHORT FORM CONSULTANT AGREEMENT.pdf,4,"way define or describe the scope of the Agreement, or the intent of any provisions hereof.",10.99,0,0,90,BODY
SHORT FORM CONSULTANT AGREEMENT.pdf,4,23. GOVERNING LAW. This Agreement shall be governed by and construed and enforced in accordance,10.93,1,0,95,SECTION
SHORT FORM CONSULTANT AGREEMENT.pdf,4,"with the laws of the State of Colorado without regard to the choice of law rules therein, and each of the parties",10.99,0,0,113,BODY
SHORT FORM CONSULTANT AGREEMENT.pdf,4,hereby consent to exclusive personal jurisdiction in the state and federal courts of Colorado.,10.99,0,0,94,BODY
SHORT FORM CONSULTANT AGREEMENT.pdf,4,"24. ENTIRE AGREEMENT . This Agreement, together with any incorporated Exhibits or other attachments,",10.92,1,0,100,SECTION
SHORT FORM CONSULTANT AGREEMENT.pdf,4,"constitutes the entire Agreement between the parties and supersedes all prior oral and written communications,",10.99,0,0,110,BODY
SHORT FORM CONSULTANT AGREEMENT.pdf,4,"agreements and understandings with respect to the subject matter herein contained. Notwithstanding the foregoing,",10.99,0,0,113,BODY
SHORT FORM CONSULTANT AGREEMENT.pdf,4,any non-disclosure or confidentiality agreement entered into by the parties in advance of this Agreement will,10.99,0,0,109,BODY
SHORT FORM CONSULTANT AGREEMENT.pdf,4,"remain effective according to its terms. Any pre-printed terms and conditions on orders, invoices, or other",10.99,0,0,107,BODY
SHORT FORM CONSULTANT AGREEMENT.pdf,4,documents will be invalid to the extent of any conflict with the terms and conditions of this Agreement.,10.99,0,0,104,BODY
SHORT FORM CONSULTANT AGREEMENT.pdf,4,"25. COUNTERPARTS . This Agreement may be executed in one or more counterparts, each of which shall be",10.94,1,0,101,SECTION
SHORT FORM CONSULTANT AGREEMENT.pdf,4,"deemed an original, and all of which taken together shall constitute one and the same instrument, notwithstanding",10.99,0,0,113,BODY
SHORT FORM CONSULTANT AGREEMENT.pdf,4,the fact that all parties are not signatory to the same original or counterpart.,10.99,0,0,80,BODY
SHORT FORM CONSULTANT AGREEMENT.pdf,4,"IN WITNESS WHEREOF, the parties, intending to be legally bound, have caused this Agreement to be",10.99,0,0,96,META
SHORT FORM CONSULTANT AGREEMENT.pdf,4,executed on the dates set forth below.,10.99,0,0,38,BODY
SHORT FORM CONSULTANT AGREEMENT.pdf,4,"eCrypt Technologies, Inc. Gabriel Rosu",10.99,1,0,38,BODY
SHORT FORM CONSULTANT AGREEMENT.pdf,4,/s/ Brad Lever /s/ Gabriel Rosu,10.99,0,0,31,BODY
SHORT FORM CONSULTANT AGREEMENT.pdf,4,"By: Brad Lever By: Gabriel Rosu, Individually",10.99,0,0,45,BODY
SHORT FORM CONSULTANT AGREEMENT.pdf,4,"Its: Chief Executive Officer Date: May 26, 2010",10.99,0,0,47,META
SHORT FORM CONSULTANT AGREEMENT.pdf,4,"Date: May 26, 2010",10.99,0,0,18,META
SHORT FORM CONSULTANT AGREEMENT.pdf,4,Consulting Agreement,10.0,0,0,20,BODY
SHORT FORM CONSULTANT AGREEMENT.pdf,4,4,10.0,0,0,1,BODY
SHORT FORM CONSULTANT AGREEMENT.pdf,5,EXHIBIT A,10.99,1,1,9,META
SHORT FORM CONSULTANT AGREEMENT.pdf,5,SERVICES; FEES,10.99,1,1,14,SECTION
SHORT FORM CONSULTANT AGREEMENT.pdf,5,Scope of Services: Consultant will provide the following Services to Company:,10.99,1,0,77,SECTION
SHORT FORM CONSULTANT AGREEMENT.pdf,5,"Consultant will serve as the Chief Development Officer of the Company. Consultant’s primary duties include, but",10.99,0,0,111,BODY
SHORT FORM CONSULTANT AGREEMENT.pdf,5,"are not limited to, overseeing all product development for Company products, database development for the",10.99,0,0,105,BODY
SHORT FORM CONSULTANT AGREEMENT.pdf,5,"Company, website development for the Company, and all additional duties assigned to Consultant by the Company",10.99,0,0,109,BODY
SHORT FORM CONSULTANT AGREEMENT.pdf,5,pursuant the Company’s needs. Consultant shall work a minimum of 160 hours per month for the Company in,10.99,0,0,103,BODY
SHORT FORM CONSULTANT AGREEMENT.pdf,5,providing the Services.,10.99,0,0,23,BODY
SHORT FORM CONSULTANT AGREEMENT.pdf,5,Milestones/Dates:,10.99,1,0,17,SECTION
SHORT FORM CONSULTANT AGREEMENT.pdf,5,"Engagement Review Date: April 14, 2011",10.99,0,0,38,META
SHORT FORM CONSULTANT AGREEMENT.pdf,5,"Automatic Renewal Date: April 15, 2011, unless otherwise terminated pursuant to the terms of the Agreement",10.99,0,0,106,META
SHORT FORM CONSULTANT AGREEMENT.pdf,5,"Service Sites: Services will be performed at the following locations until further notice from the Company, or",10.99,1,0,110,BODY
SHORT FORM CONSULTANT AGREEMENT.pdf,5,unless otherwise required by the Company from time to time:,10.99,0,0,59,BODY
SHORT FORM CONSULTANT AGREEMENT.pdf,5,"Consultant’s Location: 7092 Sussex Ave, Burnaby, BC V5J3V3, Canada",10.99,0,0,66,BODY
SHORT FORM CONSULTANT AGREEMENT.pdf,5,"Labor, Tools, Equipment and Materials: Except where supplemented by the Company, Consultant will be",10.99,1,0,99,SECTION
SHORT FORM CONSULTANT AGREEMENT.pdf,5,"responsible for supplying all labor, tools, equipment and material necessary to provide the Services, including any",10.99,0,0,115,BODY
SHORT FORM CONSULTANT AGREEMENT.pdf,5,"licenses, bonds, permits, or other items required for Consultant to perform Services.",10.99,0,0,85,BODY
SHORT FORM CONSULTANT AGREEMENT.pdf,5,"Service Fees: Consultant will be paid a total of ninety five thousand dollars (US $95,000) in United States",10.99,1,0,107,BODY
SHORT FORM CONSULTANT AGREEMENT.pdf,5,currency for the Services to be provided pursuant to the terms of this Agreement. Consultant will be paid in,10.99,0,0,108,BODY
SHORT FORM CONSULTANT AGREEMENT.pdf,5,accordance with the Fee Schedule indentified below.,10.99,0,0,51,BODY
SHORT FORM CONSULTANT AGREEMENT.pdf,5,"Fee Schedule: Consultant will be paid by Company for Services at a rate of $7,916.67 per month. Consultant will",10.99,1,0,111,BODY
SHORT FORM CONSULTANT AGREEMENT.pdf,5,be paid on the first day of each month for the work performed in the previous month. All fees paid to Consultant,10.99,0,0,112,BODY
SHORT FORM CONSULTANT AGREEMENT.pdf,5,pursuant to the terms of this Agreement shall be paid to: Gabe Consulting Inc. via electronic wire transfer.,10.99,0,0,108,BODY
SHORT FORM CONSULTANT AGREEMENT.pdf,5,Expenses :,10.99,1,0,10,SECTION
SHORT FORM CONSULTANT AGREEMENT.pdf,5,Data Services - Consultant will be reimbursed for data services charged to his personal wireless services account,10.99,0,0,113,BODY
SHORT FORM CONSULTANT AGREEMENT.pdf,5,following the submission of an approved expense report in accordance with the Company’s policies and procedures.,10.99,0,0,112,BODY
SHORT FORM CONSULTANT AGREEMENT.pdf,5,In no event shall Consultant’s reimbursement for data services exceed $100.00 per month.,10.99,0,0,88,BODY
SHORT FORM CONSULTANT AGREEMENT.pdf,5,Other Expenses – Consultant shall be eligible for reimbursement for additional expenses incurred by Consultant for,10.99,0,0,114,BODY
SHORT FORM CONSULTANT AGREEMENT.pdf,5,purposes of performing the Services. Such reimbursement shall be in the sole and absolute discretion of the,10.99,0,0,107,BODY
SHORT FORM CONSULTANT AGREEMENT.pdf,5,"Company. In order to obtain a reimbursement pursuant to the terms of this provision, Consultant shall submit an",10.99,0,0,111,BODY
SHORT FORM CONSULTANT AGREEMENT.pdf,5,approved expense report in accordance with the Company’s policies and procedures. Upon receipt of such expense,10.99,0,0,110,BODY
SHORT FORM CONSULTANT AGREEMENT.pdf,5,"report, the Company shall make a determination in its sole and absolute discretion as to whether or not to reimburse",10.99,0,0,116,BODY
SHORT FORM CONSULTANT AGREEMENT.pdf,5,Consultant for such other expenses.,10.99,0,0,35,BODY
SHORT FORM CONSULTANT AGREEMENT.pdf,5,Consulting Agreement,10.0,0,0,20,BODY
SHORT FORM CONSULTANT AGREEMENT.pdf,5,5,10.0,0,0,1,BODY
SHORT FORM CONSULTANT AGREEMENT.pdf,6,EXHIBIT B,10.99,1,1,9,META
SHORT FORM CONSULTANT AGREEMENT.pdf,6,"CONFIDENTIALITY, NON-SOLICITATION, AND INVENTION ASSIGNMENT AGREEMENT",10.99,1,1,69,SECTION
SHORT FORM CONSULTANT AGREEMENT.pdf,6,Consulting Agreement,10.0,0,0,20,BODY
SHORT FORM CONSULTANT AGREEMENT.pdf,6,6,10.0,0,0,1,BODY
SHORT FORM CONSULTANT AGREEMENT.pdf,7,"eCRYPT TECHNOLOGIES, INC.",10.99,1,0,25,SECTION
SHORT FORM CONSULTANT AGREEMENT.pdf,7,"CONFIDENTIALITY, NON-SOLICITATION, AND INVENTION ASSIGNMENT AGREEMENT",10.99,1,1,69,SECTION
SHORT FORM CONSULTANT AGREEMENT.pdf,7,"THIS CONFIDENTIALITY, NON-SOLICITATION, AND INVENTION ASSIGNMENT AGREEMENT",10.99,0,1,74,SECTION
SHORT FORM CONSULTANT AGREEMENT.pdf,7,"(this “Agreement”) is entered into to be effective as of April 15, 2010 (“Effective Date”), between eCrypt",10.99,0,0,106,META
SHORT FORM CONSULTANT AGREEMENT.pdf,7,"Technologies, Inc., a Colorado corporation (“Company”) and Gabriel Rosu (“Consultant”) as a supplement to the",10.99,0,0,109,BODY
SHORT FORM CONSULTANT AGREEMENT.pdf,7,Consulting Agreement (“Consulting Agreement”) of even date herewith between Company and Consultant.,10.99,0,0,99,BODY
SHORT FORM CONSULTANT AGREEMENT.pdf,7,1. PROTECTION OF TRADE SECRETS AND CONFIDENTIAL INFORMATION.,10.99,1,1,60,SECTION
SHORT FORM CONSULTANT AGREEMENT.pdf,7,1.1 Definition of “Confidential Information.” “ Confidential Information ” means all nonpublic or,10.99,1,0,97,BODY
SHORT FORM CONSULTANT AGREEMENT.pdf,7,proprietary information relating to Company’s business or that of any Company customer. Examples of,10.99,0,0,99,BODY
SHORT FORM CONSULTANT AGREEMENT.pdf,7,"Confidential Information include (but are not limited to): trade secrets (as defined by C.R.S. § 7-74-102(4)),",10.99,0,0,110,BODY
SHORT FORM CONSULTANT AGREEMENT.pdf,7,"software (in source or object code form); reports, plans, specifications, information regarding products sold,",10.99,0,0,110,BODY
SHORT FORM CONSULTANT AGREEMENT.pdf,7,distributed or being developed by the Company and any other non-public information regarding Company’s current,10.99,0,0,110,BODY
SHORT FORM CONSULTANT AGREEMENT.pdf,7,"and developing technology; information regarding customers, prospective customers, clients, business contacts,",10.99,0,0,110,BODY
SHORT FORM CONSULTANT AGREEMENT.pdf,7,"prospective and executed contracts and subcontracts, marketing and/or sales plans, or any other plans and proposals",10.99,0,0,115,BODY
SHORT FORM CONSULTANT AGREEMENT.pdf,7,used by the Company in the course of its business; and any proprietary information regarding the Company or the,10.99,0,0,111,BODY
SHORT FORM CONSULTANT AGREEMENT.pdf,7,"Company’s present or future business plans, financial information (to include information regarding the Company’s",10.99,0,0,113,BODY
SHORT FORM CONSULTANT AGREEMENT.pdf,7,"profit margins), or any intellectual property, whether any of the foregoing is embodied in hard copy, computer-",10.99,0,0,111,BODY
SHORT FORM CONSULTANT AGREEMENT.pdf,7,"readable form, electronic, or otherwise.",10.99,0,0,40,BODY
SHORT FORM CONSULTANT AGREEMENT.pdf,7,"1.2 Consultant’s Use of Confidential Information. During Consultant’s engagement with Company,",10.99,1,0,94,BODY
SHORT FORM CONSULTANT AGREEMENT.pdf,7,"and for three (3) years after termination (for any reason), Consultant shall not, without Company’s prior written",10.99,0,0,113,BODY
SHORT FORM CONSULTANT AGREEMENT.pdf,7,"consent, directly or indirectly disclose or use any Confidential Information in any manner except as required in the",10.99,0,0,116,BODY
SHORT FORM CONSULTANT AGREEMENT.pdf,7,"course of engagement with Company. Consultant shall at all times during and after the term of this Agreement,",10.99,0,0,109,BODY
SHORT FORM CONSULTANT AGREEMENT.pdf,7,maintain the confidentiality of the Company’s Confidential Information. These restrictions do not apply if the,10.99,0,0,110,BODY
SHORT FORM CONSULTANT AGREEMENT.pdf,7,Confidential Information has been made generally available to the public by Company or becomes generally,10.99,0,0,104,BODY
SHORT FORM CONSULTANT AGREEMENT.pdf,7,available to the public through some other normal course of events.,10.99,0,0,67,BODY
SHORT FORM CONSULTANT AGREEMENT.pdf,7,1.3 Records Containing Confidential Information. “ Confidential Records ” means all documents,10.99,1,0,93,BODY
SHORT FORM CONSULTANT AGREEMENT.pdf,7,"and other records, including all copies, whether in paper, electronic or other form, that contain or reflect any",10.99,0,0,112,BODY
SHORT FORM CONSULTANT AGREEMENT.pdf,7,Confidential Information. All Confidential Records prepared by or provided to Consultant are and shall remain,10.99,0,0,109,BODY
SHORT FORM CONSULTANT AGREEMENT.pdf,7,Company’s property or the property of the Company’s customer to which they belong. For the duration of,10.99,0,0,102,BODY
SHORT FORM CONSULTANT AGREEMENT.pdf,7,"Consultant’s engagement with Company and three (3) years after termination (for any reason), Consultant shall not,",10.99,0,0,114,BODY
SHORT FORM CONSULTANT AGREEMENT.pdf,7,"without Company’s prior written consent, directly or indirectly: (i) copy or use any Confidential Record for any",10.99,0,0,112,BODY
SHORT FORM CONSULTANT AGREEMENT.pdf,7,"purpose not relating directly to Consultant’s work on Company’s behalf; or (ii) show, give, sell, disclose or",10.99,0,0,109,BODY
SHORT FORM CONSULTANT AGREEMENT.pdf,7,otherwise communicate any Confidential Record or the contents of any Confidential Record to any person or entity,10.99,0,0,112,BODY
SHORT FORM CONSULTANT AGREEMENT.pdf,7,other than Company or a person or entity authorized by Company to have access to the Confidential Record in,10.99,0,0,107,BODY
SHORT FORM CONSULTANT AGREEMENT.pdf,7,"question. This Agreement does not prohibit Consultant from complying with any subpoena or court order, provided",10.99,0,0,111,BODY
SHORT FORM CONSULTANT AGREEMENT.pdf,7,that Consultant shall at the earliest practicable date provide Company with a copy of the subpoena or court order,10.99,0,0,113,BODY
SHORT FORM CONSULTANT AGREEMENT.pdf,7,prior to disclosing Confidential Information or Confidential Records and take reasonable action to minimize the,10.99,0,0,111,BODY
SHORT FORM CONSULTANT AGREEMENT.pdf,7,extent of the disclosure.,10.99,0,0,25,BODY
SHORT FORM CONSULTANT AGREEMENT.pdf,7,"1.4 Consultant’s Former Employers’ Confidential Information. Consultant shall not, while a",10.99,1,0,90,BODY
SHORT FORM CONSULTANT AGREEMENT.pdf,7,"consultant of Company, improperly use or disclose to Company or any Company employee, agent or contractor any",10.99,0,0,109,BODY
SHORT FORM CONSULTANT AGREEMENT.pdf,7,confidential or proprietary information or trade secret belonging to any former employer of Consultant or any other,10.99,0,0,115,BODY
SHORT FORM CONSULTANT AGREEMENT.pdf,7,person or entity to which Consultant owes a duty of nondisclosure.,10.99,0,0,66,BODY
SHORT FORM CONSULTANT AGREEMENT.pdf,7,"1.5 Return of Material. Consultant agrees that, upon request of Company or upon termination",10.99,1,0,91,BODY
SHORT FORM CONSULTANT AGREEMENT.pdf,7,"(whether voluntary or involuntary), Consultant shall immediately turn over to Company all Confidential",10.99,0,0,102,BODY
SHORT FORM CONSULTANT AGREEMENT.pdf,7,"Information or Confidential Records, including all copies, and other property belonging to Company or any of its",10.99,0,0,112,BODY
SHORT FORM CONSULTANT AGREEMENT.pdf,7,"Confidentiality, Non-Solicitation, and Invention Assignment Agreement",10.0,0,0,69,BODY
SHORT FORM CONSULTANT AGREEMENT.pdf,7,1,10.0,0,0,1,BODY
SHORT FORM CONSULTANT AGREEMENT.pdf,8,"customers, including documents, disks, or other computer media in Consultant’s possession or under his/her",10.99,0,0,106,BODY
SHORT FORM CONSULTANT AGREEMENT.pdf,8,"control. Such material to be returned may contain or be derived from ideas, concepts, creations, inventions, trade",10.99,0,0,114,BODY
SHORT FORM CONSULTANT AGREEMENT.pdf,8,"secrets or other proprietary or Confidential Information, or be connected with or relate to Consultant’s services to",10.99,0,0,116,BODY
SHORT FORM CONSULTANT AGREEMENT.pdf,8,Company or any of its customers.,10.99,0,0,32,BODY
SHORT FORM CONSULTANT AGREEMENT.pdf,8,2. DISCLOSURE AND ASSIGNMENT OF INVENTIONS.,10.99,1,1,43,SECTION
SHORT FORM CONSULTANT AGREEMENT.pdf,8,"2.1 Definition of Company Inventions. “ Company Inventions ” means all ideas, processes,",10.99,1,0,88,BODY
SHORT FORM CONSULTANT AGREEMENT.pdf,8,"trademarks and service marks, trade secrets, copyrights, patents, inventions, discoveries, processes and",10.99,0,0,104,BODY
SHORT FORM CONSULTANT AGREEMENT.pdf,8,"improvements to any of the foregoing, that Consultant learns of, conceives, develops or creates alone or with others",10.99,0,0,116,BODY
SHORT FORM CONSULTANT AGREEMENT.pdf,8,"during Consultant’s engagement with Company (whether or not conceived, developed or created during regular",10.99,0,0,106,BODY
SHORT FORM CONSULTANT AGREEMENT.pdf,8,"working hours) that directly or indirectly arise from or relate to: (i) Company’s business, products, software, or",10.99,0,0,114,BODY
SHORT FORM CONSULTANT AGREEMENT.pdf,8,"services; (ii) work performed for Company by Consultant or any other Company officer, consultant, agent,",10.99,0,0,104,BODY
SHORT FORM CONSULTANT AGREEMENT.pdf,8,"contractor or subcontractor; (iii) the use of Company’s products, equipment, software, or time; or (iv) access to",10.99,0,0,113,BODY
SHORT FORM CONSULTANT AGREEMENT.pdf,8,Confidential Information and/or Confidential Records belonging to Company or a Company customer.,10.99,0,0,96,BODY
SHORT FORM CONSULTANT AGREEMENT.pdf,8,"2.2 Disclosure of Company Inventions. Whether upon Company’s request or voluntarily, Consultant",10.99,1,0,95,BODY
SHORT FORM CONSULTANT AGREEMENT.pdf,8,"shall promptly disclose to Company or its designee all Company Inventions that Consultant has created, contributed",10.99,0,0,114,BODY
SHORT FORM CONSULTANT AGREEMENT.pdf,8,"to or knows about, regardless of the nature of that knowledge, and regardless of whether such Company Invention,",10.99,0,0,112,BODY
SHORT FORM CONSULTANT AGREEMENT.pdf,8,"or any aspect of such Company Invention, has been described, committed to writing, or reduced to practice, in",10.99,0,0,109,BODY
SHORT FORM CONSULTANT AGREEMENT.pdf,8,"whole or part, by any other person. At all other times, Consultant will treat any Company Invention as Confidential",10.99,0,0,115,BODY
SHORT FORM CONSULTANT AGREEMENT.pdf,8,"Information, as that term is defined in Section 1.1 above.",10.99,0,0,58,BODY
SHORT FORM CONSULTANT AGREEMENT.pdf,8,"2.3 Assignment. Consultant agrees to assign and hereby assigns to Company all right, title and interest",10.99,1,0,103,BODY
SHORT FORM CONSULTANT AGREEMENT.pdf,8,"to all Company Inventions, which shall be the sole and exclusive property of Company whether or not subject to",10.99,0,0,110,BODY
SHORT FORM CONSULTANT AGREEMENT.pdf,8,"patent, copyright, trademark or trade secret protection. Consultant also acknowledges that all original works of",10.99,0,0,112,BODY
SHORT FORM CONSULTANT AGREEMENT.pdf,8,"authorship that are made by Consultant (solely or jointly with others), within the scope of Consultant’s engagement",10.99,0,0,115,BODY
SHORT FORM CONSULTANT AGREEMENT.pdf,8,"with Company, and that are protectable by copyright, are “works made for hire,” as that term is defined in the",10.99,0,0,110,BODY
SHORT FORM CONSULTANT AGREEMENT.pdf,8,"United States Copyright Act. To the extent that any such works, by operation of law, cannot be “works made for",10.99,0,0,110,BODY
SHORT FORM CONSULTANT AGREEMENT.pdf,8,"hire,” Consultant hereby assigns to Company all right, title, and interest in and to such works and to any related",10.99,0,0,114,BODY
SHORT FORM CONSULTANT AGREEMENT.pdf,8,copyrights. The consideration for such assignment and the assistance provided in Section 2.3 shall be the normal,10.99,0,0,112,BODY
SHORT FORM CONSULTANT AGREEMENT.pdf,8,compensation due Consultant by virtue of his/her service to Company.,10.99,0,0,68,BODY
SHORT FORM CONSULTANT AGREEMENT.pdf,8,"2.4 Additional Instruments. Consultant shall promptly execute, acknowledge and deliver to",10.99,1,0,89,BODY
SHORT FORM CONSULTANT AGREEMENT.pdf,8,Company all additional instruments or documents that Company determines at any time to be necessary to carry out,10.99,0,0,112,BODY
SHORT FORM CONSULTANT AGREEMENT.pdf,8,"the intentions of this Section. Furthermore, whether during or after Consultant’s engagement with Company,",10.99,0,0,106,BODY
SHORT FORM CONSULTANT AGREEMENT.pdf,8,"Consultant hereby agrees to perform any acts deemed necessary or desirable by Company to assist it in obtaining,",10.99,0,0,112,BODY
SHORT FORM CONSULTANT AGREEMENT.pdf,8,"maintaining, defending and enforcing any rights and/or assignment of an Company Invention. Consultant shall not",10.99,0,0,111,BODY
SHORT FORM CONSULTANT AGREEMENT.pdf,8,"be held responsible, accountable or liable for any or all expenses incurred in fulfilling the acts deemed necessary to",10.99,0,0,118,BODY
SHORT FORM CONSULTANT AGREEMENT.pdf,8,carry out the intentions of this Section.,10.99,0,0,41,BODY
SHORT FORM CONSULTANT AGREEMENT.pdf,8,"2.5 Pre-existing Inventions. It is agreed that Consultant shall retain all right, title and interest in and",10.99,1,0,107,BODY
SHORT FORM CONSULTANT AGREEMENT.pdf,8,"to inventions that Consultant created and owned prior to his/her service to Company, if any, as listed on Schedule 1,",10.99,0,0,117,BODY
SHORT FORM CONSULTANT AGREEMENT.pdf,8,"which may be amended if necessary, or which Consultant may otherwise prove by clear and convincing evidence",10.99,0,0,107,BODY
SHORT FORM CONSULTANT AGREEMENT.pdf,8,Consultant created and owned prior to his/her service to Company. Consultant shall disclose and assign to,10.99,0,0,105,BODY
SHORT FORM CONSULTANT AGREEMENT.pdf,8,Company any modifications or improvements to such inventions that are developed during his/her engagement with,10.99,0,0,110,BODY
SHORT FORM CONSULTANT AGREEMENT.pdf,8,Company (and become Company Inventions) in accordance with Sections 2.3 and 2.5.,10.99,0,0,80,BODY
SHORT FORM CONSULTANT AGREEMENT.pdf,8,3. NON-SOLICITATION. During Consultant’s engagement with Company (or other affiliation with,10.99,1,0,91,SECTION
SHORT FORM CONSULTANT AGREEMENT.pdf,8,"Company) and for twelve (12) months after termination, for any reason, Consultant shall not without Company’s",10.99,0,0,109,BODY
SHORT FORM CONSULTANT AGREEMENT.pdf,8,"prior written consent (or outside of the scope of Consultant’s engagement), directly or indirectly:",10.99,0,0,99,BODY
SHORT FORM CONSULTANT AGREEMENT.pdf,8,"Confidentiality, Non-Solicitation, and Invention Assignment Agreement",10.0,0,0,69,BODY
SHORT FORM CONSULTANT AGREEMENT.pdf,8,2,10.0,0,0,1,BODY
SHORT FORM CONSULTANT AGREEMENT.pdf,8,( ) l b f C,10.99,0,0,11,BODY
SHORT FORM CONSULTANT AGREEMENT.pdf,9,"(a) cause or attempt to cause any consultant, agent, contractor or subcontractor of Company, or any",10.99,0,0,99,BODY
SHORT FORM CONSULTANT AGREEMENT.pdf,9,"Company customer, to terminate his or her engagement, agency, contractor or subcontractor relationship with",10.99,0,0,107,BODY
SHORT FORM CONSULTANT AGREEMENT.pdf,9,Company or any Company customer; interfere or attempt to interfere with the relationship between Company and,10.99,0,0,108,BODY
SHORT FORM CONSULTANT AGREEMENT.pdf,9,"any Consultant, agent, contractor or subcontractor; or attempt to hire any Consultant, agent, contractor, or",10.99,0,0,108,BODY
SHORT FORM CONSULTANT AGREEMENT.pdf,9,subcontractor of Company or any Company customer; or,10.99,0,0,52,BODY
SHORT FORM CONSULTANT AGREEMENT.pdf,9,"(b) solicit business from or conduct business with any customer, suppliers, or affiliates of the Company",10.99,0,0,104,BODY
SHORT FORM CONSULTANT AGREEMENT.pdf,9,at any point during Consultant’s engagement; solicit business from or conduct any business with any person or,10.99,0,0,109,BODY
SHORT FORM CONSULTANT AGREEMENT.pdf,9,"entity that was, during Consultant’s engagement, solicited or identified as a business prospect by Consultant or any",10.99,0,0,116,BODY
SHORT FORM CONSULTANT AGREEMENT.pdf,9,"other Company consultant, agent or consultant; or interfere or attempt to interfere with any transaction, agreement,",10.99,0,0,116,BODY
SHORT FORM CONSULTANT AGREEMENT.pdf,9,"prospective agreement, business opportunity or business relationship in which Company or any customer was",10.99,0,0,105,BODY
SHORT FORM CONSULTANT AGREEMENT.pdf,9,involved at any point during Consultant’s engagement.,10.99,0,0,53,BODY
SHORT FORM CONSULTANT AGREEMENT.pdf,9,4. SURVIVAL. Consultant’s obligations under this Agreement shall survive the termination of Consultant’s,10.99,1,0,104,SECTION
SHORT FORM CONSULTANT AGREEMENT.pdf,9,engagement with Company regardless of the reason for the termination and whether the termination was voluntary,10.99,0,0,110,BODY
SHORT FORM CONSULTANT AGREEMENT.pdf,9,or involuntary on the part of the Consultant. Company is also entitled to communicate Consultant’s obligations,10.99,0,0,110,BODY
SHORT FORM CONSULTANT AGREEMENT.pdf,9,under sections 1 through 3 of this Agreement to Consultant’s future or potential employer.,10.99,0,0,90,BODY
SHORT FORM CONSULTANT AGREEMENT.pdf,9,"5. REMEDIES . Consultant acknowledges that if he or she breaches any obligation under this Agreement,",10.99,1,0,101,SECTION
SHORT FORM CONSULTANT AGREEMENT.pdf,9,"including a breach of provisions regarding confidentiality, non-solicitation and disclosure of inventions, Company",10.99,0,0,114,BODY
SHORT FORM CONSULTANT AGREEMENT.pdf,9,will suffer immediate and irreparable harm and damage and that a remedy at law would be inadequate. Consultant,10.99,0,0,110,BODY
SHORT FORM CONSULTANT AGREEMENT.pdf,9,"therefore agrees that upon such breach or threatened breach of any obligation under this Agreement, in addition to",10.99,0,0,114,BODY
SHORT FORM CONSULTANT AGREEMENT.pdf,9,"any and all legal remedies, Company shall be entitled to any injunctive relief available, in order to prevent or",10.99,0,0,112,BODY
SHORT FORM CONSULTANT AGREEMENT.pdf,9,"restrain any such breach by Consultant or by Consultant’s partners, agents, representatives, servants, Consultants,",10.99,0,0,115,BODY
SHORT FORM CONSULTANT AGREEMENT.pdf,9,and/or any and all persons directly or indirectly acting for or with Consultant. This paragraph shall not be,10.99,0,0,108,BODY
SHORT FORM CONSULTANT AGREEMENT.pdf,9,"construed as an election of any remedy, or as a waiver of any right available to company under this agreement or",10.99,0,0,112,BODY
SHORT FORM CONSULTANT AGREEMENT.pdf,9,"the law, including the right to seek damages from Consultant for a breach of any provision of this Agreement.",10.99,0,0,109,BODY
SHORT FORM CONSULTANT AGREEMENT.pdf,9,"6. ENTIRE AGREEMENT. This Agreement and the Schedule attached hereto, along with the Consulting",10.99,1,0,95,SECTION
SHORT FORM CONSULTANT AGREEMENT.pdf,9,"Agreement, sets forth the entire agreement between the parties and supersedes any and all prior agreements or",10.99,0,0,109,BODY
SHORT FORM CONSULTANT AGREEMENT.pdf,9,"representations, written or oral, of the parties with respect to the subject matter of this Agreement. In the event of",10.99,0,0,118,BODY
SHORT FORM CONSULTANT AGREEMENT.pdf,9,"any direct conflict between any term of this Agreement and any term of any other agreement either written or oral,",10.99,0,0,114,BODY
SHORT FORM CONSULTANT AGREEMENT.pdf,9,"the terms of this Agreement shall control, unless explicitly stated otherwise in the subsequent agreement. If",10.99,0,0,109,BODY
SHORT FORM CONSULTANT AGREEMENT.pdf,9,Consultant signed or signs any other agreement(s) relating to or arising from Consultant’s service to or engagement,10.99,0,0,115,META
SHORT FORM CONSULTANT AGREEMENT.pdf,9,"with Company, provisions of such agreement(s) that do not directly conflict with a provision of this Agreement",10.99,0,0,110,BODY
SHORT FORM CONSULTANT AGREEMENT.pdf,9,"shall not be affected, modified or superseded by this Agreement, but rather shall remain fully enforceable according",10.99,0,0,116,BODY
SHORT FORM CONSULTANT AGREEMENT.pdf,9,to their terms.,10.99,0,0,15,BODY
SHORT FORM CONSULTANT AGREEMENT.pdf,9,7. MODIFICATION . This Agreement can only be modified by a subsequent written agreement executed by,10.99,1,0,99,SECTION
SHORT FORM CONSULTANT AGREEMENT.pdf,9,a duly authorized officer of Company.,10.99,0,0,37,BODY
SHORT FORM CONSULTANT AGREEMENT.pdf,9,"8. HEIRS AND ASSIGNS . In light of the unique personal services to be performed by Consultant hereunder,",10.99,1,0,104,SECTION
SHORT FORM CONSULTANT AGREEMENT.pdf,9,it is acknowledged and agreed that any purported or attempted assignment or transfer by Consultant of this,10.99,0,0,106,BODY
SHORT FORM CONSULTANT AGREEMENT.pdf,9,Agreement or any of Consultant’s responsibilities or obligations hereunder shall be void. The Company in its sole,10.99,0,0,113,BODY
SHORT FORM CONSULTANT AGREEMENT.pdf,9,"discretion may assign this Agreement to any parent, subsidiary, affiliate or successor of Company without prior",10.99,0,0,111,BODY
SHORT FORM CONSULTANT AGREEMENT.pdf,9,written consent of Consultant.,10.99,0,0,30,BODY
SHORT FORM CONSULTANT AGREEMENT.pdf,9,"9. GOVERNING LAW AND VENUE. The validity, enforceability, construction and interpretation of this",10.99,1,0,97,SECTION
SHORT FORM CONSULTANT AGREEMENT.pdf,9,Agreement are governed by the laws of the State of Colorado. The parties also agree that in the event a dispute,10.99,0,0,111,BODY
SHORT FORM CONSULTANT AGREEMENT.pdf,9,"arises regarding this Agreement, the parties will submit to the jurisdiction of the courts of the State of Colorado.",10.99,0,0,116,BODY
SHORT FORM CONSULTANT AGREEMENT.pdf,9,Consultant expressly waives any objection as to jurisdiction or venue in the courts of the State of Colorado.,10.99,0,0,109,BODY
SHORT FORM CONSULTANT AGREEMENT.pdf,9,"Confidentiality, Non-Solicitation, and Invention Assignment Agreement",10.0,0,0,69,BODY
SHORT FORM CONSULTANT AGREEMENT.pdf,9,3,10.0,0,0,1,BODY
SHORT FORM CONSULTANT AGREEMENT.pdf,9,10 SEVERABILITY If f j i di i d l i i f hi A i lid,10.99,1,0,50,BODY
SHORT FORM CONSULTANT AGREEMENT.pdf,10,10. SEVERABILITY . If any court of competent jurisdiction declares any provision of this Agreement invalid,10.99,1,0,106,SECTION
SHORT FORM CONSULTANT AGREEMENT.pdf,10,"or unenforceable, the remainder of this Agreement shall remain fully enforceable. To the extent that any court",10.99,0,0,110,BODY
SHORT FORM CONSULTANT AGREEMENT.pdf,10,"concludes that any provision of this Agreement is void or voidable, the court shall reform such provision(s) to",10.99,0,0,111,BODY
SHORT FORM CONSULTANT AGREEMENT.pdf,10,"render the provision(s) enforceable, but only to the extent absolutely necessary to render the provision(s)",10.99,0,0,107,BODY
SHORT FORM CONSULTANT AGREEMENT.pdf,10,enforceable and only in view of the parties’ express desire that company be protected to the greatest extent allowed,10.99,0,0,116,BODY
SHORT FORM CONSULTANT AGREEMENT.pdf,10,"by law from unfair competition and/or the misuse or disclosure of confidential records, confidential information",10.99,0,0,112,BODY
SHORT FORM CONSULTANT AGREEMENT.pdf,10,and/or company inventions.,10.99,0,0,26,BODY
SHORT FORM CONSULTANT AGREEMENT.pdf,10,"11. HEADINGS . The headings herein are inserted only as a matter of convenience and reference, and in no",10.99,1,0,104,SECTION
SHORT FORM CONSULTANT AGREEMENT.pdf,10,"way define or describe the scope of the Agreement, or the intent of any provisions hereof.",10.99,0,0,90,BODY
SHORT FORM CONSULTANT AGREEMENT.pdf,10,"12. COUNTERPARTS . This Agreement may be executed in one or more counterparts, each of which shall be",10.99,1,0,101,SECTION
SHORT FORM CONSULTANT AGREEMENT.pdf,10,"deemed an original, and all of which taken together shall constitute one and the same instrument, notwithstanding",10.99,0,0,113,BODY
SHORT FORM CONSULTANT AGREEMENT.pdf,10,the fact that all parties are not signatory to the same original or counterpart.,10.99,0,0,80,BODY
SHORT FORM CONSULTANT AGREEMENT.pdf,10,"13. AGREEMENT READ, UNDERSTOOD, AND FAIR. Consultant has carefully read and considered all",10.99,1,0,90,SECTION
SHORT FORM CONSULTANT AGREEMENT.pdf,10,provisions of this Agreement and agrees that all of the restrictions set forth herein are fair and reasonable and,10.99,0,0,113,BODY
SHORT FORM CONSULTANT AGREEMENT.pdf,10,reasonably required to protect Company’s interests.,10.99,0,0,51,BODY
SHORT FORM CONSULTANT AGREEMENT.pdf,10,"IN WITNESS WHEREOF, the parties, intending to be legally bound, have caused this Agreement to be",10.99,0,0,96,META
SHORT FORM CONSULTANT AGREEMENT.pdf,10,executed on the dates set forth below.,10.99,0,0,38,BODY
SHORT FORM CONSULTANT AGREEMENT.pdf,10,"eCrypt Technologies, Inc.: Gabriel Rosu",10.99,1,0,39,SECTION
SHORT FORM CONSULTANT AGREEMENT.pdf,10,/s/ Brad Lever /s/ Gabriel Rosu,10.99,0,0,31,BODY
SHORT FORM CONSULTANT AGREEMENT.pdf,10,"By: Brad Lever By: Gabriel Rosu, Individually",10.99,0,0,45,BODY
SHORT FORM CONSULTANT AGREEMENT.pdf,10,"Its: Chief Executive Officer Date: May 26, 2010",10.99,0,0,47,META
SHORT FORM CONSULTANT AGREEMENT.pdf,10,"Date: May 26, 2010",10.99,0,0,18,META
SHORT FORM CONSULTANT AGREEMENT.pdf,10,"Confidentiality, Non-Solicitation, and Invention Assignment Agreement",10.0,0,0,69,BODY
SHORT FORM CONSULTANT AGREEMENT.pdf,10,4,10.0,0,0,1,BODY
SHORT FORM CONSULTANT AGREEMENT.pdf,11,SCHEDULE 1,10.99,1,1,10,HEADING
SHORT FORM CONSULTANT AGREEMENT.pdf,11,PRE-EXISTING INVENTIONS,10.99,1,1,23,HEADING
SHORT FORM CONSULTANT AGREEMENT.pdf,11,"Confidentiality, Non-Solicitation, and Invention Assignment Agreement",10.0,0,0,69,BODY
SHORT FORM CONSULTANT AGREEMENT.pdf,11,5,10.0,0,0,1,BODY
